0,61600
4,39200
8,20000
20000,0
20004,1
20008,2
20012,3
20016,4
20020,5
20024,6
20028,7
20032,8
20036,9
20040,10
20044,11
20048,12
20052,13
20056,14
20060,15
20064,16
20068,17
20072,18
20076,19
20080,20
20084,21
20088,22
20092,23
20096,24
20100,25
20104,26
20108,27
20112,28
20116,29
20120,30
20124,31
20128,32
20132,33
20136,34
20140,35
20144,36
20148,37
20152,38
20156,39
20160,40
20164,41
20168,42
20172,43
20176,44
20180,45
20184,46
20188,47
20192,48
20196,49
20200,50
20204,51
20208,52
20212,53
20216,54
20220,55
20224,56
20228,57
20232,58
20236,59
20240,60
20244,61
20248,62
20252,63
20256,64
20260,65
20264,66
20268,67
20272,68
20276,69
20280,70
20284,71
20288,72
20292,73
20296,74
20300,75
20304,76
20308,77
20312,78
20316,79
20320,80
20324,81
20328,82
20332,83
20336,84
20340,85
20344,86
20348,87
20352,88
20356,89
20360,90
20364,91
20368,92
20372,93
20376,94
20380,95
20384,96
20388,97
20392,98
20396,99
20400,100
20404,101
20408,102
20412,103
20416,104
20420,105
20424,106
20428,107
20432,108
20436,109
20440,110
20444,111
20448,112
20452,113
20456,114
20460,115
20464,116
20468,117
20472,118
20476,119
20480,120
20484,121
20488,122
20492,123
20496,124
20500,125
20504,126
20508,127
20512,128
20516,129
20520,130
20524,131
20528,132
20532,133
20536,134
20540,135
20544,136
20548,137
20552,138
20556,139
20560,140
20564,141
20568,142
20572,143
20576,144
20580,145
20584,146
20588,147
20592,148
20596,149
20600,150
20604,151
20608,152
20612,153
20616,154
20620,155
20624,156
20628,157
20632,158
20636,159
20640,160
20644,161
20648,162
20652,163
20656,164
20660,165
20664,166
20668,167
20672,168
20676,169
20680,170
20684,171
20688,172
20692,173
20696,174
20700,175
20704,176
20708,177
20712,178
20716,179
20720,180
20724,181
20728,182
20732,183
20736,184
20740,185
20744,186
20748,187
20752,188
20756,189
20760,190
20764,191
20768,192
20772,193
20776,194
20780,195
20784,196
20788,197
20792,198
20796,199
20800,200
20804,201
20808,202
20812,203
20816,204
20820,205
20824,206
20828,207
20832,208
20836,209
20840,210
20844,211
20848,212
20852,213
20856,214
20860,215
20864,216
20868,217
20872,218
20876,219
20880,220
20884,221
20888,222
20892,223
20896,224
20900,225
20904,226
20908,227
20912,228
20916,229
20920,230
20924,231
20928,232
20932,233
20936,234
20940,235
20944,236
20948,237
20952,238
20956,239
20960,240
20964,241
20968,242
20972,243
20976,244
20980,245
20984,246
20988,247
20992,248
20996,249
21000,250
21004,251
21008,252
21012,253
21016,254
21020,255
21024,256
21028,257
21032,258
21036,259
21040,260
21044,261
21048,262
21052,263
21056,264
21060,265
21064,266
21068,267
21072,268
21076,269
21080,270
21084,271
21088,272
21092,273
21096,274
21100,275
21104,276
21108,277
21112,278
21116,279
21120,280
21124,281
21128,282
21132,283
21136,284
21140,285
21144,286
21148,287
21152,288
21156,289
21160,290
21164,291
21168,292
21172,293
21176,294
21180,295
21184,296
21188,297
21192,298
21196,299
21200,300
21204,301
21208,302
21212,303
21216,304
21220,305
21224,306
21228,307
21232,308
21236,309
21240,310
21244,311
21248,312
21252,313
21256,314
21260,315
21264,316
21268,317
21272,318
21276,319
21280,320
21284,321
21288,322
21292,323
21296,324
21300,325
21304,326
21308,327
21312,328
21316,329
21320,330
21324,331
21328,332
21332,333
21336,334
21340,335
21344,336
21348,337
21352,338
21356,339
21360,340
21364,341
21368,342
21372,343
21376,344
21380,345
21384,346
21388,347
21392,348
21396,349
21400,350
21404,351
21408,352
21412,353
21416,354
21420,355
21424,356
21428,357
21432,358
21436,359
21440,360
21444,361
21448,362
21452,363
21456,364
21460,365
21464,366
21468,367
21472,368
21476,369
21480,370
21484,371
21488,372
21492,373
21496,374
21500,375
21504,376
21508,377
21512,378
21516,379
21520,380
21524,381
21528,382
21532,383
21536,384
21540,385
21544,386
21548,387
21552,388
21556,389
21560,390
21564,391
21568,392
21572,393
21576,394
21580,395
21584,396
21588,397
21592,398
21596,399
21600,400
21604,401
21608,402
21612,403
21616,404
21620,405
21624,406
21628,407
21632,408
21636,409
21640,410
21644,411
21648,412
21652,413
21656,414
21660,415
21664,416
21668,417
21672,418
21676,419
21680,420
21684,421
21688,422
21692,423
21696,424
21700,425
21704,426
21708,427
21712,428
21716,429
21720,430
21724,431
21728,432
21732,433
21736,434
21740,435
21744,436
21748,437
21752,438
21756,439
21760,440
21764,441
21768,442
21772,443
21776,444
21780,445
21784,446
21788,447
21792,448
21796,449
21800,450
21804,451
21808,452
21812,453
21816,454
21820,455
21824,456
21828,457
21832,458
21836,459
21840,460
21844,461
21848,462
21852,463
21856,464
21860,465
21864,466
21868,467
21872,468
21876,469
21880,470
21884,471
21888,472
21892,473
21896,474
21900,475
21904,476
21908,477
21912,478
21916,479
21920,480
21924,481
21928,482
21932,483
21936,484
21940,485
21944,486
21948,487
21952,488
21956,489
21960,490
21964,491
21968,492
21972,493
21976,494
21980,495
21984,496
21988,497
21992,498
21996,499
22000,500
22004,501
22008,502
22012,503
22016,504
22020,505
22024,506
22028,507
22032,508
22036,509
22040,510
22044,511
22048,512
22052,513
22056,514
22060,515
22064,516
22068,517
22072,518
22076,519
22080,520
22084,521
22088,522
22092,523
22096,524
22100,525
22104,526
22108,527
22112,528
22116,529
22120,530
22124,531
22128,532
22132,533
22136,534
22140,535
22144,536
22148,537
22152,538
22156,539
22160,540
22164,541
22168,542
22172,543
22176,544
22180,545
22184,546
22188,547
22192,548
22196,549
22200,550
22204,551
22208,552
22212,553
22216,554
22220,555
22224,556
22228,557
22232,558
22236,559
22240,560
22244,561
22248,562
22252,563
22256,564
22260,565
22264,566
22268,567
22272,568
22276,569
22280,570
22284,571
22288,572
22292,573
22296,574
22300,575
22304,576
22308,577
22312,578
22316,579
22320,580
22324,581
22328,582
22332,583
22336,584
22340,585
22344,586
22348,587
22352,588
22356,589
22360,590
22364,591
22368,592
22372,593
22376,594
22380,595
22384,596
22388,597
22392,598
22396,599
22400,600
22404,601
22408,602
22412,603
22416,604
22420,605
22424,606
22428,607
22432,608
22436,609
22440,610
22444,611
22448,612
22452,613
22456,614
22460,615
22464,616
22468,617
22472,618
22476,619
22480,620
22484,621
22488,622
22492,623
22496,624
22500,625
22504,626
22508,627
22512,628
22516,629
22520,630
22524,631
22528,632
22532,633
22536,634
22540,635
22544,636
22548,637
22552,638
22556,639
22560,640
22564,641
22568,642
22572,643
22576,644
22580,645
22584,646
22588,647
22592,648
22596,649
22600,650
22604,651
22608,652
22612,653
22616,654
22620,655
22624,656
22628,657
22632,658
22636,659
22640,660
22644,661
22648,662
22652,663
22656,664
22660,665
22664,666
22668,667
22672,668
22676,669
22680,670
22684,671
22688,672
22692,673
22696,674
22700,675
22704,676
22708,677
22712,678
22716,679
22720,680
22724,681
22728,682
22732,683
22736,684
22740,685
22744,686
22748,687
22752,688
22756,689
22760,690
22764,691
22768,692
22772,693
22776,694
22780,695
22784,696
22788,697
22792,698
22796,699
22800,700
22804,701
22808,702
22812,703
22816,704
22820,705
22824,706
22828,707
22832,708
22836,709
22840,710
22844,711
22848,712
22852,713
22856,714
22860,715
22864,716
22868,717
22872,718
22876,719
22880,720
22884,721
22888,722
22892,723
22896,724
22900,725
22904,726
22908,727
22912,728
22916,729
22920,730
22924,731
22928,732
22932,733
22936,734
22940,735
22944,736
22948,737
22952,738
22956,739
22960,740
22964,741
22968,742
22972,743
22976,744
22980,745
22984,746
22988,747
22992,748
22996,749
23000,750
23004,751
23008,752
23012,753
23016,754
23020,755
23024,756
23028,757
23032,758
23036,759
23040,760
23044,761
23048,762
23052,763
23056,764
23060,765
23064,766
23068,767
23072,768
23076,769
23080,770
23084,771
23088,772
23092,773
23096,774
23100,775
23104,776
23108,777
23112,778
23116,779
23120,780
23124,781
23128,782
23132,783
23136,784
23140,785
23144,786
23148,787
23152,788
23156,789
23160,790
23164,791
23168,792
23172,793
23176,794
23180,795
23184,796
23188,797
23192,798
23196,799
23200,800
23204,801
23208,802
23212,803
23216,804
23220,805
23224,806
23228,807
23232,808
23236,809
23240,810
23244,811
23248,812
23252,813
23256,814
23260,815
23264,816
23268,817
23272,818
23276,819
23280,820
23284,821
23288,822
23292,823
23296,824
23300,825
23304,826
23308,827
23312,828
23316,829
23320,830
23324,831
23328,832
23332,833
23336,834
23340,835
23344,836
23348,837
23352,838
23356,839
23360,840
23364,841
23368,842
23372,843
23376,844
23380,845
23384,846
23388,847
23392,848
23396,849
23400,850
23404,851
23408,852
23412,853
23416,854
23420,855
23424,856
23428,857
23432,858
23436,859
23440,860
23444,861
23448,862
23452,863
23456,864
23460,865
23464,866
23468,867
23472,868
23476,869
23480,870
23484,871
23488,872
23492,873
23496,874
23500,875
23504,876
23508,877
23512,878
23516,879
23520,880
23524,881
23528,882
23532,883
23536,884
23540,885
23544,886
23548,887
23552,888
23556,889
23560,890
23564,891
23568,892
23572,893
23576,894
23580,895
23584,896
23588,897
23592,898
23596,899
23600,900
23604,901
23608,902
23612,903
23616,904
23620,905
23624,906
23628,907
23632,908
23636,909
23640,910
23644,911
23648,912
23652,913
23656,914
23660,915
23664,916
23668,917
23672,918
23676,919
23680,920
23684,921
23688,922
23692,923
23696,924
23700,925
23704,926
23708,927
23712,928
23716,929
23720,930
23724,931
23728,932
23732,933
23736,934
23740,935
23744,936
23748,937
23752,938
23756,939
23760,940
23764,941
23768,942
23772,943
23776,944
23780,945
23784,946
23788,947
23792,948
23796,949
23800,950
23804,951
23808,952
23812,953
23816,954
23820,955
23824,956
23828,957
23832,958
23836,959
23840,960
23844,961
23848,962
23852,963
23856,964
23860,965
23864,966
23868,967
23872,968
23876,969
23880,970
23884,971
23888,972
23892,973
23896,974
23900,975
23904,976
23908,977
23912,978
23916,979
23920,980
23924,981
23928,982
23932,983
23936,984
23940,985
23944,986
23948,987
23952,988
23956,989
23960,990
23964,991
23968,992
23972,993
23976,994
23980,995
23984,996
23988,997
23992,998
23996,999
24000,1000
24004,1001
24008,1002
24012,1003
24016,1004
24020,1005
24024,1006
24028,1007
24032,1008
24036,1009
24040,1010
24044,1011
24048,1012
24052,1013
24056,1014
24060,1015
24064,1016
24068,1017
24072,1018
24076,1019
24080,1020
24084,1021
24088,1022
24092,1023
24096,1024
24100,1025
24104,1026
24108,1027
24112,1028
24116,1029
24120,1030
24124,1031
24128,1032
24132,1033
24136,1034
24140,1035
24144,1036
24148,1037
24152,1038
24156,1039
24160,1040
24164,1041
24168,1042
24172,1043
24176,1044
24180,1045
24184,1046
24188,1047
24192,1048
24196,1049
24200,1050
24204,1051
24208,1052
24212,1053
24216,1054
24220,1055
24224,1056
24228,1057
24232,1058
24236,1059
24240,1060
24244,1061
24248,1062
24252,1063
24256,1064
24260,1065
24264,1066
24268,1067
24272,1068
24276,1069
24280,1070
24284,1071
24288,1072
24292,1073
24296,1074
24300,1075
24304,1076
24308,1077
24312,1078
24316,1079
24320,1080
24324,1081
24328,1082
24332,1083
24336,1084
24340,1085
24344,1086
24348,1087
24352,1088
24356,1089
24360,1090
24364,1091
24368,1092
24372,1093
24376,1094
24380,1095
24384,1096
24388,1097
24392,1098
24396,1099
24400,1100
24404,1101
24408,1102
24412,1103
24416,1104
24420,1105
24424,1106
24428,1107
24432,1108
24436,1109
24440,1110
24444,1111
24448,1112
24452,1113
24456,1114
24460,1115
24464,1116
24468,1117
24472,1118
24476,1119
24480,1120
24484,1121
24488,1122
24492,1123
24496,1124
24500,1125
24504,1126
24508,1127
24512,1128
24516,1129
24520,1130
24524,1131
24528,1132
24532,1133
24536,1134
24540,1135
24544,1136
24548,1137
24552,1138
24556,1139
24560,1140
24564,1141
24568,1142
24572,1143
24576,1144
24580,1145
24584,1146
24588,1147
24592,1148
24596,1149
24600,1150
24604,1151
24608,1152
24612,1153
24616,1154
24620,1155
24624,1156
24628,1157
24632,1158
24636,1159
24640,1160
24644,1161
24648,1162
24652,1163
24656,1164
24660,1165
24664,1166
24668,1167
24672,1168
24676,1169
24680,1170
24684,1171
24688,1172
24692,1173
24696,1174
24700,1175
24704,1176
24708,1177
24712,1178
24716,1179
24720,1180
24724,1181
24728,1182
24732,1183
24736,1184
24740,1185
24744,1186
24748,1187
24752,1188
24756,1189
24760,1190
24764,1191
24768,1192
24772,1193
24776,1194
24780,1195
24784,1196
24788,1197
24792,1198
24796,1199
24800,1200
24804,1201
24808,1202
24812,1203
24816,1204
24820,1205
24824,1206
24828,1207
24832,1208
24836,1209
24840,1210
24844,1211
24848,1212
24852,1213
24856,1214
24860,1215
24864,1216
24868,1217
24872,1218
24876,1219
24880,1220
24884,1221
24888,1222
24892,1223
24896,1224
24900,1225
24904,1226
24908,1227
24912,1228
24916,1229
24920,1230
24924,1231
24928,1232
24932,1233
24936,1234
24940,1235
24944,1236
24948,1237
24952,1238
24956,1239
24960,1240
24964,1241
24968,1242
24972,1243
24976,1244
24980,1245
24984,1246
24988,1247
24992,1248
24996,1249
25000,1250
25004,1251
25008,1252
25012,1253
25016,1254
25020,1255
25024,1256
25028,1257
25032,1258
25036,1259
25040,1260
25044,1261
25048,1262
25052,1263
25056,1264
25060,1265
25064,1266
25068,1267
25072,1268
25076,1269
25080,1270
25084,1271
25088,1272
25092,1273
25096,1274
25100,1275
25104,1276
25108,1277
25112,1278
25116,1279
25120,1280
25124,1281
25128,1282
25132,1283
25136,1284
25140,1285
25144,1286
25148,1287
25152,1288
25156,1289
25160,1290
25164,1291
25168,1292
25172,1293
25176,1294
25180,1295
25184,1296
25188,1297
25192,1298
25196,1299
25200,1300
25204,1301
25208,1302
25212,1303
25216,1304
25220,1305
25224,1306
25228,1307
25232,1308
25236,1309
25240,1310
25244,1311
25248,1312
25252,1313
25256,1314
25260,1315
25264,1316
25268,1317
25272,1318
25276,1319
25280,1320
25284,1321
25288,1322
25292,1323
25296,1324
25300,1325
25304,1326
25308,1327
25312,1328
25316,1329
25320,1330
25324,1331
25328,1332
25332,1333
25336,1334
25340,1335
25344,1336
25348,1337
25352,1338
25356,1339
25360,1340
25364,1341
25368,1342
25372,1343
25376,1344
25380,1345
25384,1346
25388,1347
25392,1348
25396,1349
25400,1350
25404,1351
25408,1352
25412,1353
25416,1354
25420,1355
25424,1356
25428,1357
25432,1358
25436,1359
25440,1360
25444,1361
25448,1362
25452,1363
25456,1364
25460,1365
25464,1366
25468,1367
25472,1368
25476,1369
25480,1370
25484,1371
25488,1372
25492,1373
25496,1374
25500,1375
25504,1376
25508,1377
25512,1378
25516,1379
25520,1380
25524,1381
25528,1382
25532,1383
25536,1384
25540,1385
25544,1386
25548,1387
25552,1388
25556,1389
25560,1390
25564,1391
25568,1392
25572,1393
25576,1394
25580,1395
25584,1396
25588,1397
25592,1398
25596,1399
25600,1400
25604,1401
25608,1402
25612,1403
25616,1404
25620,1405
25624,1406
25628,1407
25632,1408
25636,1409
25640,1410
25644,1411
25648,1412
25652,1413
25656,1414
25660,1415
25664,1416
25668,1417
25672,1418
25676,1419
25680,1420
25684,1421
25688,1422
25692,1423
25696,1424
25700,1425
25704,1426
25708,1427
25712,1428
25716,1429
25720,1430
25724,1431
25728,1432
25732,1433
25736,1434
25740,1435
25744,1436
25748,1437
25752,1438
25756,1439
25760,1440
25764,1441
25768,1442
25772,1443
25776,1444
25780,1445
25784,1446
25788,1447
25792,1448
25796,1449
25800,1450
25804,1451
25808,1452
25812,1453
25816,1454
25820,1455
25824,1456
25828,1457
25832,1458
25836,1459
25840,1460
25844,1461
25848,1462
25852,1463
25856,1464
25860,1465
25864,1466
25868,1467
25872,1468
25876,1469
25880,1470
25884,1471
25888,1472
25892,1473
25896,1474
25900,1475
25904,1476
25908,1477
25912,1478
25916,1479
25920,1480
25924,1481
25928,1482
25932,1483
25936,1484
25940,1485
25944,1486
25948,1487
25952,1488
25956,1489
25960,1490
25964,1491
25968,1492
25972,1493
25976,1494
25980,1495
25984,1496
25988,1497
25992,1498
25996,1499
26000,1500
26004,1501
26008,1502
26012,1503
26016,1504
26020,1505
26024,1506
26028,1507
26032,1508
26036,1509
26040,1510
26044,1511
26048,1512
26052,1513
26056,1514
26060,1515
26064,1516
26068,1517
26072,1518
26076,1519
26080,1520
26084,1521
26088,1522
26092,1523
26096,1524
26100,1525
26104,1526
26108,1527
26112,1528
26116,1529
26120,1530
26124,1531
26128,1532
26132,1533
26136,1534
26140,1535
26144,1536
26148,1537
26152,1538
26156,1539
26160,1540
26164,1541
26168,1542
26172,1543
26176,1544
26180,1545
26184,1546
26188,1547
26192,1548
26196,1549
26200,1550
26204,1551
26208,1552
26212,1553
26216,1554
26220,1555
26224,1556
26228,1557
26232,1558
26236,1559
26240,1560
26244,1561
26248,1562
26252,1563
26256,1564
26260,1565
26264,1566
26268,1567
26272,1568
26276,1569
26280,1570
26284,1571
26288,1572
26292,1573
26296,1574
26300,1575
26304,1576
26308,1577
26312,1578
26316,1579
26320,1580
26324,1581
26328,1582
26332,1583
26336,1584
26340,1585
26344,1586
26348,1587
26352,1588
26356,1589
26360,1590
26364,1591
26368,1592
26372,1593
26376,1594
26380,1595
26384,1596
26388,1597
26392,1598
26396,1599
26400,1600
26404,1601
26408,1602
26412,1603
26416,1604
26420,1605
26424,1606
26428,1607
26432,1608
26436,1609
26440,1610
26444,1611
26448,1612
26452,1613
26456,1614
26460,1615
26464,1616
26468,1617
26472,1618
26476,1619
26480,1620
26484,1621
26488,1622
26492,1623
26496,1624
26500,1625
26504,1626
26508,1627
26512,1628
26516,1629
26520,1630
26524,1631
26528,1632
26532,1633
26536,1634
26540,1635
26544,1636
26548,1637
26552,1638
26556,1639
26560,1640
26564,1641
26568,1642
26572,1643
26576,1644
26580,1645
26584,1646
26588,1647
26592,1648
26596,1649
26600,1650
26604,1651
26608,1652
26612,1653
26616,1654
26620,1655
26624,1656
26628,1657
26632,1658
26636,1659
26640,1660
26644,1661
26648,1662
26652,1663
26656,1664
26660,1665
26664,1666
26668,1667
26672,1668
26676,1669
26680,1670
26684,1671
26688,1672
26692,1673
26696,1674
26700,1675
26704,1676
26708,1677
26712,1678
26716,1679
26720,1680
26724,1681
26728,1682
26732,1683
26736,1684
26740,1685
26744,1686
26748,1687
26752,1688
26756,1689
26760,1690
26764,1691
26768,1692
26772,1693
26776,1694
26780,1695
26784,1696
26788,1697
26792,1698
26796,1699
26800,1700
26804,1701
26808,1702
26812,1703
26816,1704
26820,1705
26824,1706
26828,1707
26832,1708
26836,1709
26840,1710
26844,1711
26848,1712
26852,1713
26856,1714
26860,1715
26864,1716
26868,1717
26872,1718
26876,1719
26880,1720
26884,1721
26888,1722
26892,1723
26896,1724
26900,1725
26904,1726
26908,1727
26912,1728
26916,1729
26920,1730
26924,1731
26928,1732
26932,1733
26936,1734
26940,1735
26944,1736
26948,1737
26952,1738
26956,1739
26960,1740
26964,1741
26968,1742
26972,1743
26976,1744
26980,1745
26984,1746
26988,1747
26992,1748
26996,1749
27000,1750
27004,1751
27008,1752
27012,1753
27016,1754
27020,1755
27024,1756
27028,1757
27032,1758
27036,1759
27040,1760
27044,1761
27048,1762
27052,1763
27056,1764
27060,1765
27064,1766
27068,1767
27072,1768
27076,1769
27080,1770
27084,1771
27088,1772
27092,1773
27096,1774
27100,1775
27104,1776
27108,1777
27112,1778
27116,1779
27120,1780
27124,1781
27128,1782
27132,1783
27136,1784
27140,1785
27144,1786
27148,1787
27152,1788
27156,1789
27160,1790
27164,1791
27168,1792
27172,1793
27176,1794
27180,1795
27184,1796
27188,1797
27192,1798
27196,1799
27200,1800
27204,1801
27208,1802
27212,1803
27216,1804
27220,1805
27224,1806
27228,1807
27232,1808
27236,1809
27240,1810
27244,1811
27248,1812
27252,1813
27256,1814
27260,1815
27264,1816
27268,1817
27272,1818
27276,1819
27280,1820
27284,1821
27288,1822
27292,1823
27296,1824
27300,1825
27304,1826
27308,1827
27312,1828
27316,1829
27320,1830
27324,1831
27328,1832
27332,1833
27336,1834
27340,1835
27344,1836
27348,1837
27352,1838
27356,1839
27360,1840
27364,1841
27368,1842
27372,1843
27376,1844
27380,1845
27384,1846
27388,1847
27392,1848
27396,1849
27400,1850
27404,1851
27408,1852
27412,1853
27416,1854
27420,1855
27424,1856
27428,1857
27432,1858
27436,1859
27440,1860
27444,1861
27448,1862
27452,1863
27456,1864
27460,1865
27464,1866
27468,1867
27472,1868
27476,1869
27480,1870
27484,1871
27488,1872
27492,1873
27496,1874
27500,1875
27504,1876
27508,1877
27512,1878
27516,1879
27520,1880
27524,1881
27528,1882
27532,1883
27536,1884
27540,1885
27544,1886
27548,1887
27552,1888
27556,1889
27560,1890
27564,1891
27568,1892
27572,1893
27576,1894
27580,1895
27584,1896
27588,1897
27592,1898
27596,1899
27600,1900
27604,1901
27608,1902
27612,1903
27616,1904
27620,1905
27624,1906
27628,1907
27632,1908
27636,1909
27640,1910
27644,1911
27648,1912
27652,1913
27656,1914
27660,1915
27664,1916
27668,1917
27672,1918
27676,1919
27680,1920
27684,1921
27688,1922
27692,1923
27696,1924
27700,1925
27704,1926
27708,1927
27712,1928
27716,1929
27720,1930
27724,1931
27728,1932
27732,1933
27736,1934
27740,1935
27744,1936
27748,1937
27752,1938
27756,1939
27760,1940
27764,1941
27768,1942
27772,1943
27776,1944
27780,1945
27784,1946
27788,1947
27792,1948
27796,1949
27800,1950
27804,1951
27808,1952
27812,1953
27816,1954
27820,1955
27824,1956
27828,1957
27832,1958
27836,1959
27840,1960
27844,1961
27848,1962
27852,1963
27856,1964
27860,1965
27864,1966
27868,1967
27872,1968
27876,1969
27880,1970
27884,1971
27888,1972
27892,1973
27896,1974
27900,1975
27904,1976
27908,1977
27912,1978
27916,1979
27920,1980
27924,1981
27928,1982
27932,1983
27936,1984
27940,1985
27944,1986
27948,1987
27952,1988
27956,1989
27960,1990
27964,1991
27968,1992
27972,1993
27976,1994
27980,1995
27984,1996
27988,1997
27992,1998
27996,1999
28000,2000
28004,2001
28008,2002
28012,2003
28016,2004
28020,2005
28024,2006
28028,2007
28032,2008
28036,2009
28040,2010
28044,2011
28048,2012
28052,2013
28056,2014
28060,2015
28064,2016
28068,2017
28072,2018
28076,2019
28080,2020
28084,2021
28088,2022
28092,2023
28096,2024
28100,2025
28104,2026
28108,2027
28112,2028
28116,2029
28120,2030
28124,2031
28128,2032
28132,2033
28136,2034
28140,2035
28144,2036
28148,2037
28152,2038
28156,2039
28160,2040
28164,2041
28168,2042
28172,2043
28176,2044
28180,2045
28184,2046
28188,2047
28192,2048
28196,2049
28200,2050
28204,2051
28208,2052
28212,2053
28216,2054
28220,2055
28224,2056
28228,2057
28232,2058
28236,2059
28240,2060
28244,2061
28248,2062
28252,2063
28256,2064
28260,2065
28264,2066
28268,2067
28272,2068
28276,2069
28280,2070
28284,2071
28288,2072
28292,2073
28296,2074
28300,2075
28304,2076
28308,2077
28312,2078
28316,2079
28320,2080
28324,2081
28328,2082
28332,2083
28336,2084
28340,2085
28344,2086
28348,2087
28352,2088
28356,2089
28360,2090
28364,2091
28368,2092
28372,2093
28376,2094
28380,2095
28384,2096
28388,2097
28392,2098
28396,2099
28400,2100
28404,2101
28408,2102
28412,2103
28416,2104
28420,2105
28424,2106
28428,2107
28432,2108
28436,2109
28440,2110
28444,2111
28448,2112
28452,2113
28456,2114
28460,2115
28464,2116
28468,2117
28472,2118
28476,2119
28480,2120
28484,2121
28488,2122
28492,2123
28496,2124
28500,2125
28504,2126
28508,2127
28512,2128
28516,2129
28520,2130
28524,2131
28528,2132
28532,2133
28536,2134
28540,2135
28544,2136
28548,2137
28552,2138
28556,2139
28560,2140
28564,2141
28568,2142
28572,2143
28576,2144
28580,2145
28584,2146
28588,2147
28592,2148
28596,2149
28600,2150
28604,2151
28608,2152
28612,2153
28616,2154
28620,2155
28624,2156
28628,2157
28632,2158
28636,2159
28640,2160
28644,2161
28648,2162
28652,2163
28656,2164
28660,2165
28664,2166
28668,2167
28672,2168
28676,2169
28680,2170
28684,2171
28688,2172
28692,2173
28696,2174
28700,2175
28704,2176
28708,2177
28712,2178
28716,2179
28720,2180
28724,2181
28728,2182
28732,2183
28736,2184
28740,2185
28744,2186
28748,2187
28752,2188
28756,2189
28760,2190
28764,2191
28768,2192
28772,2193
28776,2194
28780,2195
28784,2196
28788,2197
28792,2198
28796,2199
28800,2200
28804,2201
28808,2202
28812,2203
28816,2204
28820,2205
28824,2206
28828,2207
28832,2208
28836,2209
28840,2210
28844,2211
28848,2212
28852,2213
28856,2214
28860,2215
28864,2216
28868,2217
28872,2218
28876,2219
28880,2220
28884,2221
28888,2222
28892,2223
28896,2224
28900,2225
28904,2226
28908,2227
28912,2228
28916,2229
28920,2230
28924,2231
28928,2232
28932,2233
28936,2234
28940,2235
28944,2236
28948,2237
28952,2238
28956,2239
28960,2240
28964,2241
28968,2242
28972,2243
28976,2244
28980,2245
28984,2246
28988,2247
28992,2248
28996,2249
29000,2250
29004,2251
29008,2252
29012,2253
29016,2254
29020,2255
29024,2256
29028,2257
29032,2258
29036,2259
29040,2260
29044,2261
29048,2262
29052,2263
29056,2264
29060,2265
29064,2266
29068,2267
29072,2268
29076,2269
29080,2270
29084,2271
29088,2272
29092,2273
29096,2274
29100,2275
29104,2276
29108,2277
29112,2278
29116,2279
29120,2280
29124,2281
29128,2282
29132,2283
29136,2284
29140,2285
29144,2286
29148,2287
29152,2288
29156,2289
29160,2290
29164,2291
29168,2292
29172,2293
29176,2294
29180,2295
29184,2296
29188,2297
29192,2298
29196,2299
29200,2300
29204,2301
29208,2302
29212,2303
29216,2304
29220,2305
29224,2306
29228,2307
29232,2308
29236,2309
29240,2310
29244,2311
29248,2312
29252,2313
29256,2314
29260,2315
29264,2316
29268,2317
29272,2318
29276,2319
29280,2320
29284,2321
29288,2322
29292,2323
29296,2324
29300,2325
29304,2326
29308,2327
29312,2328
29316,2329
29320,2330
29324,2331
29328,2332
29332,2333
29336,2334
29340,2335
29344,2336
29348,2337
29352,2338
29356,2339
29360,2340
29364,2341
29368,2342
29372,2343
29376,2344
29380,2345
29384,2346
29388,2347
29392,2348
29396,2349
29400,2350
29404,2351
29408,2352
29412,2353
29416,2354
29420,2355
29424,2356
29428,2357
29432,2358
29436,2359
29440,2360
29444,2361
29448,2362
29452,2363
29456,2364
29460,2365
29464,2366
29468,2367
29472,2368
29476,2369
29480,2370
29484,2371
29488,2372
29492,2373
29496,2374
29500,2375
29504,2376
29508,2377
29512,2378
29516,2379
29520,2380
29524,2381
29528,2382
29532,2383
29536,2384
29540,2385
29544,2386
29548,2387
29552,2388
29556,2389
29560,2390
29564,2391
29568,2392
29572,2393
29576,2394
29580,2395
29584,2396
29588,2397
29592,2398
29596,2399
29600,2400
29604,2401
29608,2402
29612,2403
29616,2404
29620,2405
29624,2406
29628,2407
29632,2408
29636,2409
29640,2410
29644,2411
29648,2412
29652,2413
29656,2414
29660,2415
29664,2416
29668,2417
29672,2418
29676,2419
29680,2420
29684,2421
29688,2422
29692,2423
29696,2424
29700,2425
29704,2426
29708,2427
29712,2428
29716,2429
29720,2430
29724,2431
29728,2432
29732,2433
29736,2434
29740,2435
29744,2436
29748,2437
29752,2438
29756,2439
29760,2440
29764,2441
29768,2442
29772,2443
29776,2444
29780,2445
29784,2446
29788,2447
29792,2448
29796,2449
29800,2450
29804,2451
29808,2452
29812,2453
29816,2454
29820,2455
29824,2456
29828,2457
29832,2458
29836,2459
29840,2460
29844,2461
29848,2462
29852,2463
29856,2464
29860,2465
29864,2466
29868,2467
29872,2468
29876,2469
29880,2470
29884,2471
29888,2472
29892,2473
29896,2474
29900,2475
29904,2476
29908,2477
29912,2478
29916,2479
29920,2480
29924,2481
29928,2482
29932,2483
29936,2484
29940,2485
29944,2486
29948,2487
29952,2488
29956,2489
29960,2490
29964,2491
29968,2492
29972,2493
29976,2494
29980,2495
29984,2496
29988,2497
29992,2498
29996,2499
30000,2500
30004,2501
30008,2502
30012,2503
30016,2504
30020,2505
30024,2506
30028,2507
30032,2508
30036,2509
30040,2510
30044,2511
30048,2512
30052,2513
30056,2514
30060,2515
30064,2516
30068,2517
30072,2518
30076,2519
30080,2520
30084,2521
30088,2522
30092,2523
30096,2524
30100,2525
30104,2526
30108,2527
30112,2528
30116,2529
30120,2530
30124,2531
30128,2532
30132,2533
30136,2534
30140,2535
30144,2536
30148,2537
30152,2538
30156,2539
30160,2540
30164,2541
30168,2542
30172,2543
30176,2544
30180,2545
30184,2546
30188,2547
30192,2548
30196,2549
30200,2550
30204,2551
30208,2552
30212,2553
30216,2554
30220,2555
30224,2556
30228,2557
30232,2558
30236,2559
30240,2560
30244,2561
30248,2562
30252,2563
30256,2564
30260,2565
30264,2566
30268,2567
30272,2568
30276,2569
30280,2570
30284,2571
30288,2572
30292,2573
30296,2574
30300,2575
30304,2576
30308,2577
30312,2578
30316,2579
30320,2580
30324,2581
30328,2582
30332,2583
30336,2584
30340,2585
30344,2586
30348,2587
30352,2588
30356,2589
30360,2590
30364,2591
30368,2592
30372,2593
30376,2594
30380,2595
30384,2596
30388,2597
30392,2598
30396,2599
30400,2600
30404,2601
30408,2602
30412,2603
30416,2604
30420,2605
30424,2606
30428,2607
30432,2608
30436,2609
30440,2610
30444,2611
30448,2612
30452,2613
30456,2614
30460,2615
30464,2616
30468,2617
30472,2618
30476,2619
30480,2620
30484,2621
30488,2622
30492,2623
30496,2624
30500,2625
30504,2626
30508,2627
30512,2628
30516,2629
30520,2630
30524,2631
30528,2632
30532,2633
30536,2634
30540,2635
30544,2636
30548,2637
30552,2638
30556,2639
30560,2640
30564,2641
30568,2642
30572,2643
30576,2644
30580,2645
30584,2646
30588,2647
30592,2648
30596,2649
30600,2650
30604,2651
30608,2652
30612,2653
30616,2654
30620,2655
30624,2656
30628,2657
30632,2658
30636,2659
30640,2660
30644,2661
30648,2662
30652,2663
30656,2664
30660,2665
30664,2666
30668,2667
30672,2668
30676,2669
30680,2670
30684,2671
30688,2672
30692,2673
30696,2674
30700,2675
30704,2676
30708,2677
30712,2678
30716,2679
30720,2680
30724,2681
30728,2682
30732,2683
30736,2684
30740,2685
30744,2686
30748,2687
30752,2688
30756,2689
30760,2690
30764,2691
30768,2692
30772,2693
30776,2694
30780,2695
30784,2696
30788,2697
30792,2698
30796,2699
30800,2700
30804,2701
30808,2702
30812,2703
30816,2704
30820,2705
30824,2706
30828,2707
30832,2708
30836,2709
30840,2710
30844,2711
30848,2712
30852,2713
30856,2714
30860,2715
30864,2716
30868,2717
30872,2718
30876,2719
30880,2720
30884,2721
30888,2722
30892,2723
30896,2724
30900,2725
30904,2726
30908,2727
30912,2728
30916,2729
30920,2730
30924,2731
30928,2732
30932,2733
30936,2734
30940,2735
30944,2736
30948,2737
30952,2738
30956,2739
30960,2740
30964,2741
30968,2742
30972,2743
30976,2744
30980,2745
30984,2746
30988,2747
30992,2748
30996,2749
31000,2750
31004,2751
31008,2752
31012,2753
31016,2754
31020,2755
31024,2756
31028,2757
31032,2758
31036,2759
31040,2760
31044,2761
31048,2762
31052,2763
31056,2764
31060,2765
31064,2766
31068,2767
31072,2768
31076,2769
31080,2770
31084,2771
31088,2772
31092,2773
31096,2774
31100,2775
31104,2776
31108,2777
31112,2778
31116,2779
31120,2780
31124,2781
31128,2782
31132,2783
31136,2784
31140,2785
31144,2786
31148,2787
31152,2788
31156,2789
31160,2790
31164,2791
31168,2792
31172,2793
31176,2794
31180,2795
31184,2796
31188,2797
31192,2798
31196,2799
31200,2800
31204,2801
31208,2802
31212,2803
31216,2804
31220,2805
31224,2806
31228,2807
31232,2808
31236,2809
31240,2810
31244,2811
31248,2812
31252,2813
31256,2814
31260,2815
31264,2816
31268,2817
31272,2818
31276,2819
31280,2820
31284,2821
31288,2822
31292,2823
31296,2824
31300,2825
31304,2826
31308,2827
31312,2828
31316,2829
31320,2830
31324,2831
31328,2832
31332,2833
31336,2834
31340,2835
31344,2836
31348,2837
31352,2838
31356,2839
31360,2840
31364,2841
31368,2842
31372,2843
31376,2844
31380,2845
31384,2846
31388,2847
31392,2848
31396,2849
31400,2850
31404,2851
31408,2852
31412,2853
31416,2854
31420,2855
31424,2856
31428,2857
31432,2858
31436,2859
31440,2860
31444,2861
31448,2862
31452,2863
31456,2864
31460,2865
31464,2866
31468,2867
31472,2868
31476,2869
31480,2870
31484,2871
31488,2872
31492,2873
31496,2874
31500,2875
31504,2876
31508,2877
31512,2878
31516,2879
31520,2880
31524,2881
31528,2882
31532,2883
31536,2884
31540,2885
31544,2886
31548,2887
31552,2888
31556,2889
31560,2890
31564,2891
31568,2892
31572,2893
31576,2894
31580,2895
31584,2896
31588,2897
31592,2898
31596,2899
31600,2900
31604,2901
31608,2902
31612,2903
31616,2904
31620,2905
31624,2906
31628,2907
31632,2908
31636,2909
31640,2910
31644,2911
31648,2912
31652,2913
31656,2914
31660,2915
31664,2916
31668,2917
31672,2918
31676,2919
31680,2920
31684,2921
31688,2922
31692,2923
31696,2924
31700,2925
31704,2926
31708,2927
31712,2928
31716,2929
31720,2930
31724,2931
31728,2932
31732,2933
31736,2934
31740,2935
31744,2936
31748,2937
31752,2938
31756,2939
31760,2940
31764,2941
31768,2942
31772,2943
31776,2944
31780,2945
31784,2946
31788,2947
31792,2948
31796,2949
31800,2950
31804,2951
31808,2952
31812,2953
31816,2954
31820,2955
31824,2956
31828,2957
31832,2958
31836,2959
31840,2960
31844,2961
31848,2962
31852,2963
31856,2964
31860,2965
31864,2966
31868,2967
31872,2968
31876,2969
31880,2970
31884,2971
31888,2972
31892,2973
31896,2974
31900,2975
31904,2976
31908,2977
31912,2978
31916,2979
31920,2980
31924,2981
31928,2982
31932,2983
31936,2984
31940,2985
31944,2986
31948,2987
31952,2988
31956,2989
31960,2990
31964,2991
31968,2992
31972,2993
31976,2994
31980,2995
31984,2996
31988,2997
31992,2998
31996,2999
32000,3000
32004,3001
32008,3002
32012,3003
32016,3004
32020,3005
32024,3006
32028,3007
32032,3008
32036,3009
32040,3010
32044,3011
32048,3012
32052,3013
32056,3014
32060,3015
32064,3016
32068,3017
32072,3018
32076,3019
32080,3020
32084,3021
32088,3022
32092,3023
32096,3024
32100,3025
32104,3026
32108,3027
32112,3028
32116,3029
32120,3030
32124,3031
32128,3032
32132,3033
32136,3034
32140,3035
32144,3036
32148,3037
32152,3038
32156,3039
32160,3040
32164,3041
32168,3042
32172,3043
32176,3044
32180,3045
32184,3046
32188,3047
32192,3048
32196,3049
32200,3050
32204,3051
32208,3052
32212,3053
32216,3054
32220,3055
32224,3056
32228,3057
32232,3058
32236,3059
32240,3060
32244,3061
32248,3062
32252,3063
32256,3064
32260,3065
32264,3066
32268,3067
32272,3068
32276,3069
32280,3070
32284,3071
32288,3072
32292,3073
32296,3074
32300,3075
32304,3076
32308,3077
32312,3078
32316,3079
32320,3080
32324,3081
32328,3082
32332,3083
32336,3084
32340,3085
32344,3086
32348,3087
32352,3088
32356,3089
32360,3090
32364,3091
32368,3092
32372,3093
32376,3094
32380,3095
32384,3096
32388,3097
32392,3098
32396,3099
32400,3100
32404,3101
32408,3102
32412,3103
32416,3104
32420,3105
32424,3106
32428,3107
32432,3108
32436,3109
32440,3110
32444,3111
32448,3112
32452,3113
32456,3114
32460,3115
32464,3116
32468,3117
32472,3118
32476,3119
32480,3120
32484,3121
32488,3122
32492,3123
32496,3124
32500,3125
32504,3126
32508,3127
32512,3128
32516,3129
32520,3130
32524,3131
32528,3132
32532,3133
32536,3134
32540,3135
32544,3136
32548,3137
32552,3138
32556,3139
32560,3140
32564,3141
32568,3142
32572,3143
32576,3144
32580,3145
32584,3146
32588,3147
32592,3148
32596,3149
32600,3150
32604,3151
32608,3152
32612,3153
32616,3154
32620,3155
32624,3156
32628,3157
32632,3158
32636,3159
32640,3160
32644,3161
32648,3162
32652,3163
32656,3164
32660,3165
32664,3166
32668,3167
32672,3168
32676,3169
32680,3170
32684,3171
32688,3172
32692,3173
32696,3174
32700,3175
32704,3176
32708,3177
32712,3178
32716,3179
32720,3180
32724,3181
32728,3182
32732,3183
32736,3184
32740,3185
32744,3186
32748,3187
32752,3188
32756,3189
32760,3190
32764,3191
32768,3192
32772,3193
32776,3194
32780,3195
32784,3196
32788,3197
32792,3198
32796,3199
32800,3200
32804,3201
32808,3202
32812,3203
32816,3204
32820,3205
32824,3206
32828,3207
32832,3208
32836,3209
32840,3210
32844,3211
32848,3212
32852,3213
32856,3214
32860,3215
32864,3216
32868,3217
32872,3218
32876,3219
32880,3220
32884,3221
32888,3222
32892,3223
32896,3224
32900,3225
32904,3226
32908,3227
32912,3228
32916,3229
32920,3230
32924,3231
32928,3232
32932,3233
32936,3234
32940,3235
32944,3236
32948,3237
32952,3238
32956,3239
32960,3240
32964,3241
32968,3242
32972,3243
32976,3244
32980,3245
32984,3246
32988,3247
32992,3248
32996,3249
33000,3250
33004,3251
33008,3252
33012,3253
33016,3254
33020,3255
33024,3256
33028,3257
33032,3258
33036,3259
33040,3260
33044,3261
33048,3262
33052,3263
33056,3264
33060,3265
33064,3266
33068,3267
33072,3268
33076,3269
33080,3270
33084,3271
33088,3272
33092,3273
33096,3274
33100,3275
33104,3276
33108,3277
33112,3278
33116,3279
33120,3280
33124,3281
33128,3282
33132,3283
33136,3284
33140,3285
33144,3286
33148,3287
33152,3288
33156,3289
33160,3290
33164,3291
33168,3292
33172,3293
33176,3294
33180,3295
33184,3296
33188,3297
33192,3298
33196,3299
33200,3300
33204,3301
33208,3302
33212,3303
33216,3304
33220,3305
33224,3306
33228,3307
33232,3308
33236,3309
33240,3310
33244,3311
33248,3312
33252,3313
33256,3314
33260,3315
33264,3316
33268,3317
33272,3318
33276,3319
33280,3320
33284,3321
33288,3322
33292,3323
33296,3324
33300,3325
33304,3326
33308,3327
33312,3328
33316,3329
33320,3330
33324,3331
33328,3332
33332,3333
33336,3334
33340,3335
33344,3336
33348,3337
33352,3338
33356,3339
33360,3340
33364,3341
33368,3342
33372,3343
33376,3344
33380,3345
33384,3346
33388,3347
33392,3348
33396,3349
33400,3350
33404,3351
33408,3352
33412,3353
33416,3354
33420,3355
33424,3356
33428,3357
33432,3358
33436,3359
33440,3360
33444,3361
33448,3362
33452,3363
33456,3364
33460,3365
33464,3366
33468,3367
33472,3368
33476,3369
33480,3370
33484,3371
33488,3372
33492,3373
33496,3374
33500,3375
33504,3376
33508,3377
33512,3378
33516,3379
33520,3380
33524,3381
33528,3382
33532,3383
33536,3384
33540,3385
33544,3386
33548,3387
33552,3388
33556,3389
33560,3390
33564,3391
33568,3392
33572,3393
33576,3394
33580,3395
33584,3396
33588,3397
33592,3398
33596,3399
33600,3400
33604,3401
33608,3402
33612,3403
33616,3404
33620,3405
33624,3406
33628,3407
33632,3408
33636,3409
33640,3410
33644,3411
33648,3412
33652,3413
33656,3414
33660,3415
33664,3416
33668,3417
33672,3418
33676,3419
33680,3420
33684,3421
33688,3422
33692,3423
33696,3424
33700,3425
33704,3426
33708,3427
33712,3428
33716,3429
33720,3430
33724,3431
33728,3432
33732,3433
33736,3434
33740,3435
33744,3436
33748,3437
33752,3438
33756,3439
33760,3440
33764,3441
33768,3442
33772,3443
33776,3444
33780,3445
33784,3446
33788,3447
33792,3448
33796,3449
33800,3450
33804,3451
33808,3452
33812,3453
33816,3454
33820,3455
33824,3456
33828,3457
33832,3458
33836,3459
33840,3460
33844,3461
33848,3462
33852,3463
33856,3464
33860,3465
33864,3466
33868,3467
33872,3468
33876,3469
33880,3470
33884,3471
33888,3472
33892,3473
33896,3474
33900,3475
33904,3476
33908,3477
33912,3478
33916,3479
33920,3480
33924,3481
33928,3482
33932,3483
33936,3484
33940,3485
33944,3486
33948,3487
33952,3488
33956,3489
33960,3490
33964,3491
33968,3492
33972,3493
33976,3494
33980,3495
33984,3496
33988,3497
33992,3498
33996,3499
34000,3500
34004,3501
34008,3502
34012,3503
34016,3504
34020,3505
34024,3506
34028,3507
34032,3508
34036,3509
34040,3510
34044,3511
34048,3512
34052,3513
34056,3514
34060,3515
34064,3516
34068,3517
34072,3518
34076,3519
34080,3520
34084,3521
34088,3522
34092,3523
34096,3524
34100,3525
34104,3526
34108,3527
34112,3528
34116,3529
34120,3530
34124,3531
34128,3532
34132,3533
34136,3534
34140,3535
34144,3536
34148,3537
34152,3538
34156,3539
34160,3540
34164,3541
34168,3542
34172,3543
34176,3544
34180,3545
34184,3546
34188,3547
34192,3548
34196,3549
34200,3550
34204,3551
34208,3552
34212,3553
34216,3554
34220,3555
34224,3556
34228,3557
34232,3558
34236,3559
34240,3560
34244,3561
34248,3562
34252,3563
34256,3564
34260,3565
34264,3566
34268,3567
34272,3568
34276,3569
34280,3570
34284,3571
34288,3572
34292,3573
34296,3574
34300,3575
34304,3576
34308,3577
34312,3578
34316,3579
34320,3580
34324,3581
34328,3582
34332,3583
34336,3584
34340,3585
34344,3586
34348,3587
34352,3588
34356,3589
34360,3590
34364,3591
34368,3592
34372,3593
34376,3594
34380,3595
34384,3596
34388,3597
34392,3598
34396,3599
34400,3600
34404,3601
34408,3602
34412,3603
34416,3604
34420,3605
34424,3606
34428,3607
34432,3608
34436,3609
34440,3610
34444,3611
34448,3612
34452,3613
34456,3614
34460,3615
34464,3616
34468,3617
34472,3618
34476,3619
34480,3620
34484,3621
34488,3622
34492,3623
34496,3624
34500,3625
34504,3626
34508,3627
34512,3628
34516,3629
34520,3630
34524,3631
34528,3632
34532,3633
34536,3634
34540,3635
34544,3636
34548,3637
34552,3638
34556,3639
34560,3640
34564,3641
34568,3642
34572,3643
34576,3644
34580,3645
34584,3646
34588,3647
34592,3648
34596,3649
34600,3650
34604,3651
34608,3652
34612,3653
34616,3654
34620,3655
34624,3656
34628,3657
34632,3658
34636,3659
34640,3660
34644,3661
34648,3662
34652,3663
34656,3664
34660,3665
34664,3666
34668,3667
34672,3668
34676,3669
34680,3670
34684,3671
34688,3672
34692,3673
34696,3674
34700,3675
34704,3676
34708,3677
34712,3678
34716,3679
34720,3680
34724,3681
34728,3682
34732,3683
34736,3684
34740,3685
34744,3686
34748,3687
34752,3688
34756,3689
34760,3690
34764,3691
34768,3692
34772,3693
34776,3694
34780,3695
34784,3696
34788,3697
34792,3698
34796,3699
34800,3700
34804,3701
34808,3702
34812,3703
34816,3704
34820,3705
34824,3706
34828,3707
34832,3708
34836,3709
34840,3710
34844,3711
34848,3712
34852,3713
34856,3714
34860,3715
34864,3716
34868,3717
34872,3718
34876,3719
34880,3720
34884,3721
34888,3722
34892,3723
34896,3724
34900,3725
34904,3726
34908,3727
34912,3728
34916,3729
34920,3730
34924,3731
34928,3732
34932,3733
34936,3734
34940,3735
34944,3736
34948,3737
34952,3738
34956,3739
34960,3740
34964,3741
34968,3742
34972,3743
34976,3744
34980,3745
34984,3746
34988,3747
34992,3748
34996,3749
35000,3750
35004,3751
35008,3752
35012,3753
35016,3754
35020,3755
35024,3756
35028,3757
35032,3758
35036,3759
35040,3760
35044,3761
35048,3762
35052,3763
35056,3764
35060,3765
35064,3766
35068,3767
35072,3768
35076,3769
35080,3770
35084,3771
35088,3772
35092,3773
35096,3774
35100,3775
35104,3776
35108,3777
35112,3778
35116,3779
35120,3780
35124,3781
35128,3782
35132,3783
35136,3784
35140,3785
35144,3786
35148,3787
35152,3788
35156,3789
35160,3790
35164,3791
35168,3792
35172,3793
35176,3794
35180,3795
35184,3796
35188,3797
35192,3798
35196,3799
35200,3800
35204,3801
35208,3802
35212,3803
35216,3804
35220,3805
35224,3806
35228,3807
35232,3808
35236,3809
35240,3810
35244,3811
35248,3812
35252,3813
35256,3814
35260,3815
35264,3816
35268,3817
35272,3818
35276,3819
35280,3820
35284,3821
35288,3822
35292,3823
35296,3824
35300,3825
35304,3826
35308,3827
35312,3828
35316,3829
35320,3830
35324,3831
35328,3832
35332,3833
35336,3834
35340,3835
35344,3836
35348,3837
35352,3838
35356,3839
35360,3840
35364,3841
35368,3842
35372,3843
35376,3844
35380,3845
35384,3846
35388,3847
35392,3848
35396,3849
35400,3850
35404,3851
35408,3852
35412,3853
35416,3854
35420,3855
35424,3856
35428,3857
35432,3858
35436,3859
35440,3860
35444,3861
35448,3862
35452,3863
35456,3864
35460,3865
35464,3866
35468,3867
35472,3868
35476,3869
35480,3870
35484,3871
35488,3872
35492,3873
35496,3874
35500,3875
35504,3876
35508,3877
35512,3878
35516,3879
35520,3880
35524,3881
35528,3882
35532,3883
35536,3884
35540,3885
35544,3886
35548,3887
35552,3888
35556,3889
35560,3890
35564,3891
35568,3892
35572,3893
35576,3894
35580,3895
35584,3896
35588,3897
35592,3898
35596,3899
35600,3900
35604,3901
35608,3902
35612,3903
35616,3904
35620,3905
35624,3906
35628,3907
35632,3908
35636,3909
35640,3910
35644,3911
35648,3912
35652,3913
35656,3914
35660,3915
35664,3916
35668,3917
35672,3918
35676,3919
35680,3920
35684,3921
35688,3922
35692,3923
35696,3924
35700,3925
35704,3926
35708,3927
35712,3928
35716,3929
35720,3930
35724,3931
35728,3932
35732,3933
35736,3934
35740,3935
35744,3936
35748,3937
35752,3938
35756,3939
35760,3940
35764,3941
35768,3942
35772,3943
35776,3944
35780,3945
35784,3946
35788,3947
35792,3948
35796,3949
35800,3950
35804,3951
35808,3952
35812,3953
35816,3954
35820,3955
35824,3956
35828,3957
35832,3958
35836,3959
35840,3960
35844,3961
35848,3962
35852,3963
35856,3964
35860,3965
35864,3966
35868,3967
35872,3968
35876,3969
35880,3970
35884,3971
35888,3972
35892,3973
35896,3974
35900,3975
35904,3976
35908,3977
35912,3978
35916,3979
35920,3980
35924,3981
35928,3982
35932,3983
35936,3984
35940,3985
35944,3986
35948,3987
35952,3988
35956,3989
35960,3990
35964,3991
35968,3992
35972,3993
35976,3994
35980,3995
35984,3996
35988,3997
35992,3998
35996,3999
36000,4000
36004,4001
36008,4002
36012,4003
36016,4004
36020,4005
36024,4006
36028,4007
36032,4008
36036,4009
36040,4010
36044,4011
36048,4012
36052,4013
36056,4014
36060,4015
36064,4016
36068,4017
36072,4018
36076,4019
36080,4020
36084,4021
36088,4022
36092,4023
36096,4024
36100,4025
36104,4026
36108,4027
36112,4028
36116,4029
36120,4030
36124,4031
36128,4032
36132,4033
36136,4034
36140,4035
36144,4036
36148,4037
36152,4038
36156,4039
36160,4040
36164,4041
36168,4042
36172,4043
36176,4044
36180,4045
36184,4046
36188,4047
36192,4048
36196,4049
36200,4050
36204,4051
36208,4052
36212,4053
36216,4054
36220,4055
36224,4056
36228,4057
36232,4058
36236,4059
36240,4060
36244,4061
36248,4062
36252,4063
36256,4064
36260,4065
36264,4066
36268,4067
36272,4068
36276,4069
36280,4070
36284,4071
36288,4072
36292,4073
36296,4074
36300,4075
36304,4076
36308,4077
36312,4078
36316,4079
36320,4080
36324,4081
36328,4082
36332,4083
36336,4084
36340,4085
36344,4086
36348,4087
36352,4088
36356,4089
36360,4090
36364,4091
36368,4092
36372,4093
36376,4094
36380,4095
36384,4096
36388,4097
36392,4098
36396,4099
36400,4100
36404,4101
36408,4102
36412,4103
36416,4104
36420,4105
36424,4106
36428,4107
36432,4108
36436,4109
36440,4110
36444,4111
36448,4112
36452,4113
36456,4114
36460,4115
36464,4116
36468,4117
36472,4118
36476,4119
36480,4120
36484,4121
36488,4122
36492,4123
36496,4124
36500,4125
36504,4126
36508,4127
36512,4128
36516,4129
36520,4130
36524,4131
36528,4132
36532,4133
36536,4134
36540,4135
36544,4136
36548,4137
36552,4138
36556,4139
36560,4140
36564,4141
36568,4142
36572,4143
36576,4144
36580,4145
36584,4146
36588,4147
36592,4148
36596,4149
36600,4150
36604,4151
36608,4152
36612,4153
36616,4154
36620,4155
36624,4156
36628,4157
36632,4158
36636,4159
36640,4160
36644,4161
36648,4162
36652,4163
36656,4164
36660,4165
36664,4166
36668,4167
36672,4168
36676,4169
36680,4170
36684,4171
36688,4172
36692,4173
36696,4174
36700,4175
36704,4176
36708,4177
36712,4178
36716,4179
36720,4180
36724,4181
36728,4182
36732,4183
36736,4184
36740,4185
36744,4186
36748,4187
36752,4188
36756,4189
36760,4190
36764,4191
36768,4192
36772,4193
36776,4194
36780,4195
36784,4196
36788,4197
36792,4198
36796,4199
36800,4200
36804,4201
36808,4202
36812,4203
36816,4204
36820,4205
36824,4206
36828,4207
36832,4208
36836,4209
36840,4210
36844,4211
36848,4212
36852,4213
36856,4214
36860,4215
36864,4216
36868,4217
36872,4218
36876,4219
36880,4220
36884,4221
36888,4222
36892,4223
36896,4224
36900,4225
36904,4226
36908,4227
36912,4228
36916,4229
36920,4230
36924,4231
36928,4232
36932,4233
36936,4234
36940,4235
36944,4236
36948,4237
36952,4238
36956,4239
36960,4240
36964,4241
36968,4242
36972,4243
36976,4244
36980,4245
36984,4246
36988,4247
36992,4248
36996,4249
37000,4250
37004,4251
37008,4252
37012,4253
37016,4254
37020,4255
37024,4256
37028,4257
37032,4258
37036,4259
37040,4260
37044,4261
37048,4262
37052,4263
37056,4264
37060,4265
37064,4266
37068,4267
37072,4268
37076,4269
37080,4270
37084,4271
37088,4272
37092,4273
37096,4274
37100,4275
37104,4276
37108,4277
37112,4278
37116,4279
37120,4280
37124,4281
37128,4282
37132,4283
37136,4284
37140,4285
37144,4286
37148,4287
37152,4288
37156,4289
37160,4290
37164,4291
37168,4292
37172,4293
37176,4294
37180,4295
37184,4296
37188,4297
37192,4298
37196,4299
37200,4300
37204,4301
37208,4302
37212,4303
37216,4304
37220,4305
37224,4306
37228,4307
37232,4308
37236,4309
37240,4310
37244,4311
37248,4312
37252,4313
37256,4314
37260,4315
37264,4316
37268,4317
37272,4318
37276,4319
37280,4320
37284,4321
37288,4322
37292,4323
37296,4324
37300,4325
37304,4326
37308,4327
37312,4328
37316,4329
37320,4330
37324,4331
37328,4332
37332,4333
37336,4334
37340,4335
37344,4336
37348,4337
37352,4338
37356,4339
37360,4340
37364,4341
37368,4342
37372,4343
37376,4344
37380,4345
37384,4346
37388,4347
37392,4348
37396,4349
37400,4350
37404,4351
37408,4352
37412,4353
37416,4354
37420,4355
37424,4356
37428,4357
37432,4358
37436,4359
37440,4360
37444,4361
37448,4362
37452,4363
37456,4364
37460,4365
37464,4366
37468,4367
37472,4368
37476,4369
37480,4370
37484,4371
37488,4372
37492,4373
37496,4374
37500,4375
37504,4376
37508,4377
37512,4378
37516,4379
37520,4380
37524,4381
37528,4382
37532,4383
37536,4384
37540,4385
37544,4386
37548,4387
37552,4388
37556,4389
37560,4390
37564,4391
37568,4392
37572,4393
37576,4394
37580,4395
37584,4396
37588,4397
37592,4398
37596,4399
37600,4400
37604,4401
37608,4402
37612,4403
37616,4404
37620,4405
37624,4406
37628,4407
37632,4408
37636,4409
37640,4410
37644,4411
37648,4412
37652,4413
37656,4414
37660,4415
37664,4416
37668,4417
37672,4418
37676,4419
37680,4420
37684,4421
37688,4422
37692,4423
37696,4424
37700,4425
37704,4426
37708,4427
37712,4428
37716,4429
37720,4430
37724,4431
37728,4432
37732,4433
37736,4434
37740,4435
37744,4436
37748,4437
37752,4438
37756,4439
37760,4440
37764,4441
37768,4442
37772,4443
37776,4444
37780,4445
37784,4446
37788,4447
37792,4448
37796,4449
37800,4450
37804,4451
37808,4452
37812,4453
37816,4454
37820,4455
37824,4456
37828,4457
37832,4458
37836,4459
37840,4460
37844,4461
37848,4462
37852,4463
37856,4464
37860,4465
37864,4466
37868,4467
37872,4468
37876,4469
37880,4470
37884,4471
37888,4472
37892,4473
37896,4474
37900,4475
37904,4476
37908,4477
37912,4478
37916,4479
37920,4480
37924,4481
37928,4482
37932,4483
37936,4484
37940,4485
37944,4486
37948,4487
37952,4488
37956,4489
37960,4490
37964,4491
37968,4492
37972,4493
37976,4494
37980,4495
37984,4496
37988,4497
37992,4498
37996,4499
38000,4500
38004,4501
38008,4502
38012,4503
38016,4504
38020,4505
38024,4506
38028,4507
38032,4508
38036,4509
38040,4510
38044,4511
38048,4512
38052,4513
38056,4514
38060,4515
38064,4516
38068,4517
38072,4518
38076,4519
38080,4520
38084,4521
38088,4522
38092,4523
38096,4524
38100,4525
38104,4526
38108,4527
38112,4528
38116,4529
38120,4530
38124,4531
38128,4532
38132,4533
38136,4534
38140,4535
38144,4536
38148,4537
38152,4538
38156,4539
38160,4540
38164,4541
38168,4542
38172,4543
38176,4544
38180,4545
38184,4546
38188,4547
38192,4548
38196,4549
38200,4550
38204,4551
38208,4552
38212,4553
38216,4554
38220,4555
38224,4556
38228,4557
38232,4558
38236,4559
38240,4560
38244,4561
38248,4562
38252,4563
38256,4564
38260,4565
38264,4566
38268,4567
38272,4568
38276,4569
38280,4570
38284,4571
38288,4572
38292,4573
38296,4574
38300,4575
38304,4576
38308,4577
38312,4578
38316,4579
38320,4580
38324,4581
38328,4582
38332,4583
38336,4584
38340,4585
38344,4586
38348,4587
38352,4588
38356,4589
38360,4590
38364,4591
38368,4592
38372,4593
38376,4594
38380,4595
38384,4596
38388,4597
38392,4598
38396,4599
38400,4600
38404,4601
38408,4602
38412,4603
38416,4604
38420,4605
38424,4606
38428,4607
38432,4608
38436,4609
38440,4610
38444,4611
38448,4612
38452,4613
38456,4614
38460,4615
38464,4616
38468,4617
38472,4618
38476,4619
38480,4620
38484,4621
38488,4622
38492,4623
38496,4624
38500,4625
38504,4626
38508,4627
38512,4628
38516,4629
38520,4630
38524,4631
38528,4632
38532,4633
38536,4634
38540,4635
38544,4636
38548,4637
38552,4638
38556,4639
38560,4640
38564,4641
38568,4642
38572,4643
38576,4644
38580,4645
38584,4646
38588,4647
38592,4648
38596,4649
38600,4650
38604,4651
38608,4652
38612,4653
38616,4654
38620,4655
38624,4656
38628,4657
38632,4658
38636,4659
38640,4660
38644,4661
38648,4662
38652,4663
38656,4664
38660,4665
38664,4666
38668,4667
38672,4668
38676,4669
38680,4670
38684,4671
38688,4672
38692,4673
38696,4674
38700,4675
38704,4676
38708,4677
38712,4678
38716,4679
38720,4680
38724,4681
38728,4682
38732,4683
38736,4684
38740,4685
38744,4686
38748,4687
38752,4688
38756,4689
38760,4690
38764,4691
38768,4692
38772,4693
38776,4694
38780,4695
38784,4696
38788,4697
38792,4698
38796,4699
38800,4700
38804,4701
38808,4702
38812,4703
38816,4704
38820,4705
38824,4706
38828,4707
38832,4708
38836,4709
38840,4710
38844,4711
38848,4712
38852,4713
38856,4714
38860,4715
38864,4716
38868,4717
38872,4718
38876,4719
38880,4720
38884,4721
38888,4722
38892,4723
38896,4724
38900,4725
38904,4726
38908,4727
38912,4728
38916,4729
38920,4730
38924,4731
38928,4732
38932,4733
38936,4734
38940,4735
38944,4736
38948,4737
38952,4738
38956,4739
38960,4740
38964,4741
38968,4742
38972,4743
38976,4744
38980,4745
38984,4746
38988,4747
38992,4748
38996,4749
39000,4750
39004,4751
39008,4752
39012,4753
39016,4754
39020,4755
39024,4756
39028,4757
39032,4758
39036,4759
39040,4760
39044,4761
39048,4762
39052,4763
39056,4764
39060,4765
39064,4766
39068,4767
39072,4768
39076,4769
39080,4770
39084,4771
39088,4772
39092,4773
39096,4774
39100,4775
39104,4776
39108,4777
39112,4778
39116,4779
39120,4780
39124,4781
39128,4782
39132,4783
39136,4784
39140,4785
39144,4786
39148,4787
39152,4788
39156,4789
39160,4790
39164,4791
39168,4792
39172,4793
39176,4794
39180,4795
39184,4796
39188,4797
39192,4798
39196,4799
39200,100
39204,101
39208,102
39212,103
39216,104
39220,105
39224,106
39228,107
39232,108
39236,109
39240,110
39244,111
39248,112
39252,113
39256,114
39260,115
39264,116
39268,117
39272,118
39276,119
39280,120
39284,121
39288,122
39292,123
39296,124
39300,125
39304,126
39308,127
39312,128
39316,129
39320,130
39324,131
39328,132
39332,133
39336,134
39340,135
39344,136
39348,137
39352,138
39356,139
39360,140
39364,141
39368,142
39372,143
39376,144
39380,145
39384,146
39388,147
39392,148
39396,149
39400,150
39404,151
39408,152
39412,153
39416,154
39420,155
39424,156
39428,157
39432,158
39436,159
39440,160
39444,161
39448,162
39452,163
39456,164
39460,165
39464,166
39468,167
39472,168
39476,169
39480,170
39484,171
39488,172
39492,173
39496,174
39500,175
39504,176
39508,177
39512,178
39516,179
39520,180
39524,181
39528,182
39532,183
39536,184
39540,185
39544,186
39548,187
39552,188
39556,189
39560,190
39564,191
39568,192
39572,193
39576,194
39580,195
39584,196
39588,197
39592,198
39596,199
39600,200
39604,201
39608,202
39612,203
39616,204
39620,205
39624,206
39628,207
39632,208
39636,209
39640,210
39644,211
39648,212
39652,213
39656,214
39660,215
39664,216
39668,217
39672,218
39676,219
39680,220
39684,221
39688,222
39692,223
39696,224
39700,225
39704,226
39708,227
39712,228
39716,229
39720,230
39724,231
39728,232
39732,233
39736,234
39740,235
39744,236
39748,237
39752,238
39756,239
39760,240
39764,241
39768,242
39772,243
39776,244
39780,245
39784,246
39788,247
39792,248
39796,249
39800,250
39804,251
39808,252
39812,253
39816,254
39820,255
39824,256
39828,257
39832,258
39836,259
39840,260
39844,261
39848,262
39852,263
39856,264
39860,265
39864,266
39868,267
39872,268
39876,269
39880,270
39884,271
39888,272
39892,273
39896,274
39900,275
39904,276
39908,277
39912,278
39916,279
39920,280
39924,281
39928,282
39932,283
39936,284
39940,285
39944,286
39948,287
39952,288
39956,289
39960,290
39964,291
39968,292
39972,293
39976,294
39980,295
39984,296
39988,297
39992,298
39996,299
40000,300
40004,301
40008,302
40012,303
40016,304
40020,305
40024,306
40028,307
40032,308
40036,309
40040,310
40044,311
40048,312
40052,313
40056,314
40060,315
40064,316
40068,317
40072,318
40076,319
40080,320
40084,321
40088,322
40092,323
40096,324
40100,325
40104,326
40108,327
40112,328
40116,329
40120,330
40124,331
40128,332
40132,333
40136,334
40140,335
40144,336
40148,337
40152,338
40156,339
40160,340
40164,341
40168,342
40172,343
40176,344
40180,345
40184,346
40188,347
40192,348
40196,349
40200,350
40204,351
40208,352
40212,353
40216,354
40220,355
40224,356
40228,357
40232,358
40236,359
40240,360
40244,361
40248,362
40252,363
40256,364
40260,365
40264,366
40268,367
40272,368
40276,369
40280,370
40284,371
40288,372
40292,373
40296,374
40300,375
40304,376
40308,377
40312,378
40316,379
40320,380
40324,381
40328,382
40332,383
40336,384
40340,385
40344,386
40348,387
40352,388
40356,389
40360,390
40364,391
40368,392
40372,393
40376,394
40380,395
40384,396
40388,397
40392,398
40396,399
40400,400
40404,401
40408,402
40412,403
40416,404
40420,405
40424,406
40428,407
40432,408
40436,409
40440,410
40444,411
40448,412
40452,413
40456,414
40460,415
40464,416
40468,417
40472,418
40476,419
40480,420
40484,421
40488,422
40492,423
40496,424
40500,425
40504,426
40508,427
40512,428
40516,429
40520,430
40524,431
40528,432
40532,433
40536,434
40540,435
40544,436
40548,437
40552,438
40556,439
40560,440
40564,441
40568,442
40572,443
40576,444
40580,445
40584,446
40588,447
40592,448
40596,449
40600,450
40604,451
40608,452
40612,453
40616,454
40620,455
40624,456
40628,457
40632,458
40636,459
40640,460
40644,461
40648,462
40652,463
40656,464
40660,465
40664,466
40668,467
40672,468
40676,469
40680,470
40684,471
40688,472
40692,473
40696,474
40700,475
40704,476
40708,477
40712,478
40716,479
40720,480
40724,481
40728,482
40732,483
40736,484
40740,485
40744,486
40748,487
40752,488
40756,489
40760,490
40764,491
40768,492
40772,493
40776,494
40780,495
40784,496
40788,497
40792,498
40796,499
40800,500
40804,501
40808,502
40812,503
40816,504
40820,505
40824,506
40828,507
40832,508
40836,509
40840,510
40844,511
40848,512
40852,513
40856,514
40860,515
40864,516
40868,517
40872,518
40876,519
40880,520
40884,521
40888,522
40892,523
40896,524
40900,525
40904,526
40908,527
40912,528
40916,529
40920,530
40924,531
40928,532
40932,533
40936,534
40940,535
40944,536
40948,537
40952,538
40956,539
40960,540
40964,541
40968,542
40972,543
40976,544
40980,545
40984,546
40988,547
40992,548
40996,549
41000,550
41004,551
41008,552
41012,553
41016,554
41020,555
41024,556
41028,557
41032,558
41036,559
41040,560
41044,561
41048,562
41052,563
41056,564
41060,565
41064,566
41068,567
41072,568
41076,569
41080,570
41084,571
41088,572
41092,573
41096,574
41100,575
41104,576
41108,577
41112,578
41116,579
41120,580
41124,581
41128,582
41132,583
41136,584
41140,585
41144,586
41148,587
41152,588
41156,589
41160,590
41164,591
41168,592
41172,593
41176,594
41180,595
41184,596
41188,597
41192,598
41196,599
41200,600
41204,601
41208,602
41212,603
41216,604
41220,605
41224,606
41228,607
41232,608
41236,609
41240,610
41244,611
41248,612
41252,613
41256,614
41260,615
41264,616
41268,617
41272,618
41276,619
41280,620
41284,621
41288,622
41292,623
41296,624
41300,625
41304,626
41308,627
41312,628
41316,629
41320,630
41324,631
41328,632
41332,633
41336,634
41340,635
41344,636
41348,637
41352,638
41356,639
41360,640
41364,641
41368,642
41372,643
41376,644
41380,645
41384,646
41388,647
41392,648
41396,649
41400,650
41404,651
41408,652
41412,653
41416,654
41420,655
41424,656
41428,657
41432,658
41436,659
41440,660
41444,661
41448,662
41452,663
41456,664
41460,665
41464,666
41468,667
41472,668
41476,669
41480,670
41484,671
41488,672
41492,673
41496,674
41500,675
41504,676
41508,677
41512,678
41516,679
41520,680
41524,681
41528,682
41532,683
41536,684
41540,685
41544,686
41548,687
41552,688
41556,689
41560,690
41564,691
41568,692
41572,693
41576,694
41580,695
41584,696
41588,697
41592,698
41596,699
41600,700
41604,701
41608,702
41612,703
41616,704
41620,705
41624,706
41628,707
41632,708
41636,709
41640,710
41644,711
41648,712
41652,713
41656,714
41660,715
41664,716
41668,717
41672,718
41676,719
41680,720
41684,721
41688,722
41692,723
41696,724
41700,725
41704,726
41708,727
41712,728
41716,729
41720,730
41724,731
41728,732
41732,733
41736,734
41740,735
41744,736
41748,737
41752,738
41756,739
41760,740
41764,741
41768,742
41772,743
41776,744
41780,745
41784,746
41788,747
41792,748
41796,749
41800,750
41804,751
41808,752
41812,753
41816,754
41820,755
41824,756
41828,757
41832,758
41836,759
41840,760
41844,761
41848,762
41852,763
41856,764
41860,765
41864,766
41868,767
41872,768
41876,769
41880,770
41884,771
41888,772
41892,773
41896,774
41900,775
41904,776
41908,777
41912,778
41916,779
41920,780
41924,781
41928,782
41932,783
41936,784
41940,785
41944,786
41948,787
41952,788
41956,789
41960,790
41964,791
41968,792
41972,793
41976,794
41980,795
41984,796
41988,797
41992,798
41996,799
42000,800
42004,801
42008,802
42012,803
42016,804
42020,805
42024,806
42028,807
42032,808
42036,809
42040,810
42044,811
42048,812
42052,813
42056,814
42060,815
42064,816
42068,817
42072,818
42076,819
42080,820
42084,821
42088,822
42092,823
42096,824
42100,825
42104,826
42108,827
42112,828
42116,829
42120,830
42124,831
42128,832
42132,833
42136,834
42140,835
42144,836
42148,837
42152,838
42156,839
42160,840
42164,841
42168,842
42172,843
42176,844
42180,845
42184,846
42188,847
42192,848
42196,849
42200,850
42204,851
42208,852
42212,853
42216,854
42220,855
42224,856
42228,857
42232,858
42236,859
42240,860
42244,861
42248,862
42252,863
42256,864
42260,865
42264,866
42268,867
42272,868
42276,869
42280,870
42284,871
42288,872
42292,873
42296,874
42300,875
42304,876
42308,877
42312,878
42316,879
42320,880
42324,881
42328,882
42332,883
42336,884
42340,885
42344,886
42348,887
42352,888
42356,889
42360,890
42364,891
42368,892
42372,893
42376,894
42380,895
42384,896
42388,897
42392,898
42396,899
42400,900
42404,901
42408,902
42412,903
42416,904
42420,905
42424,906
42428,907
42432,908
42436,909
42440,910
42444,911
42448,912
42452,913
42456,914
42460,915
42464,916
42468,917
42472,918
42476,919
42480,920
42484,921
42488,922
42492,923
42496,924
42500,925
42504,926
42508,927
42512,928
42516,929
42520,930
42524,931
42528,932
42532,933
42536,934
42540,935
42544,936
42548,937
42552,938
42556,939
42560,940
42564,941
42568,942
42572,943
42576,944
42580,945
42584,946
42588,947
42592,948
42596,949
42600,950
42604,951
42608,952
42612,953
42616,954
42620,955
42624,956
42628,957
42632,958
42636,959
42640,960
42644,961
42648,962
42652,963
42656,964
42660,965
42664,966
42668,967
42672,968
42676,969
42680,970
42684,971
42688,972
42692,973
42696,974
42700,975
42704,976
42708,977
42712,978
42716,979
42720,980
42724,981
42728,982
42732,983
42736,984
42740,985
42744,986
42748,987
42752,988
42756,989
42760,990
42764,991
42768,992
42772,993
42776,994
42780,995
42784,996
42788,997
42792,998
42796,999
42800,1000
42804,1001
42808,1002
42812,1003
42816,1004
42820,1005
42824,1006
42828,1007
42832,1008
42836,1009
42840,1010
42844,1011
42848,1012
42852,1013
42856,1014
42860,1015
42864,1016
42868,1017
42872,1018
42876,1019
42880,1020
42884,1021
42888,1022
42892,1023
42896,1024
42900,1025
42904,1026
42908,1027
42912,1028
42916,1029
42920,1030
42924,1031
42928,1032
42932,1033
42936,1034
42940,1035
42944,1036
42948,1037
42952,1038
42956,1039
42960,1040
42964,1041
42968,1042
42972,1043
42976,1044
42980,1045
42984,1046
42988,1047
42992,1048
42996,1049
43000,1050
43004,1051
43008,1052
43012,1053
43016,1054
43020,1055
43024,1056
43028,1057
43032,1058
43036,1059
43040,1060
43044,1061
43048,1062
43052,1063
43056,1064
43060,1065
43064,1066
43068,1067
43072,1068
43076,1069
43080,1070
43084,1071
43088,1072
43092,1073
43096,1074
43100,1075
43104,1076
43108,1077
43112,1078
43116,1079
43120,1080
43124,1081
43128,1082
43132,1083
43136,1084
43140,1085
43144,1086
43148,1087
43152,1088
43156,1089
43160,1090
43164,1091
43168,1092
43172,1093
43176,1094
43180,1095
43184,1096
43188,1097
43192,1098
43196,1099
43200,1100
43204,1101
43208,1102
43212,1103
43216,1104
43220,1105
43224,1106
43228,1107
43232,1108
43236,1109
43240,1110
43244,1111
43248,1112
43252,1113
43256,1114
43260,1115
43264,1116
43268,1117
43272,1118
43276,1119
43280,1120
43284,1121
43288,1122
43292,1123
43296,1124
43300,1125
43304,1126
43308,1127
43312,1128
43316,1129
43320,1130
43324,1131
43328,1132
43332,1133
43336,1134
43340,1135
43344,1136
43348,1137
43352,1138
43356,1139
43360,1140
43364,1141
43368,1142
43372,1143
43376,1144
43380,1145
43384,1146
43388,1147
43392,1148
43396,1149
43400,1150
43404,1151
43408,1152
43412,1153
43416,1154
43420,1155
43424,1156
43428,1157
43432,1158
43436,1159
43440,1160
43444,1161
43448,1162
43452,1163
43456,1164
43460,1165
43464,1166
43468,1167
43472,1168
43476,1169
43480,1170
43484,1171
43488,1172
43492,1173
43496,1174
43500,1175
43504,1176
43508,1177
43512,1178
43516,1179
43520,1180
43524,1181
43528,1182
43532,1183
43536,1184
43540,1185
43544,1186
43548,1187
43552,1188
43556,1189
43560,1190
43564,1191
43568,1192
43572,1193
43576,1194
43580,1195
43584,1196
43588,1197
43592,1198
43596,1199
43600,1200
43604,1201
43608,1202
43612,1203
43616,1204
43620,1205
43624,1206
43628,1207
43632,1208
43636,1209
43640,1210
43644,1211
43648,1212
43652,1213
43656,1214
43660,1215
43664,1216
43668,1217
43672,1218
43676,1219
43680,1220
43684,1221
43688,1222
43692,1223
43696,1224
43700,1225
43704,1226
43708,1227
43712,1228
43716,1229
43720,1230
43724,1231
43728,1232
43732,1233
43736,1234
43740,1235
43744,1236
43748,1237
43752,1238
43756,1239
43760,1240
43764,1241
43768,1242
43772,1243
43776,1244
43780,1245
43784,1246
43788,1247
43792,1248
43796,1249
43800,1250
43804,1251
43808,1252
43812,1253
43816,1254
43820,1255
43824,1256
43828,1257
43832,1258
43836,1259
43840,1260
43844,1261
43848,1262
43852,1263
43856,1264
43860,1265
43864,1266
43868,1267
43872,1268
43876,1269
43880,1270
43884,1271
43888,1272
43892,1273
43896,1274
43900,1275
43904,1276
43908,1277
43912,1278
43916,1279
43920,1280
43924,1281
43928,1282
43932,1283
43936,1284
43940,1285
43944,1286
43948,1287
43952,1288
43956,1289
43960,1290
43964,1291
43968,1292
43972,1293
43976,1294
43980,1295
43984,1296
43988,1297
43992,1298
43996,1299
44000,1300
44004,1301
44008,1302
44012,1303
44016,1304
44020,1305
44024,1306
44028,1307
44032,1308
44036,1309
44040,1310
44044,1311
44048,1312
44052,1313
44056,1314
44060,1315
44064,1316
44068,1317
44072,1318
44076,1319
44080,1320
44084,1321
44088,1322
44092,1323
44096,1324
44100,1325
44104,1326
44108,1327
44112,1328
44116,1329
44120,1330
44124,1331
44128,1332
44132,1333
44136,1334
44140,1335
44144,1336
44148,1337
44152,1338
44156,1339
44160,1340
44164,1341
44168,1342
44172,1343
44176,1344
44180,1345
44184,1346
44188,1347
44192,1348
44196,1349
44200,1350
44204,1351
44208,1352
44212,1353
44216,1354
44220,1355
44224,1356
44228,1357
44232,1358
44236,1359
44240,1360
44244,1361
44248,1362
44252,1363
44256,1364
44260,1365
44264,1366
44268,1367
44272,1368
44276,1369
44280,1370
44284,1371
44288,1372
44292,1373
44296,1374
44300,1375
44304,1376
44308,1377
44312,1378
44316,1379
44320,1380
44324,1381
44328,1382
44332,1383
44336,1384
44340,1385
44344,1386
44348,1387
44352,1388
44356,1389
44360,1390
44364,1391
44368,1392
44372,1393
44376,1394
44380,1395
44384,1396
44388,1397
44392,1398
44396,1399
44400,1400
44404,1401
44408,1402
44412,1403
44416,1404
44420,1405
44424,1406
44428,1407
44432,1408
44436,1409
44440,1410
44444,1411
44448,1412
44452,1413
44456,1414
44460,1415
44464,1416
44468,1417
44472,1418
44476,1419
44480,1420
44484,1421
44488,1422
44492,1423
44496,1424
44500,1425
44504,1426
44508,1427
44512,1428
44516,1429
44520,1430
44524,1431
44528,1432
44532,1433
44536,1434
44540,1435
44544,1436
44548,1437
44552,1438
44556,1439
44560,1440
44564,1441
44568,1442
44572,1443
44576,1444
44580,1445
44584,1446
44588,1447
44592,1448
44596,1449
44600,1450
44604,1451
44608,1452
44612,1453
44616,1454
44620,1455
44624,1456
44628,1457
44632,1458
44636,1459
44640,1460
44644,1461
44648,1462
44652,1463
44656,1464
44660,1465
44664,1466
44668,1467
44672,1468
44676,1469
44680,1470
44684,1471
44688,1472
44692,1473
44696,1474
44700,1475
44704,1476
44708,1477
44712,1478
44716,1479
44720,1480
44724,1481
44728,1482
44732,1483
44736,1484
44740,1485
44744,1486
44748,1487
44752,1488
44756,1489
44760,1490
44764,1491
44768,1492
44772,1493
44776,1494
44780,1495
44784,1496
44788,1497
44792,1498
44796,1499
44800,1500
44804,1501
44808,1502
44812,1503
44816,1504
44820,1505
44824,1506
44828,1507
44832,1508
44836,1509
44840,1510
44844,1511
44848,1512
44852,1513
44856,1514
44860,1515
44864,1516
44868,1517
44872,1518
44876,1519
44880,1520
44884,1521
44888,1522
44892,1523
44896,1524
44900,1525
44904,1526
44908,1527
44912,1528
44916,1529
44920,1530
44924,1531
44928,1532
44932,1533
44936,1534
44940,1535
44944,1536
44948,1537
44952,1538
44956,1539
44960,1540
44964,1541
44968,1542
44972,1543
44976,1544
44980,1545
44984,1546
44988,1547
44992,1548
44996,1549
45000,1550
45004,1551
45008,1552
45012,1553
45016,1554
45020,1555
45024,1556
45028,1557
45032,1558
45036,1559
45040,1560
45044,1561
45048,1562
45052,1563
45056,1564
45060,1565
45064,1566
45068,1567
45072,1568
45076,1569
45080,1570
45084,1571
45088,1572
45092,1573
45096,1574
45100,1575
45104,1576
45108,1577
45112,1578
45116,1579
45120,1580
45124,1581
45128,1582
45132,1583
45136,1584
45140,1585
45144,1586
45148,1587
45152,1588
45156,1589
45160,1590
45164,1591
45168,1592
45172,1593
45176,1594
45180,1595
45184,1596
45188,1597
45192,1598
45196,1599
45200,1600
45204,1601
45208,1602
45212,1603
45216,1604
45220,1605
45224,1606
45228,1607
45232,1608
45236,1609
45240,1610
45244,1611
45248,1612
45252,1613
45256,1614
45260,1615
45264,1616
45268,1617
45272,1618
45276,1619
45280,1620
45284,1621
45288,1622
45292,1623
45296,1624
45300,1625
45304,1626
45308,1627
45312,1628
45316,1629
45320,1630
45324,1631
45328,1632
45332,1633
45336,1634
45340,1635
45344,1636
45348,1637
45352,1638
45356,1639
45360,1640
45364,1641
45368,1642
45372,1643
45376,1644
45380,1645
45384,1646
45388,1647
45392,1648
45396,1649
45400,1650
45404,1651
45408,1652
45412,1653
45416,1654
45420,1655
45424,1656
45428,1657
45432,1658
45436,1659
45440,1660
45444,1661
45448,1662
45452,1663
45456,1664
45460,1665
45464,1666
45468,1667
45472,1668
45476,1669
45480,1670
45484,1671
45488,1672
45492,1673
45496,1674
45500,1675
45504,1676
45508,1677
45512,1678
45516,1679
45520,1680
45524,1681
45528,1682
45532,1683
45536,1684
45540,1685
45544,1686
45548,1687
45552,1688
45556,1689
45560,1690
45564,1691
45568,1692
45572,1693
45576,1694
45580,1695
45584,1696
45588,1697
45592,1698
45596,1699
45600,1700
45604,1701
45608,1702
45612,1703
45616,1704
45620,1705
45624,1706
45628,1707
45632,1708
45636,1709
45640,1710
45644,1711
45648,1712
45652,1713
45656,1714
45660,1715
45664,1716
45668,1717
45672,1718
45676,1719
45680,1720
45684,1721
45688,1722
45692,1723
45696,1724
45700,1725
45704,1726
45708,1727
45712,1728
45716,1729
45720,1730
45724,1731
45728,1732
45732,1733
45736,1734
45740,1735
45744,1736
45748,1737
45752,1738
45756,1739
45760,1740
45764,1741
45768,1742
45772,1743
45776,1744
45780,1745
45784,1746
45788,1747
45792,1748
45796,1749
45800,1750
45804,1751
45808,1752
45812,1753
45816,1754
45820,1755
45824,1756
45828,1757
45832,1758
45836,1759
45840,1760
45844,1761
45848,1762
45852,1763
45856,1764
45860,1765
45864,1766
45868,1767
45872,1768
45876,1769
45880,1770
45884,1771
45888,1772
45892,1773
45896,1774
45900,1775
45904,1776
45908,1777
45912,1778
45916,1779
45920,1780
45924,1781
45928,1782
45932,1783
45936,1784
45940,1785
45944,1786
45948,1787
45952,1788
45956,1789
45960,1790
45964,1791
45968,1792
45972,1793
45976,1794
45980,1795
45984,1796
45988,1797
45992,1798
45996,1799
46000,1800
46004,1801
46008,1802
46012,1803
46016,1804
46020,1805
46024,1806
46028,1807
46032,1808
46036,1809
46040,1810
46044,1811
46048,1812
46052,1813
46056,1814
46060,1815
46064,1816
46068,1817
46072,1818
46076,1819
46080,1820
46084,1821
46088,1822
46092,1823
46096,1824
46100,1825
46104,1826
46108,1827
46112,1828
46116,1829
46120,1830
46124,1831
46128,1832
46132,1833
46136,1834
46140,1835
46144,1836
46148,1837
46152,1838
46156,1839
46160,1840
46164,1841
46168,1842
46172,1843
46176,1844
46180,1845
46184,1846
46188,1847
46192,1848
46196,1849
46200,1850
46204,1851
46208,1852
46212,1853
46216,1854
46220,1855
46224,1856
46228,1857
46232,1858
46236,1859
46240,1860
46244,1861
46248,1862
46252,1863
46256,1864
46260,1865
46264,1866
46268,1867
46272,1868
46276,1869
46280,1870
46284,1871
46288,1872
46292,1873
46296,1874
46300,1875
46304,1876
46308,1877
46312,1878
46316,1879
46320,1880
46324,1881
46328,1882
46332,1883
46336,1884
46340,1885
46344,1886
46348,1887
46352,1888
46356,1889
46360,1890
46364,1891
46368,1892
46372,1893
46376,1894
46380,1895
46384,1896
46388,1897
46392,1898
46396,1899
46400,1900
46404,1901
46408,1902
46412,1903
46416,1904
46420,1905
46424,1906
46428,1907
46432,1908
46436,1909
46440,1910
46444,1911
46448,1912
46452,1913
46456,1914
46460,1915
46464,1916
46468,1917
46472,1918
46476,1919
46480,1920
46484,1921
46488,1922
46492,1923
46496,1924
46500,1925
46504,1926
46508,1927
46512,1928
46516,1929
46520,1930
46524,1931
46528,1932
46532,1933
46536,1934
46540,1935
46544,1936
46548,1937
46552,1938
46556,1939
46560,1940
46564,1941
46568,1942
46572,1943
46576,1944
46580,1945
46584,1946
46588,1947
46592,1948
46596,1949
46600,1950
46604,1951
46608,1952
46612,1953
46616,1954
46620,1955
46624,1956
46628,1957
46632,1958
46636,1959
46640,1960
46644,1961
46648,1962
46652,1963
46656,1964
46660,1965
46664,1966
46668,1967
46672,1968
46676,1969
46680,1970
46684,1971
46688,1972
46692,1973
46696,1974
46700,1975
46704,1976
46708,1977
46712,1978
46716,1979
46720,1980
46724,1981
46728,1982
46732,1983
46736,1984
46740,1985
46744,1986
46748,1987
46752,1988
46756,1989
46760,1990
46764,1991
46768,1992
46772,1993
46776,1994
46780,1995
46784,1996
46788,1997
46792,1998
46796,1999
46800,2000
46804,2001
46808,2002
46812,2003
46816,2004
46820,2005
46824,2006
46828,2007
46832,2008
46836,2009
46840,2010
46844,2011
46848,2012
46852,2013
46856,2014
46860,2015
46864,2016
46868,2017
46872,2018
46876,2019
46880,2020
46884,2021
46888,2022
46892,2023
46896,2024
46900,2025
46904,2026
46908,2027
46912,2028
46916,2029
46920,2030
46924,2031
46928,2032
46932,2033
46936,2034
46940,2035
46944,2036
46948,2037
46952,2038
46956,2039
46960,2040
46964,2041
46968,2042
46972,2043
46976,2044
46980,2045
46984,2046
46988,2047
46992,2048
46996,2049
47000,2050
47004,2051
47008,2052
47012,2053
47016,2054
47020,2055
47024,2056
47028,2057
47032,2058
47036,2059
47040,2060
47044,2061
47048,2062
47052,2063
47056,2064
47060,2065
47064,2066
47068,2067
47072,2068
47076,2069
47080,2070
47084,2071
47088,2072
47092,2073
47096,2074
47100,2075
47104,2076
47108,2077
47112,2078
47116,2079
47120,2080
47124,2081
47128,2082
47132,2083
47136,2084
47140,2085
47144,2086
47148,2087
47152,2088
47156,2089
47160,2090
47164,2091
47168,2092
47172,2093
47176,2094
47180,2095
47184,2096
47188,2097
47192,2098
47196,2099
47200,2100
47204,2101
47208,2102
47212,2103
47216,2104
47220,2105
47224,2106
47228,2107
47232,2108
47236,2109
47240,2110
47244,2111
47248,2112
47252,2113
47256,2114
47260,2115
47264,2116
47268,2117
47272,2118
47276,2119
47280,2120
47284,2121
47288,2122
47292,2123
47296,2124
47300,2125
47304,2126
47308,2127
47312,2128
47316,2129
47320,2130
47324,2131
47328,2132
47332,2133
47336,2134
47340,2135
47344,2136
47348,2137
47352,2138
47356,2139
47360,2140
47364,2141
47368,2142
47372,2143
47376,2144
47380,2145
47384,2146
47388,2147
47392,2148
47396,2149
47400,2150
47404,2151
47408,2152
47412,2153
47416,2154
47420,2155
47424,2156
47428,2157
47432,2158
47436,2159
47440,2160
47444,2161
47448,2162
47452,2163
47456,2164
47460,2165
47464,2166
47468,2167
47472,2168
47476,2169
47480,2170
47484,2171
47488,2172
47492,2173
47496,2174
47500,2175
47504,2176
47508,2177
47512,2178
47516,2179
47520,2180
47524,2181
47528,2182
47532,2183
47536,2184
47540,2185
47544,2186
47548,2187
47552,2188
47556,2189
47560,2190
47564,2191
47568,2192
47572,2193
47576,2194
47580,2195
47584,2196
47588,2197
47592,2198
47596,2199
47600,2200
47604,2201
47608,2202
47612,2203
47616,2204
47620,2205
47624,2206
47628,2207
47632,2208
47636,2209
47640,2210
47644,2211
47648,2212
47652,2213
47656,2214
47660,2215
47664,2216
47668,2217
47672,2218
47676,2219
47680,2220
47684,2221
47688,2222
47692,2223
47696,2224
47700,2225
47704,2226
47708,2227
47712,2228
47716,2229
47720,2230
47724,2231
47728,2232
47732,2233
47736,2234
47740,2235
47744,2236
47748,2237
47752,2238
47756,2239
47760,2240
47764,2241
47768,2242
47772,2243
47776,2244
47780,2245
47784,2246
47788,2247
47792,2248
47796,2249
47800,2250
47804,2251
47808,2252
47812,2253
47816,2254
47820,2255
47824,2256
47828,2257
47832,2258
47836,2259
47840,2260
47844,2261
47848,2262
47852,2263
47856,2264
47860,2265
47864,2266
47868,2267
47872,2268
47876,2269
47880,2270
47884,2271
47888,2272
47892,2273
47896,2274
47900,2275
47904,2276
47908,2277
47912,2278
47916,2279
47920,2280
47924,2281
47928,2282
47932,2283
47936,2284
47940,2285
47944,2286
47948,2287
47952,2288
47956,2289
47960,2290
47964,2291
47968,2292
47972,2293
47976,2294
47980,2295
47984,2296
47988,2297
47992,2298
47996,2299
48000,2300
48004,2301
48008,2302
48012,2303
48016,2304
48020,2305
48024,2306
48028,2307
48032,2308
48036,2309
48040,2310
48044,2311
48048,2312
48052,2313
48056,2314
48060,2315
48064,2316
48068,2317
48072,2318
48076,2319
48080,2320
48084,2321
48088,2322
48092,2323
48096,2324
48100,2325
48104,2326
48108,2327
48112,2328
48116,2329
48120,2330
48124,2331
48128,2332
48132,2333
48136,2334
48140,2335
48144,2336
48148,2337
48152,2338
48156,2339
48160,2340
48164,2341
48168,2342
48172,2343
48176,2344
48180,2345
48184,2346
48188,2347
48192,2348
48196,2349
48200,2350
48204,2351
48208,2352
48212,2353
48216,2354
48220,2355
48224,2356
48228,2357
48232,2358
48236,2359
48240,2360
48244,2361
48248,2362
48252,2363
48256,2364
48260,2365
48264,2366
48268,2367
48272,2368
48276,2369
48280,2370
48284,2371
48288,2372
48292,2373
48296,2374
48300,2375
48304,2376
48308,2377
48312,2378
48316,2379
48320,2380
48324,2381
48328,2382
48332,2383
48336,2384
48340,2385
48344,2386
48348,2387
48352,2388
48356,2389
48360,2390
48364,2391
48368,2392
48372,2393
48376,2394
48380,2395
48384,2396
48388,2397
48392,2398
48396,2399
48400,2400
48404,2401
48408,2402
48412,2403
48416,2404
48420,2405
48424,2406
48428,2407
48432,2408
48436,2409
48440,2410
48444,2411
48448,2412
48452,2413
48456,2414
48460,2415
48464,2416
48468,2417
48472,2418
48476,2419
48480,2420
48484,2421
48488,2422
48492,2423
48496,2424
48500,2425
48504,2426
48508,2427
48512,2428
48516,2429
48520,2430
48524,2431
48528,2432
48532,2433
48536,2434
48540,2435
48544,2436
48548,2437
48552,2438
48556,2439
48560,2440
48564,2441
48568,2442
48572,2443
48576,2444
48580,2445
48584,2446
48588,2447
48592,2448
48596,2449
48600,2450
48604,2451
48608,2452
48612,2453
48616,2454
48620,2455
48624,2456
48628,2457
48632,2458
48636,2459
48640,2460
48644,2461
48648,2462
48652,2463
48656,2464
48660,2465
48664,2466
48668,2467
48672,2468
48676,2469
48680,2470
48684,2471
48688,2472
48692,2473
48696,2474
48700,2475
48704,2476
48708,2477
48712,2478
48716,2479
48720,2480
48724,2481
48728,2482
48732,2483
48736,2484
48740,2485
48744,2486
48748,2487
48752,2488
48756,2489
48760,2490
48764,2491
48768,2492
48772,2493
48776,2494
48780,2495
48784,2496
48788,2497
48792,2498
48796,2499
48800,2500
48804,2501
48808,2502
48812,2503
48816,2504
48820,2505
48824,2506
48828,2507
48832,2508
48836,2509
48840,2510
48844,2511
48848,2512
48852,2513
48856,2514
48860,2515
48864,2516
48868,2517
48872,2518
48876,2519
48880,2520
48884,2521
48888,2522
48892,2523
48896,2524
48900,2525
48904,2526
48908,2527
48912,2528
48916,2529
48920,2530
48924,2531
48928,2532
48932,2533
48936,2534
48940,2535
48944,2536
48948,2537
48952,2538
48956,2539
48960,2540
48964,2541
48968,2542
48972,2543
48976,2544
48980,2545
48984,2546
48988,2547
48992,2548
48996,2549
49000,2550
49004,2551
49008,2552
49012,2553
49016,2554
49020,2555
49024,2556
49028,2557
49032,2558
49036,2559
49040,2560
49044,2561
49048,2562
49052,2563
49056,2564
49060,2565
49064,2566
49068,2567
49072,2568
49076,2569
49080,2570
49084,2571
49088,2572
49092,2573
49096,2574
49100,2575
49104,2576
49108,2577
49112,2578
49116,2579
49120,2580
49124,2581
49128,2582
49132,2583
49136,2584
49140,2585
49144,2586
49148,2587
49152,2588
49156,2589
49160,2590
49164,2591
49168,2592
49172,2593
49176,2594
49180,2595
49184,2596
49188,2597
49192,2598
49196,2599
49200,2600
49204,2601
49208,2602
49212,2603
49216,2604
49220,2605
49224,2606
49228,2607
49232,2608
49236,2609
49240,2610
49244,2611
49248,2612
49252,2613
49256,2614
49260,2615
49264,2616
49268,2617
49272,2618
49276,2619
49280,2620
49284,2621
49288,2622
49292,2623
49296,2624
49300,2625
49304,2626
49308,2627
49312,2628
49316,2629
49320,2630
49324,2631
49328,2632
49332,2633
49336,2634
49340,2635
49344,2636
49348,2637
49352,2638
49356,2639
49360,2640
49364,2641
49368,2642
49372,2643
49376,2644
49380,2645
49384,2646
49388,2647
49392,2648
49396,2649
49400,2650
49404,2651
49408,2652
49412,2653
49416,2654
49420,2655
49424,2656
49428,2657
49432,2658
49436,2659
49440,2660
49444,2661
49448,2662
49452,2663
49456,2664
49460,2665
49464,2666
49468,2667
49472,2668
49476,2669
49480,2670
49484,2671
49488,2672
49492,2673
49496,2674
49500,2675
49504,2676
49508,2677
49512,2678
49516,2679
49520,2680
49524,2681
49528,2682
49532,2683
49536,2684
49540,2685
49544,2686
49548,2687
49552,2688
49556,2689
49560,2690
49564,2691
49568,2692
49572,2693
49576,2694
49580,2695
49584,2696
49588,2697
49592,2698
49596,2699
49600,2700
49604,2701
49608,2702
49612,2703
49616,2704
49620,2705
49624,2706
49628,2707
49632,2708
49636,2709
49640,2710
49644,2711
49648,2712
49652,2713
49656,2714
49660,2715
49664,2716
49668,2717
49672,2718
49676,2719
49680,2720
49684,2721
49688,2722
49692,2723
49696,2724
49700,2725
49704,2726
49708,2727
49712,2728
49716,2729
49720,2730
49724,2731
49728,2732
49732,2733
49736,2734
49740,2735
49744,2736
49748,2737
49752,2738
49756,2739
49760,2740
49764,2741
49768,2742
49772,2743
49776,2744
49780,2745
49784,2746
49788,2747
49792,2748
49796,2749
49800,2750
49804,2751
49808,2752
49812,2753
49816,2754
49820,2755
49824,2756
49828,2757
49832,2758
49836,2759
49840,2760
49844,2761
49848,2762
49852,2763
49856,2764
49860,2765
49864,2766
49868,2767
49872,2768
49876,2769
49880,2770
49884,2771
49888,2772
49892,2773
49896,2774
49900,2775
49904,2776
49908,2777
49912,2778
49916,2779
49920,2780
49924,2781
49928,2782
49932,2783
49936,2784
49940,2785
49944,2786
49948,2787
49952,2788
49956,2789
49960,2790
49964,2791
49968,2792
49972,2793
49976,2794
49980,2795
49984,2796
49988,2797
49992,2798
49996,2799
50000,2800
50004,2801
50008,2802
50012,2803
50016,2804
50020,2805
50024,2806
50028,2807
50032,2808
50036,2809
50040,2810
50044,2811
50048,2812
50052,2813
50056,2814
50060,2815
50064,2816
50068,2817
50072,2818
50076,2819
50080,2820
50084,2821
50088,2822
50092,2823
50096,2824
50100,2825
50104,2826
50108,2827
50112,2828
50116,2829
50120,2830
50124,2831
50128,2832
50132,2833
50136,2834
50140,2835
50144,2836
50148,2837
50152,2838
50156,2839
50160,2840
50164,2841
50168,2842
50172,2843
50176,2844
50180,2845
50184,2846
50188,2847
50192,2848
50196,2849
50200,2850
50204,2851
50208,2852
50212,2853
50216,2854
50220,2855
50224,2856
50228,2857
50232,2858
50236,2859
50240,2860
50244,2861
50248,2862
50252,2863
50256,2864
50260,2865
50264,2866
50268,2867
50272,2868
50276,2869
50280,2870
50284,2871
50288,2872
50292,2873
50296,2874
50300,2875
50304,2876
50308,2877
50312,2878
50316,2879
50320,2880
50324,2881
50328,2882
50332,2883
50336,2884
50340,2885
50344,2886
50348,2887
50352,2888
50356,2889
50360,2890
50364,2891
50368,2892
50372,2893
50376,2894
50380,2895
50384,2896
50388,2897
50392,2898
50396,2899
50400,2900
50404,2901
50408,2902
50412,2903
50416,2904
50420,2905
50424,2906
50428,2907
50432,2908
50436,2909
50440,2910
50444,2911
50448,2912
50452,2913
50456,2914
50460,2915
50464,2916
50468,2917
50472,2918
50476,2919
50480,2920
50484,2921
50488,2922
50492,2923
50496,2924
50500,2925
50504,2926
50508,2927
50512,2928
50516,2929
50520,2930
50524,2931
50528,2932
50532,2933
50536,2934
50540,2935
50544,2936
50548,2937
50552,2938
50556,2939
50560,2940
50564,2941
50568,2942
50572,2943
50576,2944
50580,2945
50584,2946
50588,2947
50592,2948
50596,2949
50600,2950
50604,2951
50608,2952
50612,2953
50616,2954
50620,2955
50624,2956
50628,2957
50632,2958
50636,2959
50640,2960
50644,2961
50648,2962
50652,2963
50656,2964
50660,2965
50664,2966
50668,2967
50672,2968
50676,2969
50680,2970
50684,2971
50688,2972
50692,2973
50696,2974
50700,2975
50704,2976
50708,2977
50712,2978
50716,2979
50720,2980
50724,2981
50728,2982
50732,2983
50736,2984
50740,2985
50744,2986
50748,2987
50752,2988
50756,2989
50760,2990
50764,2991
50768,2992
50772,2993
50776,2994
50780,2995
50784,2996
50788,2997
50792,2998
50796,2999
50800,3000
50804,3001
50808,3002
50812,3003
50816,3004
50820,3005
50824,3006
50828,3007
50832,3008
50836,3009
50840,3010
50844,3011
50848,3012
50852,3013
50856,3014
50860,3015
50864,3016
50868,3017
50872,3018
50876,3019
50880,3020
50884,3021
50888,3022
50892,3023
50896,3024
50900,3025
50904,3026
50908,3027
50912,3028
50916,3029
50920,3030
50924,3031
50928,3032
50932,3033
50936,3034
50940,3035
50944,3036
50948,3037
50952,3038
50956,3039
50960,3040
50964,3041
50968,3042
50972,3043
50976,3044
50980,3045
50984,3046
50988,3047
50992,3048
50996,3049
51000,3050
51004,3051
51008,3052
51012,3053
51016,3054
51020,3055
51024,3056
51028,3057
51032,3058
51036,3059
51040,3060
51044,3061
51048,3062
51052,3063
51056,3064
51060,3065
51064,3066
51068,3067
51072,3068
51076,3069
51080,3070
51084,3071
51088,3072
51092,3073
51096,3074
51100,3075
51104,3076
51108,3077
51112,3078
51116,3079
51120,3080
51124,3081
51128,3082
51132,3083
51136,3084
51140,3085
51144,3086
51148,3087
51152,3088
51156,3089
51160,3090
51164,3091
51168,3092
51172,3093
51176,3094
51180,3095
51184,3096
51188,3097
51192,3098
51196,3099
51200,3100
51204,3101
51208,3102
51212,3103
51216,3104
51220,3105
51224,3106
51228,3107
51232,3108
51236,3109
51240,3110
51244,3111
51248,3112
51252,3113
51256,3114
51260,3115
51264,3116
51268,3117
51272,3118
51276,3119
51280,3120
51284,3121
51288,3122
51292,3123
51296,3124
51300,3125
51304,3126
51308,3127
51312,3128
51316,3129
51320,3130
51324,3131
51328,3132
51332,3133
51336,3134
51340,3135
51344,3136
51348,3137
51352,3138
51356,3139
51360,3140
51364,3141
51368,3142
51372,3143
51376,3144
51380,3145
51384,3146
51388,3147
51392,3148
51396,3149
51400,3150
51404,3151
51408,3152
51412,3153
51416,3154
51420,3155
51424,3156
51428,3157
51432,3158
51436,3159
51440,3160
51444,3161
51448,3162
51452,3163
51456,3164
51460,3165
51464,3166
51468,3167
51472,3168
51476,3169
51480,3170
51484,3171
51488,3172
51492,3173
51496,3174
51500,3175
51504,3176
51508,3177
51512,3178
51516,3179
51520,3180
51524,3181
51528,3182
51532,3183
51536,3184
51540,3185
51544,3186
51548,3187
51552,3188
51556,3189
51560,3190
51564,3191
51568,3192
51572,3193
51576,3194
51580,3195
51584,3196
51588,3197
51592,3198
51596,3199
51600,3200
51604,3201
51608,3202
51612,3203
51616,3204
51620,3205
51624,3206
51628,3207
51632,3208
51636,3209
51640,3210
51644,3211
51648,3212
51652,3213
51656,3214
51660,3215
51664,3216
51668,3217
51672,3218
51676,3219
51680,3220
51684,3221
51688,3222
51692,3223
51696,3224
51700,3225
51704,3226
51708,3227
51712,3228
51716,3229
51720,3230
51724,3231
51728,3232
51732,3233
51736,3234
51740,3235
51744,3236
51748,3237
51752,3238
51756,3239
51760,3240
51764,3241
51768,3242
51772,3243
51776,3244
51780,3245
51784,3246
51788,3247
51792,3248
51796,3249
51800,3250
51804,3251
51808,3252
51812,3253
51816,3254
51820,3255
51824,3256
51828,3257
51832,3258
51836,3259
51840,3260
51844,3261
51848,3262
51852,3263
51856,3264
51860,3265
51864,3266
51868,3267
51872,3268
51876,3269
51880,3270
51884,3271
51888,3272
51892,3273
51896,3274
51900,3275
51904,3276
51908,3277
51912,3278
51916,3279
51920,3280
51924,3281
51928,3282
51932,3283
51936,3284
51940,3285
51944,3286
51948,3287
51952,3288
51956,3289
51960,3290
51964,3291
51968,3292
51972,3293
51976,3294
51980,3295
51984,3296
51988,3297
51992,3298
51996,3299
52000,3300
52004,3301
52008,3302
52012,3303
52016,3304
52020,3305
52024,3306
52028,3307
52032,3308
52036,3309
52040,3310
52044,3311
52048,3312
52052,3313
52056,3314
52060,3315
52064,3316
52068,3317
52072,3318
52076,3319
52080,3320
52084,3321
52088,3322
52092,3323
52096,3324
52100,3325
52104,3326
52108,3327
52112,3328
52116,3329
52120,3330
52124,3331
52128,3332
52132,3333
52136,3334
52140,3335
52144,3336
52148,3337
52152,3338
52156,3339
52160,3340
52164,3341
52168,3342
52172,3343
52176,3344
52180,3345
52184,3346
52188,3347
52192,3348
52196,3349
52200,3350
52204,3351
52208,3352
52212,3353
52216,3354
52220,3355
52224,3356
52228,3357
52232,3358
52236,3359
52240,3360
52244,3361
52248,3362
52252,3363
52256,3364
52260,3365
52264,3366
52268,3367
52272,3368
52276,3369
52280,3370
52284,3371
52288,3372
52292,3373
52296,3374
52300,3375
52304,3376
52308,3377
52312,3378
52316,3379
52320,3380
52324,3381
52328,3382
52332,3383
52336,3384
52340,3385
52344,3386
52348,3387
52352,3388
52356,3389
52360,3390
52364,3391
52368,3392
52372,3393
52376,3394
52380,3395
52384,3396
52388,3397
52392,3398
52396,3399
52400,3400
52404,3401
52408,3402
52412,3403
52416,3404
52420,3405
52424,3406
52428,3407
52432,3408
52436,3409
52440,3410
52444,3411
52448,3412
52452,3413
52456,3414
52460,3415
52464,3416
52468,3417
52472,3418
52476,3419
52480,3420
52484,3421
52488,3422
52492,3423
52496,3424
52500,3425
52504,3426
52508,3427
52512,3428
52516,3429
52520,3430
52524,3431
52528,3432
52532,3433
52536,3434
52540,3435
52544,3436
52548,3437
52552,3438
52556,3439
52560,3440
52564,3441
52568,3442
52572,3443
52576,3444
52580,3445
52584,3446
52588,3447
52592,3448
52596,3449
52600,3450
52604,3451
52608,3452
52612,3453
52616,3454
52620,3455
52624,3456
52628,3457
52632,3458
52636,3459
52640,3460
52644,3461
52648,3462
52652,3463
52656,3464
52660,3465
52664,3466
52668,3467
52672,3468
52676,3469
52680,3470
52684,3471
52688,3472
52692,3473
52696,3474
52700,3475
52704,3476
52708,3477
52712,3478
52716,3479
52720,3480
52724,3481
52728,3482
52732,3483
52736,3484
52740,3485
52744,3486
52748,3487
52752,3488
52756,3489
52760,3490
52764,3491
52768,3492
52772,3493
52776,3494
52780,3495
52784,3496
52788,3497
52792,3498
52796,3499
52800,3500
52804,3501
52808,3502
52812,3503
52816,3504
52820,3505
52824,3506
52828,3507
52832,3508
52836,3509
52840,3510
52844,3511
52848,3512
52852,3513
52856,3514
52860,3515
52864,3516
52868,3517
52872,3518
52876,3519
52880,3520
52884,3521
52888,3522
52892,3523
52896,3524
52900,3525
52904,3526
52908,3527
52912,3528
52916,3529
52920,3530
52924,3531
52928,3532
52932,3533
52936,3534
52940,3535
52944,3536
52948,3537
52952,3538
52956,3539
52960,3540
52964,3541
52968,3542
52972,3543
52976,3544
52980,3545
52984,3546
52988,3547
52992,3548
52996,3549
53000,3550
53004,3551
53008,3552
53012,3553
53016,3554
53020,3555
53024,3556
53028,3557
53032,3558
53036,3559
53040,3560
53044,3561
53048,3562
53052,3563
53056,3564
53060,3565
53064,3566
53068,3567
53072,3568
53076,3569
53080,3570
53084,3571
53088,3572
53092,3573
53096,3574
53100,3575
53104,3576
53108,3577
53112,3578
53116,3579
53120,3580
53124,3581
53128,3582
53132,3583
53136,3584
53140,3585
53144,3586
53148,3587
53152,3588
53156,3589
53160,3590
53164,3591
53168,3592
53172,3593
53176,3594
53180,3595
53184,3596
53188,3597
53192,3598
53196,3599
53200,3600
53204,3601
53208,3602
53212,3603
53216,3604
53220,3605
53224,3606
53228,3607
53232,3608
53236,3609
53240,3610
53244,3611
53248,3612
53252,3613
53256,3614
53260,3615
53264,3616
53268,3617
53272,3618
53276,3619
53280,3620
53284,3621
53288,3622
53292,3623
53296,3624
53300,3625
53304,3626
53308,3627
53312,3628
53316,3629
53320,3630
53324,3631
53328,3632
53332,3633
53336,3634
53340,3635
53344,3636
53348,3637
53352,3638
53356,3639
53360,3640
53364,3641
53368,3642
53372,3643
53376,3644
53380,3645
53384,3646
53388,3647
53392,3648
53396,3649
53400,3650
53404,3651
53408,3652
53412,3653
53416,3654
53420,3655
53424,3656
53428,3657
53432,3658
53436,3659
53440,3660
53444,3661
53448,3662
53452,3663
53456,3664
53460,3665
53464,3666
53468,3667
53472,3668
53476,3669
53480,3670
53484,3671
53488,3672
53492,3673
53496,3674
53500,3675
53504,3676
53508,3677
53512,3678
53516,3679
53520,3680
53524,3681
53528,3682
53532,3683
53536,3684
53540,3685
53544,3686
53548,3687
53552,3688
53556,3689
53560,3690
53564,3691
53568,3692
53572,3693
53576,3694
53580,3695
53584,3696
53588,3697
53592,3698
53596,3699
53600,3700
53604,3701
53608,3702
53612,3703
53616,3704
53620,3705
53624,3706
53628,3707
53632,3708
53636,3709
53640,3710
53644,3711
53648,3712
53652,3713
53656,3714
53660,3715
53664,3716
53668,3717
53672,3718
53676,3719
53680,3720
53684,3721
53688,3722
53692,3723
53696,3724
53700,3725
53704,3726
53708,3727
53712,3728
53716,3729
53720,3730
53724,3731
53728,3732
53732,3733
53736,3734
53740,3735
53744,3736
53748,3737
53752,3738
53756,3739
53760,3740
53764,3741
53768,3742
53772,3743
53776,3744
53780,3745
53784,3746
53788,3747
53792,3748
53796,3749
53800,3750
53804,3751
53808,3752
53812,3753
53816,3754
53820,3755
53824,3756
53828,3757
53832,3758
53836,3759
53840,3760
53844,3761
53848,3762
53852,3763
53856,3764
53860,3765
53864,3766
53868,3767
53872,3768
53876,3769
53880,3770
53884,3771
53888,3772
53892,3773
53896,3774
53900,3775
53904,3776
53908,3777
53912,3778
53916,3779
53920,3780
53924,3781
53928,3782
53932,3783
53936,3784
53940,3785
53944,3786
53948,3787
53952,3788
53956,3789
53960,3790
53964,3791
53968,3792
53972,3793
53976,3794
53980,3795
53984,3796
53988,3797
53992,3798
53996,3799
54000,3800
54004,3801
54008,3802
54012,3803
54016,3804
54020,3805
54024,3806
54028,3807
54032,3808
54036,3809
54040,3810
54044,3811
54048,3812
54052,3813
54056,3814
54060,3815
54064,3816
54068,3817
54072,3818
54076,3819
54080,3820
54084,3821
54088,3822
54092,3823
54096,3824
54100,3825
54104,3826
54108,3827
54112,3828
54116,3829
54120,3830
54124,3831
54128,3832
54132,3833
54136,3834
54140,3835
54144,3836
54148,3837
54152,3838
54156,3839
54160,3840
54164,3841
54168,3842
54172,3843
54176,3844
54180,3845
54184,3846
54188,3847
54192,3848
54196,3849
54200,3850
54204,3851
54208,3852
54212,3853
54216,3854
54220,3855
54224,3856
54228,3857
54232,3858
54236,3859
54240,3860
54244,3861
54248,3862
54252,3863
54256,3864
54260,3865
54264,3866
54268,3867
54272,3868
54276,3869
54280,3870
54284,3871
54288,3872
54292,3873
54296,3874
54300,3875
54304,3876
54308,3877
54312,3878
54316,3879
54320,3880
54324,3881
54328,3882
54332,3883
54336,3884
54340,3885
54344,3886
54348,3887
54352,3888
54356,3889
54360,3890
54364,3891
54368,3892
54372,3893
54376,3894
54380,3895
54384,3896
54388,3897
54392,3898
54396,3899
54400,3900
54404,3901
54408,3902
54412,3903
54416,3904
54420,3905
54424,3906
54428,3907
54432,3908
54436,3909
54440,3910
54444,3911
54448,3912
54452,3913
54456,3914
54460,3915
54464,3916
54468,3917
54472,3918
54476,3919
54480,3920
54484,3921
54488,3922
54492,3923
54496,3924
54500,3925
54504,3926
54508,3927
54512,3928
54516,3929
54520,3930
54524,3931
54528,3932
54532,3933
54536,3934
54540,3935
54544,3936
54548,3937
54552,3938
54556,3939
54560,3940
54564,3941
54568,3942
54572,3943
54576,3944
54580,3945
54584,3946
54588,3947
54592,3948
54596,3949
54600,3950
54604,3951
54608,3952
54612,3953
54616,3954
54620,3955
54624,3956
54628,3957
54632,3958
54636,3959
54640,3960
54644,3961
54648,3962
54652,3963
54656,3964
54660,3965
54664,3966
54668,3967
54672,3968
54676,3969
54680,3970
54684,3971
54688,3972
54692,3973
54696,3974
54700,3975
54704,3976
54708,3977
54712,3978
54716,3979
54720,3980
54724,3981
54728,3982
54732,3983
54736,3984
54740,3985
54744,3986
54748,3987
54752,3988
54756,3989
54760,3990
54764,3991
54768,3992
54772,3993
54776,3994
54780,3995
54784,3996
54788,3997
54792,3998
54796,3999
54800,4000
54804,4001
54808,4002
54812,4003
54816,4004
54820,4005
54824,4006
54828,4007
54832,4008
54836,4009
54840,4010
54844,4011
54848,4012
54852,4013
54856,4014
54860,4015
54864,4016
54868,4017
54872,4018
54876,4019
54880,4020
54884,4021
54888,4022
54892,4023
54896,4024
54900,4025
54904,4026
54908,4027
54912,4028
54916,4029
54920,4030
54924,4031
54928,4032
54932,4033
54936,4034
54940,4035
54944,4036
54948,4037
54952,4038
54956,4039
54960,4040
54964,4041
54968,4042
54972,4043
54976,4044
54980,4045
54984,4046
54988,4047
54992,4048
54996,4049
55000,4050
55004,4051
55008,4052
55012,4053
55016,4054
55020,4055
55024,4056
55028,4057
55032,4058
55036,4059
55040,4060
55044,4061
55048,4062
55052,4063
55056,4064
55060,4065
55064,4066
55068,4067
55072,4068
55076,4069
55080,4070
55084,4071
55088,4072
55092,4073
55096,4074
55100,4075
55104,4076
55108,4077
55112,4078
55116,4079
55120,4080
55124,4081
55128,4082
55132,4083
55136,4084
55140,4085
55144,4086
55148,4087
55152,4088
55156,4089
55160,4090
55164,4091
55168,4092
55172,4093
55176,4094
55180,4095
55184,4096
55188,4097
55192,4098
55196,4099
55200,4100
55204,4101
55208,4102
55212,4103
55216,4104
55220,4105
55224,4106
55228,4107
55232,4108
55236,4109
55240,4110
55244,4111
55248,4112
55252,4113
55256,4114
55260,4115
55264,4116
55268,4117
55272,4118
55276,4119
55280,4120
55284,4121
55288,4122
55292,4123
55296,4124
55300,4125
55304,4126
55308,4127
55312,4128
55316,4129
55320,4130
55324,4131
55328,4132
55332,4133
55336,4134
55340,4135
55344,4136
55348,4137
55352,4138
55356,4139
55360,4140
55364,4141
55368,4142
55372,4143
55376,4144
55380,4145
55384,4146
55388,4147
55392,4148
55396,4149
55400,4150
55404,4151
55408,4152
55412,4153
55416,4154
55420,4155
55424,4156
55428,4157
55432,4158
55436,4159
55440,4160
55444,4161
55448,4162
55452,4163
55456,4164
55460,4165
55464,4166
55468,4167
55472,4168
55476,4169
55480,4170
55484,4171
55488,4172
55492,4173
55496,4174
55500,4175
55504,4176
55508,4177
55512,4178
55516,4179
55520,4180
55524,4181
55528,4182
55532,4183
55536,4184
55540,4185
55544,4186
55548,4187
55552,4188
55556,4189
55560,4190
55564,4191
55568,4192
55572,4193
55576,4194
55580,4195
55584,4196
55588,4197
55592,4198
55596,4199
55600,4200
55604,4201
55608,4202
55612,4203
55616,4204
55620,4205
55624,4206
55628,4207
55632,4208
55636,4209
55640,4210
55644,4211
55648,4212
55652,4213
55656,4214
55660,4215
55664,4216
55668,4217
55672,4218
55676,4219
55680,4220
55684,4221
55688,4222
55692,4223
55696,4224
55700,4225
55704,4226
55708,4227
55712,4228
55716,4229
55720,4230
55724,4231
55728,4232
55732,4233
55736,4234
55740,4235
55744,4236
55748,4237
55752,4238
55756,4239
55760,4240
55764,4241
55768,4242
55772,4243
55776,4244
55780,4245
55784,4246
55788,4247
55792,4248
55796,4249
55800,4250
55804,4251
55808,4252
55812,4253
55816,4254
55820,4255
55824,4256
55828,4257
55832,4258
55836,4259
55840,4260
55844,4261
55848,4262
55852,4263
55856,4264
55860,4265
55864,4266
55868,4267
55872,4268
55876,4269
55880,4270
55884,4271
55888,4272
55892,4273
55896,4274
55900,4275
55904,4276
55908,4277
55912,4278
55916,4279
55920,4280
55924,4281
55928,4282
55932,4283
55936,4284
55940,4285
55944,4286
55948,4287
55952,4288
55956,4289
55960,4290
55964,4291
55968,4292
55972,4293
55976,4294
55980,4295
55984,4296
55988,4297
55992,4298
55996,4299
56000,4300
56004,4301
56008,4302
56012,4303
56016,4304
56020,4305
56024,4306
56028,4307
56032,4308
56036,4309
56040,4310
56044,4311
56048,4312
56052,4313
56056,4314
56060,4315
56064,4316
56068,4317
56072,4318
56076,4319
56080,4320
56084,4321
56088,4322
56092,4323
56096,4324
56100,4325
56104,4326
56108,4327
56112,4328
56116,4329
56120,4330
56124,4331
56128,4332
56132,4333
56136,4334
56140,4335
56144,4336
56148,4337
56152,4338
56156,4339
56160,4340
56164,4341
56168,4342
56172,4343
56176,4344
56180,4345
56184,4346
56188,4347
56192,4348
56196,4349
56200,4350
56204,4351
56208,4352
56212,4353
56216,4354
56220,4355
56224,4356
56228,4357
56232,4358
56236,4359
56240,4360
56244,4361
56248,4362
56252,4363
56256,4364
56260,4365
56264,4366
56268,4367
56272,4368
56276,4369
56280,4370
56284,4371
56288,4372
56292,4373
56296,4374
56300,4375
56304,4376
56308,4377
56312,4378
56316,4379
56320,4380
56324,4381
56328,4382
56332,4383
56336,4384
56340,4385
56344,4386
56348,4387
56352,4388
56356,4389
56360,4390
56364,4391
56368,4392
56372,4393
56376,4394
56380,4395
56384,4396
56388,4397
56392,4398
56396,4399
56400,4400
56404,4401
56408,4402
56412,4403
56416,4404
56420,4405
56424,4406
56428,4407
56432,4408
56436,4409
56440,4410
56444,4411
56448,4412
56452,4413
56456,4414
56460,4415
56464,4416
56468,4417
56472,4418
56476,4419
56480,4420
56484,4421
56488,4422
56492,4423
56496,4424
56500,4425
56504,4426
56508,4427
56512,4428
56516,4429
56520,4430
56524,4431
56528,4432
56532,4433
56536,4434
56540,4435
56544,4436
56548,4437
56552,4438
56556,4439
56560,4440
56564,4441
56568,4442
56572,4443
56576,4444
56580,4445
56584,4446
56588,4447
56592,4448
56596,4449
56600,4450
56604,4451
56608,4452
56612,4453
56616,4454
56620,4455
56624,4456
56628,4457
56632,4458
56636,4459
56640,4460
56644,4461
56648,4462
56652,4463
56656,4464
56660,4465
56664,4466
56668,4467
56672,4468
56676,4469
56680,4470
56684,4471
56688,4472
56692,4473
56696,4474
56700,4475
56704,4476
56708,4477
56712,4478
56716,4479
56720,4480
56724,4481
56728,4482
56732,4483
56736,4484
56740,4485
56744,4486
56748,4487
56752,4488
56756,4489
56760,4490
56764,4491
56768,4492
56772,4493
56776,4494
56780,4495
56784,4496
56788,4497
56792,4498
56796,4499
56800,4500
56804,4501
56808,4502
56812,4503
56816,4504
56820,4505
56824,4506
56828,4507
56832,4508
56836,4509
56840,4510
56844,4511
56848,4512
56852,4513
56856,4514
56860,4515
56864,4516
56868,4517
56872,4518
56876,4519
56880,4520
56884,4521
56888,4522
56892,4523
56896,4524
56900,4525
56904,4526
56908,4527
56912,4528
56916,4529
56920,4530
56924,4531
56928,4532
56932,4533
56936,4534
56940,4535
56944,4536
56948,4537
56952,4538
56956,4539
56960,4540
56964,4541
56968,4542
56972,4543
56976,4544
56980,4545
56984,4546
56988,4547
56992,4548
56996,4549
57000,4550
57004,4551
57008,4552
57012,4553
57016,4554
57020,4555
57024,4556
57028,4557
57032,4558
57036,4559
57040,4560
57044,4561
57048,4562
57052,4563
57056,4564
57060,4565
57064,4566
57068,4567
57072,4568
57076,4569
57080,4570
57084,4571
57088,4572
57092,4573
57096,4574
57100,4575
57104,4576
57108,4577
57112,4578
57116,4579
57120,4580
57124,4581
57128,4582
57132,4583
57136,4584
57140,4585
57144,4586
57148,4587
57152,4588
57156,4589
57160,4590
57164,4591
57168,4592
57172,4593
57176,4594
57180,4595
57184,4596
57188,4597
57192,4598
57196,4599
57200,4600
57204,4601
57208,4602
57212,4603
57216,4604
57220,4605
57224,4606
57228,4607
57232,4608
57236,4609
57240,4610
57244,4611
57248,4612
57252,4613
57256,4614
57260,4615
57264,4616
57268,4617
57272,4618
57276,4619
57280,4620
57284,4621
57288,4622
57292,4623
57296,4624
57300,4625
57304,4626
57308,4627
57312,4628
57316,4629
57320,4630
57324,4631
57328,4632
57332,4633
57336,4634
57340,4635
57344,4636
57348,4637
57352,4638
57356,4639
57360,4640
57364,4641
57368,4642
57372,4643
57376,4644
57380,4645
57384,4646
57388,4647
57392,4648
57396,4649
57400,4650
57404,4651
57408,4652
57412,4653
57416,4654
57420,4655
57424,4656
57428,4657
57432,4658
57436,4659
57440,4660
57444,4661
57448,4662
57452,4663
57456,4664
57460,4665
57464,4666
57468,4667
57472,4668
57476,4669
57480,4670
57484,4671
57488,4672
57492,4673
57496,4674
57500,4675
57504,4676
57508,4677
57512,4678
57516,4679
57520,4680
57524,4681
57528,4682
57532,4683
57536,4684
57540,4685
57544,4686
57548,4687
57552,4688
57556,4689
57560,4690
57564,4691
57568,4692
57572,4693
57576,4694
57580,4695
57584,4696
57588,4697
57592,4698
57596,4699
57600,4700
57604,4701
57608,4702
57612,4703
57616,4704
57620,4705
57624,4706
57628,4707
57632,4708
57636,4709
57640,4710
57644,4711
57648,4712
57652,4713
57656,4714
57660,4715
57664,4716
57668,4717
57672,4718
57676,4719
57680,4720
57684,4721
57688,4722
57692,4723
57696,4724
57700,4725
57704,4726
57708,4727
57712,4728
57716,4729
57720,4730
57724,4731
57728,4732
57732,4733
57736,4734
57740,4735
57744,4736
57748,4737
57752,4738
57756,4739
57760,4740
57764,4741
57768,4742
57772,4743
57776,4744
57780,4745
57784,4746
57788,4747
57792,4748
57796,4749
57800,4750
57804,4751
57808,4752
57812,4753
57816,4754
57820,4755
57824,4756
57828,4757
57832,4758
57836,4759
57840,4760
57844,4761
57848,4762
57852,4763
57856,4764
57860,4765
57864,4766
57868,4767
57872,4768
57876,4769
57880,4770
57884,4771
57888,4772
57892,4773
57896,4774
57900,4775
57904,4776
57908,4777
57912,4778
57916,4779
57920,4780
57924,4781
57928,4782
57932,4783
57936,4784
57940,4785
57944,4786
57948,4787
57952,4788
57956,4789
57960,4790
57964,4791
57968,4792
57972,4793
57976,4794
57980,4795
57984,4796
57988,4797
57992,4798
57996,4799
58000,4800
58004,4801
58008,4802
58012,4803
58016,4804
58020,4805
58024,4806
58028,4807
58032,4808
58036,4809
58040,4810
58044,4811
58048,4812
58052,4813
58056,4814
58060,4815
58064,4816
58068,4817
58072,4818
58076,4819
58080,4820
58084,4821
58088,4822
58092,4823
58096,4824
58100,4825
58104,4826
58108,4827
58112,4828
58116,4829
58120,4830
58124,4831
58128,4832
58132,4833
58136,4834
58140,4835
58144,4836
58148,4837
58152,4838
58156,4839
58160,4840
58164,4841
58168,4842
58172,4843
58176,4844
58180,4845
58184,4846
58188,4847
58192,4848
58196,4849
58200,4850
58204,4851
58208,4852
58212,4853
58216,4854
58220,4855
58224,4856
58228,4857
58232,4858
58236,4859
58240,4860
58244,4861
58248,4862
58252,4863
58256,4864
58260,4865
58264,4866
58268,4867
58272,4868
58276,4869
58280,4870
58284,4871
58288,4872
58292,4873
58296,4874
58300,4875
58304,4876
58308,4877
58312,4878
58316,4879
58320,4880
58324,4881
58328,4882
58332,4883
58336,4884
58340,4885
58344,4886
58348,4887
58352,4888
58356,4889
58360,4890
58364,4891
58368,4892
58372,4893
58376,4894
58380,4895
58384,4896
58388,4897
58392,4898
58396,4899
58400,4900
58404,4901
58408,4902
58412,4903
58416,4904
58420,4905
58424,4906
58428,4907
58432,4908
58436,4909
58440,4910
58444,4911
58448,4912
58452,4913
58456,4914
58460,4915
58464,4916
58468,4917
58472,4918
58476,4919
58480,4920
58484,4921
58488,4922
58492,4923
58496,4924
58500,4925
58504,4926
58508,4927
58512,4928
58516,4929
58520,4930
58524,4931
58528,4932
58532,4933
58536,4934
58540,4935
58544,4936
58548,4937
58552,4938
58556,4939
58560,4940
58564,4941
58568,4942
58572,4943
58576,4944
58580,4945
58584,4946
58588,4947
58592,4948
58596,4949
58600,4950
58604,4951
58608,4952
58612,4953
58616,4954
58620,4955
58624,4956
58628,4957
58632,4958
58636,4959
58640,4960
58644,4961
58648,4962
58652,4963
58656,4964
58660,4965
58664,4966
58668,4967
58672,4968
58676,4969
58680,4970
58684,4971
58688,4972
58692,4973
58696,4974
58700,4975
58704,4976
58708,4977
58712,4978
58716,4979
58720,4980
58724,4981
58728,4982
58732,4983
58736,4984
58740,4985
58744,4986
58748,4987
58752,4988
58756,4989
58760,4990
58764,4991
58768,4992
58772,4993
58776,4994
58780,4995
58784,4996
58788,4997
58792,4998
58796,4999
58800,5000
58804,5001
58808,5002
58812,5003
58816,5004
58820,5005
58824,5006
58828,5007
58832,5008
58836,5009
58840,5010
58844,5011
58848,5012
58852,5013
58856,5014
58860,5015
58864,5016
58868,5017
58872,5018
58876,5019
58880,5020
58884,5021
58888,5022
58892,5023
58896,5024
58900,5025
58904,5026
58908,5027
58912,5028
58916,5029
58920,5030
58924,5031
58928,5032
58932,5033
58936,5034
58940,5035
58944,5036
58948,5037
58952,5038
58956,5039
58960,5040
58964,5041
58968,5042
58972,5043
58976,5044
58980,5045
58984,5046
58988,5047
58992,5048
58996,5049
59000,5050
59004,5051
59008,5052
59012,5053
59016,5054
59020,5055
59024,5056
59028,5057
59032,5058
59036,5059
59040,5060
59044,5061
59048,5062
59052,5063
59056,5064
59060,5065
59064,5066
59068,5067
59072,5068
59076,5069
59080,5070
59084,5071
59088,5072
59092,5073
59096,5074
59100,5075
59104,5076
59108,5077
59112,5078
59116,5079
59120,5080
59124,5081
59128,5082
59132,5083
59136,5084
59140,5085
59144,5086
59148,5087
59152,5088
59156,5089
59160,5090
59164,5091
59168,5092
59172,5093
59176,5094
59180,5095
59184,5096
59188,5097
59192,5098
59196,5099
59200,5100
59204,5101
59208,5102
59212,5103
59216,5104
59220,5105
59224,5106
59228,5107
59232,5108
59236,5109
59240,5110
59244,5111
59248,5112
59252,5113
59256,5114
59260,5115
59264,5116
59268,5117
59272,5118
59276,5119
59280,5120
59284,5121
59288,5122
59292,5123
59296,5124
59300,5125
59304,5126
59308,5127
59312,5128
59316,5129
59320,5130
59324,5131
59328,5132
59332,5133
59336,5134
59340,5135
59344,5136
59348,5137
59352,5138
59356,5139
59360,5140
59364,5141
59368,5142
59372,5143
59376,5144
59380,5145
59384,5146
59388,5147
59392,5148
59396,5149
59400,5150
59404,5151
59408,5152
59412,5153
59416,5154
59420,5155
59424,5156
59428,5157
59432,5158
59436,5159
59440,5160
59444,5161
59448,5162
59452,5163
59456,5164
59460,5165
59464,5166
59468,5167
59472,5168
59476,5169
59480,5170
59484,5171
59488,5172
59492,5173
59496,5174
59500,5175
59504,5176
59508,5177
59512,5178
59516,5179
59520,5180
59524,5181
59528,5182
59532,5183
59536,5184
59540,5185
59544,5186
59548,5187
59552,5188
59556,5189
59560,5190
59564,5191
59568,5192
59572,5193
59576,5194
59580,5195
59584,5196
59588,5197
59592,5198
59596,5199
59600,5200
59604,5201
59608,5202
59612,5203
59616,5204
59620,5205
59624,5206
59628,5207
59632,5208
59636,5209
59640,5210
59644,5211
59648,5212
59652,5213
59656,5214
59660,5215
59664,5216
59668,5217
59672,5218
59676,5219
59680,5220
59684,5221
59688,5222
59692,5223
59696,5224
59700,5225
59704,5226
59708,5227
59712,5228
59716,5229
59720,5230
59724,5231
59728,5232
59732,5233
59736,5234
59740,5235
59744,5236
59748,5237
59752,5238
59756,5239
59760,5240
59764,5241
59768,5242
59772,5243
59776,5244
59780,5245
59784,5246
59788,5247
59792,5248
59796,5249
59800,5250
59804,5251
59808,5252
59812,5253
59816,5254
59820,5255
59824,5256
59828,5257
59832,5258
59836,5259
59840,5260
59844,5261
59848,5262
59852,5263
59856,5264
59860,5265
59864,5266
59868,5267
59872,5268
59876,5269
59880,5270
59884,5271
59888,5272
59892,5273
59896,5274
59900,5275
59904,5276
59908,5277
59912,5278
59916,5279
59920,5280
59924,5281
59928,5282
59932,5283
59936,5284
59940,5285
59944,5286
59948,5287
59952,5288
59956,5289
59960,5290
59964,5291
59968,5292
59972,5293
59976,5294
59980,5295
59984,5296
59988,5297
59992,5298
59996,5299
60000,5300
60004,5301
60008,5302
60012,5303
60016,5304
60020,5305
60024,5306
60028,5307
60032,5308
60036,5309
60040,5310
60044,5311
60048,5312
60052,5313
60056,5314
60060,5315
60064,5316
60068,5317
60072,5318
60076,5319
60080,5320
60084,5321
60088,5322
60092,5323
60096,5324
60100,5325
60104,5326
60108,5327
60112,5328
60116,5329
60120,5330
60124,5331
60128,5332
60132,5333
60136,5334
60140,5335
60144,5336
60148,5337
60152,5338
60156,5339
60160,5340
60164,5341
60168,5342
60172,5343
60176,5344
60180,5345
60184,5346
60188,5347
60192,5348
60196,5349
60200,5350
60204,5351
60208,5352
60212,5353
60216,5354
60220,5355
60224,5356
60228,5357
60232,5358
60236,5359
60240,5360
60244,5361
60248,5362
60252,5363
60256,5364
60260,5365
60264,5366
60268,5367
60272,5368
60276,5369
60280,5370
60284,5371
60288,5372
60292,5373
60296,5374
60300,5375
60304,5376
60308,5377
60312,5378
60316,5379
60320,5380
60324,5381
60328,5382
60332,5383
60336,5384
60340,5385
60344,5386
60348,5387
60352,5388
60356,5389
60360,5390
60364,5391
60368,5392
60372,5393
60376,5394
60380,5395
60384,5396
60388,5397
60392,5398
60396,5399
60400,5400
60404,5401
60408,5402
60412,5403
60416,5404
60420,5405
60424,5406
60428,5407
60432,5408
60436,5409
60440,5410
60444,5411
60448,5412
60452,5413
60456,5414
60460,5415
60464,5416
60468,5417
60472,5418
60476,5419
60480,5420
60484,5421
60488,5422
60492,5423
60496,5424
60500,5425
60504,5426
60508,5427
60512,5428
60516,5429
60520,5430
60524,5431
60528,5432
60532,5433
60536,5434
60540,5435
60544,5436
60548,5437
60552,5438
60556,5439
60560,5440
60564,5441
60568,5442
60572,5443
60576,5444
60580,5445
60584,5446
60588,5447
60592,5448
60596,5449
60600,5450
60604,5451
60608,5452
60612,5453
60616,5454
60620,5455
60624,5456
60628,5457
60632,5458
60636,5459
60640,5460
60644,5461
60648,5462
60652,5463
60656,5464
60660,5465
60664,5466
60668,5467
60672,5468
60676,5469
60680,5470
60684,5471
60688,5472
60692,5473
60696,5474
60700,5475
60704,5476
60708,5477
60712,5478
60716,5479
60720,5480
60724,5481
60728,5482
60732,5483
60736,5484
60740,5485
60744,5486
60748,5487
60752,5488
60756,5489
60760,5490
60764,5491
60768,5492
60772,5493
60776,5494
60780,5495
60784,5496
60788,5497
60792,5498
60796,5499
60800,5500
60804,5501
60808,5502
60812,5503
60816,5504
60820,5505
60824,5506
60828,5507
60832,5508
60836,5509
60840,5510
60844,5511
60848,5512
60852,5513
60856,5514
60860,5515
60864,5516
60868,5517
60872,5518
60876,5519
60880,5520
60884,5521
60888,5522
60892,5523
60896,5524
60900,5525
60904,5526
60908,5527
60912,5528
60916,5529
60920,5530
60924,5531
60928,5532
60932,5533
60936,5534
60940,5535
60944,5536
60948,5537
60952,5538
60956,5539
60960,5540
60964,5541
60968,5542
60972,5543
60976,5544
60980,5545
60984,5546
60988,5547
60992,5548
60996,5549
61000,5550
61004,5551
61008,5552
61012,5553
61016,5554
61020,5555
61024,5556
61028,5557
61032,5558
61036,5559
61040,5560
61044,5561
61048,5562
61052,5563
61056,5564
61060,5565
61064,5566
61068,5567
61072,5568
61076,5569
61080,5570
61084,5571
61088,5572
61092,5573
61096,5574
61100,5575
61104,5576
61108,5577
61112,5578
61116,5579
61120,5580
61124,5581
61128,5582
61132,5583
61136,5584
61140,5585
61144,5586
61148,5587
61152,5588
61156,5589
61160,5590
61164,5591
61168,5592
61172,5593
61176,5594
61180,5595
61184,5596
61188,5597
61192,5598
61196,5599
61200,5600
61204,5601
61208,5602
61212,5603
61216,5604
61220,5605
61224,5606
61228,5607
61232,5608
61236,5609
61240,5610
61244,5611
61248,5612
61252,5613
61256,5614
61260,5615
61264,5616
61268,5617
61272,5618
61276,5619
61280,5620
61284,5621
61288,5622
61292,5623
61296,5624
61300,5625
61304,5626
61308,5627
61312,5628
61316,5629
61320,5630
61324,5631
61328,5632
61332,5633
61336,5634
61340,5635
61344,5636
61348,5637
61352,5638
61356,5639
61360,5640
61364,5641
61368,5642
61372,5643
61376,5644
61380,5645
61384,5646
61388,5647
61392,5648
61396,5649
61400,5650
61404,5651
61408,5652
61412,5653
61416,5654
61420,5655
61424,5656
61428,5657
61432,5658
61436,5659
61440,5660
61444,5661
61448,5662
61452,5663
61456,5664
61460,5665
61464,5666
61468,5667
61472,5668
61476,5669
61480,5670
61484,5671
61488,5672
61492,5673
61496,5674
61500,5675
61504,5676
61508,5677
61512,5678
61516,5679
61520,5680
61524,5681
61528,5682
61532,5683
61536,5684
61540,5685
61544,5686
61548,5687
61552,5688
61556,5689
61560,5690
61564,5691
61568,5692
61572,5693
61576,5694
61580,5695
61584,5696
61588,5697
61592,5698
61596,5699
61600,-614084136
61604,-511660093
61608,-409236050
61612,-306812007
61616,-204387964
61620,-101963921
61624,460122
61628,102884165
61632,205308208
61636,307732251
61640,410156294
61644,512580337
61648,615004380
61652,717428423
61656,819852466
61660,922276509
61664,1024700552
61668,1127124595
61672,1229548638
61676,1331972681
61680,1434396724
61684,1536820767
61688,1639244810
61692,1741668853
61696,1844092896
61700,1946516939
61704,2048940982
61708,-2143602271
61712,-2041178228
61716,-1938754185
61720,-1836330142
61724,-1733906099
61728,-1631482056
61732,-1529058013
61736,-1426633970
61740,-1324209927
61744,-1221785884
61748,-1119361841
61752,-1016937798
61756,-914513755
61760,-812089712
61764,-709665669
61768,-607241626
61772,-504817583
61776,-402393540
61780,-299969497
61784,-197545454
61788,-95121411
61792,7302632
61796,109726675
61800,212150718
61804,314574761
61808,416998804
61812,519422847
61816,621846890
61820,724270933
61824,826694976
61828,929119019
61832,1031543062
61836,1133967105
61840,1236391148
61844,1338815191
61848,1441239234
61852,1543663277
61856,1646087320
61860,1748511363
61864,1850935406
61868,1953359449
61872,2055783492
61876,-2136759761
61880,987009626
61884,1296870469
61888,1606731312
61892,1916592155
61896,-2068514298
61900,-1758653455
61904,-1448792612
61908,-1138931769
61912,-829070926
61916,-519210083
61920,-209349240
61924,100511603
61928,410372446
61932,720233289
61936,1030094132
61940,1339954975
61944,1649815818
61948,1959676661
61952,-2025429792
61956,-1715568949
61960,-1405708106
61964,-1095847263
61968,-785986420
61972,-476125577
61976,-166264734
61980,143596109
61984,453456952
61988,763317795
61992,1073178638
61996,1383039481
62000,1692900324
62004,2002761167
62008,-1982345286
62012,-1672484443
62016,-1362623600
62020,-1052762757
62024,-742901914
62028,-433041071
62032,-123180228
62036,186680615
62040,496541458
62044,806402301
62048,1116263144
62052,1426123987
62056,1735984830
62060,2045845673
62064,-1939260780
62068,-1629399937
62072,-1319539094
62076,-1009678251
62080,-699817408
62084,-389956565
62088,-80095722
62092,229765121
62096,539625964
62100,849486807
62104,1159347650
62108,1469208493
62112,1779069336
62116,2088930179
62120,-1896176274
62124,-1586315431
62128,-1276454588
62132,-966593745
62136,-656732902
62140,-346872059
62144,-37011216
62148,272849627
62152,582710470
62156,892571313
62160,-1706863908
62164,-1189566265
62168,-672268622
62172,-154970979
62176,362326664
62180,879624307
62184,1396921950
62188,1914219593
62192,-1863450060
62196,-1346152417
62200,-828854774
62204,-311557131
62208,205740512
62212,723038155
62216,1240335798
62220,1757633441
62224,-2020036212
62228,-1502738569
62232,-985440926
62236,-468143283
62240,49154360
62244,566452003
62248,1083749646
62252,1601047289
62256,2118344932
62260,-1659324721
62264,-1142027078
62268,-624729435
62272,-107431792
62276,409865851
62280,927163494
62284,1444461137
62288,1961758780
62292,-1815910873
62296,-1298613230
62300,-781315587
62304,-264017944
62308,253279699
62312,770577342
62316,1287874985
62320,1805172628
62324,-1972497025
62328,-1455199382
62332,-937901739
62336,-420604096
62340,96693547
62344,613991190
62348,1131288833
62352,1648586476
62356,-2129083177
62360,-1611785534
62364,-1094487891
62368,-577190248
62372,-59892605
62376,457405038
62380,974702681
62384,1492000324
62388,2009297967
62392,-1768371686
62396,-1251074043
62400,-733776400
62404,-216478757
62408,300818886
62412,818116529
62416,1335414172
62420,1852711815
62424,-1924957838
62428,-1407660195
62432,-890362552
62436,-373064909
62440,-105770146
62444,618964297
62448,1343698740
62452,2068433183
62456,-1501799670
62460,-777065227
62464,-52330784
62468,672403659
62472,1397138102
62476,2121872545
62480,-1448360308
62484,-723625865
62488,1108578
62492,725843021
62496,1450577464
62500,-2119655389
62504,-1394920946
62508,-670186503
62512,54547940
62516,779282383
62520,1504016826
62524,-2066216027
62528,-1341481584
62532,-616747141
62536,107987302
62540,832721745
62544,1557456188
62548,-2012776665
62552,-1288042222
62556,-563307779
62560,161426664
62564,886161107
62568,1610895550
62572,-1959337303
62576,-1234602860
62580,-509868417
62584,214866026
62588,939600469
62592,1664334912
62596,-1905897941
62600,-1181163498
62604,-456429055
62608,268305388
62612,993039831
62616,1717774274
62620,-1852458579
62624,-1127724136
62628,-402989693
62632,321744750
62636,1046479193
62640,1771213636
62644,-1799019217
62648,-1074284774
62652,-349550331
62656,375184112
62660,1099918555
62664,1824652998
62668,-1745579855
62672,-1020845412
62676,-296110969
62680,428623474
62684,1153357917
62688,1878092360
62692,-1692140493
62696,-967406050
62700,-242671607
62704,482062836
62708,1206797279
62712,1931531722
62716,-1638701131
62720,1495323616
62724,-1867472437
62728,-935301194
62732,-3129951
62736,929041292
62740,1861212535
62744,-1501583518
62748,-569412275
62752,362758968
62756,1294930211
62760,-2067865842
62764,-1135694599
62768,-203523356
62772,728647887
62776,1660819130
62780,-1701976923
62784,-769805680
62788,162365563
62792,1094536806
62796,2026708049
62800,-1336088004
62804,-403916761
62808,528254482
62812,1460425725
62816,-1902370328
62820,-970199085
62824,-38027842
62828,894143401
62832,1826314644
62836,-1536481409
62840,-604310166
62844,327861077
62848,1260032320
62852,-2102763733
62856,-1170592490
62860,-238421247
62864,693749996
62868,1625921239
62872,-1736874814
62876,-804703571
62880,127467672
62884,1059638915
62888,1991810158
62892,-1370985895
62896,-438814652
62900,493356591
62904,1425527834
62908,-1937268219
62912,-1005096976
62916,-72925733
62920,859245510
62924,1791416753
62928,-1571379300
62932,-639208057
62936,292963186
62940,1225134429
62944,-2137661624
62948,-1205490381
62952,-273319138
62956,658852105
62960,1591023348
62964,-1771772705
62968,-839601462
62972,92569781
62976,1024741024
62980,1956912267
62984,-1405883786
62988,-473712543
62992,458458700
62996,1390629943
63000,-1198549918
63004,-58941875
63008,1080666168
63012,-2074693085
63016,-935085042
63020,204523001
63024,1344131044
63028,-1811228209
63032,-671620166
63036,467987877
63040,1607595920
63044,-1547763333
63048,-408155290
63052,731452753
63056,1871060796
63060,-1284298457
63064,-144690414
63068,994917629
63072,2134525672
63076,-1020833581
63080,118774462
63084,1258382505
63088,-1896976748
63092,-757368705
63096,382239338
63100,1521847381
63104,-1633511872
63108,-493903829
63112,645704214
63116,1785312257
63120,-1370046996
63124,-230438953
63128,909169090
63132,2048777133
63136,-1106582120
63140,33025923
63144,1172633966
63148,-1982725287
63152,-843117244
63156,296490799
63160,1436098842
63164,-1719260411
63168,-579652368
63172,559955675
63176,1699563718
63180,-1455795535
63184,-316187492
63188,823420551
63192,1963028594
63196,-1192330659
63200,-52722616
63204,1086885427
63208,-2068473826
63212,-928865783
63216,210742260
63220,1350350303
63224,-1805008950
63228,-665400907
63232,474207136
63236,1613815179
63240,-1541544074
63244,-401936031
63248,737672012
63252,1877280055
63256,-1278079198
63260,-138471155
63264,1001136888
63268,2140744931
63272,-1014614322
63276,124993721
63280,402543844
63284,1749588687
63288,-1198333766
63292,148711077
63296,1495755920
63300,-1452166533
63304,-105121690
63308,1241923153
63312,-1705999300
63316,-358954457
63320,988090386
63324,-1959832067
63328,-612787224
63332,734257619
63336,2081302462
63340,-866619991
63344,480424852
63348,1827469695
63352,-1120452758
63356,226592085
63360,1573636928
63364,-1374285525
63368,-27240682
63372,1319804161
63376,-1628118292
63380,-281073449
63384,1065971394
63388,-1881951059
63392,-534906216
63396,812138627
63400,-2135783826
63404,-788738983
63408,558305860
63412,1905350703
63416,-1042571750
63420,304473093
63424,1651517936
63428,-1296404517
63432,50640326
63436,1397685169
63440,-1550237284
63444,-203192441
63448,1143852402
63452,-1804070051
63456,-457025208
63460,890019635
63464,-2057902818
63468,-710857975
63472,636186868
63476,1983231711
63480,-964690742
63484,382354101
63488,1729398944
63492,-1218523509
63496,128521334
63500,1475566177
63504,-1472356276
63508,-125311433
63512,1221733410
63516,-1726189043
63520,-379144200
63524,967900643
63528,-1980021810
63532,-632976967
63536,714067876
63540,2061112719
63544,-886809734
63548,460235109
63552,1807279952
63556,-1140642501
63560,2003637606
63564,-736848047
63568,817633596
63572,-1922852057
63576,-368370414
63580,1186111229
63584,-1554374424
63588,107219
63592,1554588862
63596,-1185896791
63600,368584852
63604,1923066495
63608,-817419158
63612,737062485
63616,-2003423168
63620,-448941525
63624,1105540118
63628,-1634945535
63632,-80463892
63636,1474017751
63640,-1266467902
63644,288013741
63648,1842495384
63652,-897990269
63656,656491374
63660,-2083994279
63664,-529512636
63668,1024969007
63672,-1715516646
63676,-161035003
63680,1393446640
63684,-1347039013
63688,207442630
63692,1761924273
63696,-978561380
63700,575920263
63704,2130401906
63708,-610083747
63712,944397896
63716,-1796087757
63720,-241606114
63724,1312875529
63728,-1427610124
63732,126871519
63736,1681353162
63740,-1059132491
63744,495349152
63748,2049830795
63752,-690654858
63756,863826785
63760,-1876658868
63764,-322177225
63768,1232304418
63772,-1508181235
63776,46300408
63780,1600782051
63784,-1139703602
63788,414778041
63792,1969259684
63796,-771225969
63800,783255674
63804,-1957229979
63808,-402748336
63812,1151733307
63816,-1588752346
63820,-34270703
63824,1520210940
63828,-1220274713
63832,334206930
63836,1888688573
63840,-690235928
63844,1071682515
63848,-1461366338
63852,300552105
63856,2062470548
63860,-470578305
63864,1291340138
63868,-1241708715
63872,520209728
63876,-2012839125
63880,-250920682
63884,1510997761
63888,-1022051092
63892,739867351
63896,-1793181502
63900,-31263059
63904,1730655384
63908,-802393469
63912,959524974
63916,-1573523879
63920,188394564
63924,1950313007
63928,-582735846
63932,1179182597
63936,-1353866256
63940,408052187
63944,-2124996666
63948,-363078223
63952,1398840220
63956,-1134208633
63960,627709810
63964,-1905339043
63968,-143420600
63972,1618497843
63976,-914551010
63980,847367433
63984,-1685681420
63988,76237023
63992,1838155466
63996,-694893387
64000,1067025056
64004,-1466023797
64008,295894646
64012,2057813089
64016,-475235764
64020,1286682679
64024,-1246366174
64028,515552269
64032,-2017496584
64036,-255578141
64040,1506340302
64044,-1026708551
64048,735209892
64052,-1797838961
64056,-35920518
64060,1725997925
64064,-807050928
64068,954867515
64072,-1578181338
64076,183737105
64080,1945655548
64084,-587393305
64088,1174525138
64092,-1358523715
64096,403394728
64100,-2129654125
64104,-367735682
64108,1394182761
64112,-1138866092
64116,623052351
64120,910857834
64124,-1414754219
64128,554601024
64132,-1771011029
64136,198344214
64140,-2127267839
64144,-157912596
64148,1811442647
64152,-514169406
64156,1455185837
64160,-870426216
64164,1098929027
64168,-1226683026
64172,742672217
64176,-1582939836
64180,386415407
64184,-1939196646
64188,30158597
64192,1999513840
64196,-326098213
64200,1643257030
64204,-682355023
64208,1287000220
64212,-1038611833
64216,930743410
64220,-1394868643
64224,574486600
64228,-1751125453
64232,218229790
64236,-2107382263
64240,-138027020
64244,1831328223
64248,-494283830
64252,1475071413
64256,-850540640
64260,1118814603
64264,-1206797450
64268,762557793
64272,-1563054260
64276,406300983
64280,-1919311070
64284,50044173
64288,2019399416
64292,-306212637
64296,1663142606
64300,-662469447
64304,1306885796
64308,-1018726257
64312,950628986
64316,-1374983067
64320,594372176
64324,-1731239877
64328,238115366
64332,-2087496687
64336,-118141444
64340,1851213799
64344,-474398254
64348,1494956989
64352,-830655064
64356,1138700179
64360,-1186911874
64364,782443369
64368,-1543168684
64372,426186559
64376,-1899425494
64380,69929749
64384,2039284992
64388,-286327061
64392,1683028182
64396,-642583871
64400,-1783015700
64404,393776343
64408,-1724398910
64412,452393133
64416,-1665782120
64420,511009923
64424,-1607165330
64428,569626713
64432,-1548548540
64436,628243503
64440,-1489931750
64444,686860293
64448,-1431314960
64452,745477083
64456,-1372698170
64460,804093873
64464,-1314081380
64468,862710663
64472,-1255464590
64476,921327453
64480,-1196847800
64484,979944243
64488,-1138231010
64492,1038561033
64496,-1079614220
64500,1097177823
64504,-1020997430
64508,1155794613
64512,-962380640
64516,1214411403
64520,-903763850
64524,1273028193
64528,-845147060
64532,1331644983
64536,-786530270
64540,1390261773
64544,-727913480
64548,1448878563
64552,-669296690
64556,1507495353
64560,-610679900
64564,1566112143
64568,-552063110
64572,1624728933
64576,-493446320
64580,1683345723
64584,-434829530
64588,1741962513
64592,-376212740
64596,1800579303
64600,-317595950
64604,1859196093
64608,-258979160
64612,1917812883
64616,-200362370
64620,1976429673
64624,-141745580
64628,2035046463
64632,-83128790
64636,2093663253
64640,-24512000
64644,-2142687253
64648,34104790
64652,-2084070463
64656,92721580
64660,-2025453673
64664,151338370
64668,-1966836883
64672,209955160
64676,-1908220093
64680,-181921938
64684,-2092660391
64688,291568452
64692,-1619170001
64696,765058842
64700,-1145679611
64704,1238549232
64708,-672189221
64712,1712039622
64716,-198698831
64720,-2109437284
64724,274791559
64728,-1635946894
64732,748281949
64736,-1162456504
64740,1221772339
64744,-688966114
64748,1695262729
64752,-215475724
64756,-2126214177
64760,258014666
64764,-1652723787
64768,731505056
64772,-1179233397
64776,1204995446
64780,-705743007
64784,1678485836
64788,-232252617
64792,-2142991070
64796,241237773
64800,-1669500680
64804,714728163
64808,-1196010290
64812,1188218553
64816,-722519900
64820,1661708943
64824,-249029510
64828,2135199333
64832,224460880
64836,-1686277573
64840,697951270
64844,-1212787183
64848,1171441660
64852,-739296793
64856,1644932050
64860,-265806403
64864,2118422440
64868,207683987
64872,-1703054466
64876,681174377
64880,-1229564076
64884,1154664767
64888,-756073686
64892,1628155157
64896,-282583296
64900,2101645547
64904,190907094
64908,-1719831359
64912,664397484
64916,-1246340969
64920,1137887874
64924,-772850579
64928,1611378264
64932,-299360189
64936,2084868654
64940,174130201
64944,-1736608252
64948,647620591
64952,-1263117862
64956,1121110981
64960,1419171824
64964,-284129829
64968,-1987431482
64972,604234161
64976,-1099067492
64980,1492598151
64984,-210703502
64988,-1914005155
64992,677660488
64996,-1025641165
65000,1566024478
65004,-137277175
65008,-1840578828
65012,751086815
65016,-952214838
65020,1639450805
65024,-63850848
65028,-1767152501
65032,824513142
65036,-878788511
65040,1712877132
65044,9575479
65048,-1693726174
65052,897939469
65056,-805362184
65060,1786303459
65064,83001806
65068,-1620299847
65072,971365796
65076,-731935857
65080,1859729786
65084,156428133
65088,-1546873520
65092,1044792123
65096,-658509530
65100,1933156113
65104,229854460
65108,-1473447193
65112,1118218450
65116,-585083203
65120,2006582440
65124,303280787
65128,-1400020866
65132,1191644777
65136,-511656876
65140,2080008767
65144,376707114
65148,-1326594539
65152,1265071104
65156,-438230549
65160,-2141532202
65164,450133441
65168,-1253168212
65172,1338497431
65176,-364804222
65180,-2068105875
65184,523559768
65188,-1179741885
65192,1411923758
65196,-291377895
65200,-1994679548
65204,596986095
65208,-1106315558
65212,1485350085
65216,-217951568
65220,-1921253221
65224,670412422
65228,-1032889231
65232,1558776412
65236,-144525241
65240,-1274701710
65244,1524400733
65248,28535880
65252,-1467328973
65256,1331773470
65260,-164091383
65264,-1659956236
65268,1139146207
65272,-356718646
65276,-1852583499
65280,946518944
65284,-549345909
65288,-2045210762
65292,753891681
65296,-741973172
65300,2057129271
65304,561264418
65308,-934600435
65312,1864502008
65316,368637155
65320,-1127227698
65324,1671874745
65328,176009892
65332,-1319854961
65336,1479247482
65340,-16617371
65344,-1512482224
65348,1286620219
65352,-209244634
65356,-1705109487
65360,1093992956
65364,-401871897
65368,-1897736750
65372,901365693
65376,-594499160
65380,-2090364013
65384,708738430
65388,-787126423
65392,2011976020
65396,516111167
65400,-979753686
65404,1819348757
65408,323483904
65412,-1172380949
65416,1626721494
65420,130856641
65424,-1365008212
65428,1434094231
65432,-61770622
65436,-1557635475
65440,1241466968
65444,-254397885
65448,-1750262738
65452,1048839705
65456,-447025148
65460,-1942890001
65464,856212442
65468,-639652411
65472,-2135517264
65476,663585179
65480,-832279674
65484,1966822769
65488,470957916
65492,-1024906937
65496,1774195506
65500,278330653
65504,-1217534200
65508,1581568243
65512,85703390
65516,-1410161463
65520,326392052
65524,-962036001
65528,2044503242
65532,756075189
65536,-532352864
65540,-1820780917
65544,1185758326
65548,-102669727
65552,-1391097780
65556,1615441463
65560,327013410
65564,-961414643
65568,2045124600
65572,756696547
65576,-531731506
65580,-1820159559
65584,1186379684
65588,-102048369
65592,-1390476422
65596,1616062821
65600,327634768
65604,-960793285
65608,2045745958
65612,757317905
65616,-531110148
65620,-1819538201
65624,1187001042
65628,-101427011
65632,-1389855064
65636,1616684179
65640,328256126
65644,-960171927
65648,2046367316
65652,757939263
65656,-530488790
65660,-1818916843
65664,1187622400
65668,-100805653
65672,-1389233706
65676,1617305537
65680,328877484
65684,-959550569
65688,2046988674
65692,758560621
65696,-529867432
65700,-1818295485
65704,1188243758
65708,-100184295
65712,-1388612348
65716,1617926895
65720,329498842
65724,-958929211
65728,2047610032
65732,759181979
65736,-529246074
65740,-1817674127
65744,1188865116
65748,-99562937
65752,-1387990990
65756,1618548253
65760,330120200
65764,-958307853
65768,2048231390
65772,759803337
65776,-528624716
65780,-1817052769
65784,1189486474
65788,-98941579
65792,-1387369632
65796,1619169611
65800,1927485814
65804,846494561
65808,-234496692
65812,-1315487945
65816,1898488098
65820,817496845
65824,-263494408
65828,-1344485661
65832,1869490382
65836,788499129
65840,-292492124
65844,-1373483377
65848,1840492666
65852,759501413
65856,-321489840
65860,-1402481093
65864,1811494950
65868,730503697
65872,-350487556
65876,-1431478809
65880,1782497234
65884,701505981
65888,-379485272
65892,-1460476525
65896,1753499518
65900,672508265
65904,-408482988
65908,-1489474241
65912,1724501802
65916,643510549
65920,-437480704
65924,-1518471957
65928,1695504086
65932,614512833
65936,-466478420
65940,-1547469673
65944,1666506370
65948,585515117
65952,-495476136
65956,-1576467389
65960,1637508654
65964,556517401
65968,-524473852
65972,-1605465105
65976,1608510938
65980,527519685
65984,-553471568
65988,-1634462821
65992,1579513222
65996,498521969
66000,-582469284
66004,-1663460537
66008,1550515506
66012,469524253
66016,-611467000
66020,-1692458253
66024,1521517790
66028,440526537
66032,-640464716
66036,-1721455969
66040,1492520074
66044,411528821
66048,-669462432
66052,-1750453685
66056,1463522358
66060,382531105
66064,-698460148
66068,-1779451401
66072,1434524642
66076,353533389
66080,-766387720
66084,-1639942173
66088,1781470670
66092,907916217
66096,34361764
66100,-839192689
66104,-1712747142
66108,1708665701
66112,835111248
66116,-38443205
66120,-911997658
66124,-1785552111
66128,1635860732
66132,762306279
66136,-111248174
66140,-984802627
66144,-1858357080
66148,1563055763
66152,689501310
66156,-184053143
66160,-1057607596
66164,-1931162049
66168,1490250794
66172,616696341
66176,-256858112
66180,-1130412565
66184,-2003967018
66188,1417445825
66192,543891372
66196,-329663081
66200,-1203217534
66204,-2076771987
66208,1344640856
66212,471086403
66216,-402468050
66220,-1276022503
66224,2145390340
66228,1271835887
66232,398281434
66236,-475273019
66240,-1348827472
66244,2072585371
66248,1199030918
66252,325476465
66256,-548077988
66260,-1421632441
66264,1999780402
66268,1126225949
66272,252671496
66276,-620882957
66280,-1494437410
66284,1926975433
66288,1053420980
66292,179866527
66296,-693687926
66300,-1567242379
66304,1854170464
66308,980616011
66312,107061558
66316,-766492895
66320,-1640047348
66324,1781365495
66328,907811042
66332,34256589
66336,-839297864
66340,-1712852317
66344,1708560526
66348,835006073
66352,-38548380
66356,-912102833
66360,834706042
66364,168588389
66368,-497529264
66372,-1163646917
66376,-1829764570
66380,1799085073
66384,1132967420
66388,466849767
66392,-199267886
66396,-865385539
66400,-1531503192
66404,2097346451
66408,1431228798
66412,765111145
66416,98993492
66420,-567124161
66424,-1233241814
66428,-1899359467
66432,1729490176
66436,1063372523
66440,397254870
66444,-268862783
66448,-934980436
66452,-1601098089
66456,2027751554
66460,1361633901
66464,695516248
66468,29398595
66472,-636719058
66476,-1302836711
66480,-1968954364
66484,1659895279
66488,993777626
66492,327659973
66496,-338457680
66500,-1004575333
66504,-1670692986
66508,1958156657
66512,1292039004
66516,625921351
66520,-40196302
66524,-706313955
66528,-1372431608
66532,-2038549261
66536,1590300382
66540,924182729
66544,258065076
66548,-408052577
66552,-1074170230
66556,-1740287883
66560,1888561760
66564,1222444107
66568,556326454
66572,-109791199
66576,-775908852
66580,-1442026505
66584,-2108144158
66588,1520705485
66592,854587832
66596,188470179
66600,-477647474
66604,-1143765127
66608,-1809882780
66612,1818966863
66616,1152849210
66620,486731557
66624,-179386096
66628,-845503749
66632,-1511621402
66636,2117228241
66640,-1859167492
66644,1977118951
66648,1518438098
66652,1059757245
66656,601076392
66660,142395539
66664,-316285314
66668,-774966167
66672,-1233647020
66676,-1692327873
66680,2143958570
66684,1685277717
66688,1226596864
66692,767916011
66696,309235158
66700,-149445695
66704,-608126548
66708,-1066807401
66712,-1525488254
66716,-1984169107
66720,1852117336
66724,1393436483
66728,934755630
66732,476074777
66736,17393924
66740,-441286929
66744,-899967782
66748,-1358648635
66752,-1817329488
66756,2018956955
66760,1560276102
66764,1101595249
66768,642914396
66772,184233543
66776,-274447310
66780,-733128163
66784,-1191809016
66788,-1650489869
66792,-2109170722
66796,1727115721
66800,1268434868
66804,809754015
66808,351073162
66812,-107607691
66816,-566288544
66820,-1024969397
66824,-1483650250
66828,-1942331103
66832,1893955340
66836,1435274487
66840,976593634
66844,517912781
66848,59231928
66852,-399448925
66856,-858129778
66860,-1316810631
66864,-1775491484
66868,2060794959
66872,1602114106
66876,1143433253
66880,684752400
66884,226071547
66888,-232609306
66892,-691290159
66896,-1149971012
66900,-1608651865
66904,-2067332718
66908,1768953725
66912,1310272872
66916,851592019
66920,-258073730
66924,-509317783
66928,-760561836
66932,-1011805889
66936,-1263049942
66940,-1514293995
66944,-1765538048
66948,-2016782101
66952,2026941142
66956,1775697089
66960,1524453036
66964,1273208983
66968,1021964930
66972,770720877
66976,519476824
66980,268232771
66984,16988718
66988,-234255335
66992,-485499388
66996,-736743441
67000,-987987494
67004,-1239231547
67008,-1490475600
67012,-1741719653
67016,-1992963706
67020,2050759537
67024,1799515484
67028,1548271431
67032,1297027378
67036,1045783325
67040,794539272
67044,543295219
67048,292051166
67052,40807113
67056,-210436940
67060,-461680993
67064,-712925046
67068,-964169099
67072,-1215413152
67076,-1466657205
67080,-1717901258
67084,-1969145311
67088,2074577932
67092,1823333879
67096,1572089826
67100,1320845773
67104,1069601720
67108,818357667
67112,567113614
67116,315869561
67120,64625508
67124,-186618545
67128,-437862598
67132,-689106651
67136,-940350704
67140,-1191594757
67144,-1442838810
67148,-1694082863
67152,-1945326916
67156,2098396327
67160,1847152274
67164,1595908221
67168,1344664168
67172,1093420115
67176,842176062
67180,590932009
67184,339687956
67188,88443903
67192,-162800150
67196,-414044203
67200,1343020032
67204,1299212779
67208,1255405526
67212,1211598273
67216,1167791020
67220,1123983767
67224,1080176514
67228,1036369261
67232,992562008
67236,948754755
67240,904947502
67244,861140249
67248,817332996
67252,773525743
67256,729718490
67260,685911237
67264,642103984
67268,598296731
67272,554489478
67276,510682225
67280,466874972
67284,423067719
67288,379260466
67292,335453213
67296,291645960
67300,247838707
67304,204031454
67308,160224201
67312,116416948
67316,72609695
67320,28802442
67324,-15004811
67328,-58812064
67332,-102619317
67336,-146426570
67340,-190233823
67344,-234041076
67348,-277848329
67352,-321655582
67356,-365462835
67360,-409270088
67364,-453077341
67368,-496884594
67372,-540691847
67376,-584499100
67380,-628306353
67384,-672113606
67388,-715920859
67392,-759728112
67396,-803535365
67400,-847342618
67404,-891149871
67408,-934957124
67412,-978764377
67416,-1022571630
67420,-1066378883
67424,-1110186136
67428,-1153993389
67432,-1197800642
67436,-1241607895
67440,-1285415148
67444,-1329222401
67448,-1373029654
67452,-1416836907
67456,-1460644160
67460,-1504451413
67464,-1548258666
67468,-1592065919
67472,-1635873172
67476,-1679680425
67480,-1350853502
67484,-1187223955
67488,-1023594408
67492,-859964861
67496,-696335314
67500,-532705767
67504,-369076220
67508,-205446673
67512,-41817126
67516,121812421
67520,285441968
67524,449071515
67528,612701062
67532,776330609
67536,939960156
67540,1103589703
67544,1267219250
67548,1430848797
67552,1594478344
67556,1758107891
67560,1921737438
67564,2085366985
67568,-2045970764
67572,-1882341217
67576,-1718711670
67580,-1555082123
67584,-1391452576
67588,-1227823029
67592,-1064193482
67596,-900563935
67600,-736934388
67604,-573304841
67608,-409675294
67612,-246045747
67616,-82416200
67620,81213347
67624,244842894
67628,408472441
67632,572101988
67636,735731535
67640,899361082
67644,1062990629
67648,1226620176
67652,1390249723
67656,1553879270
67660,1717508817
67664,1881138364
67668,2044767911
67672,-2086569838
67676,-1922940291
67680,-1759310744
67684,-1595681197
67688,-1432051650
67692,-1268422103
67696,-1104792556
67700,-941163009
67704,-777533462
67708,-613903915
67712,-450274368
67716,-286644821
67720,-123015274
67724,40614273
67728,204243820
67732,367873367
67736,531502914
67740,695132461
67744,858762008
67748,1022391555
67752,1186021102
67756,1349650649
67760,250240260
67764,621306607
67768,992372954
67772,1363439301
67776,1734505648
67780,2105571995
67784,-1818328954
67788,-1447262607
67792,-1076196260
67796,-705129913
67800,-334063566
67804,37002781
67808,408069128
67812,779135475
67816,1150201822
67820,1521268169
67824,1892334516
67828,-2031566433
67832,-1660500086
67836,-1289433739
67840,-918367392
67844,-547301045
67848,-176234698
67852,194831649
67856,565897996
67860,936964343
67864,1308030690
67868,1679097037
67872,2050163384
67876,-1873737565
67880,-1502671218
67884,-1131604871
67888,-760538524
67892,-389472177
67896,-18405830
67900,352660517
67904,723726864
67908,1094793211
67912,1465859558
67916,1836925905
67920,-2086975044
67924,-1715908697
67928,-1344842350
67932,-973776003
67936,-602709656
67940,-231643309
67944,139423038
67948,510489385
67952,881555732
67956,1252622079
67960,1623688426
67964,1994754773
67968,-1929146176
67972,-1558079829
67976,-1187013482
67980,-815947135
67984,-444880788
67988,-73814441
67992,297251906
67996,668318253
68000,1039384600
68004,1410450947
68008,1781517294
68012,-2142383655
68016,-1771317308
68020,-1400250961
68024,-1029184614
68028,-658118267
68032,-287051920
68036,84014427
68040,1851334022
68044,-1865130127
68048,-1286626980
68052,-708123833
68056,-129620686
68060,448882461
68064,1027385608
68068,1605888755
68072,-2110575394
68076,-1532072247
68080,-953569100
68084,-375065953
68088,203437194
68092,781940341
68096,1360443488
68100,1938946635
68104,-1777517514
68108,-1199014367
68112,-620511220
68116,-42008073
68120,536495074
68124,1114998221
68128,1693501368
68132,-2022962781
68136,-1444459634
68140,-865956487
68144,-287453340
68148,291049807
68152,869552954
68156,1448056101
68160,2026559248
68164,-1689904901
68168,-1111401754
68172,-532898607
68176,45604540
68180,624107687
68184,1202610834
68188,1781113981
68192,-1935350168
68196,-1356847021
68200,-778343874
68204,-199840727
68208,378662420
68212,957165567
68216,1535668714
68220,2114171861
68224,-1602292288
68228,-1023789141
68232,-445285994
68236,133217153
68240,711720300
68244,1290223447
68248,1868726594
68252,-1847737555
68256,-1269234408
68260,-690731261
68264,-112228114
68268,466275033
68272,1044778180
68276,1623281327
68280,-2093182822
68284,-1514679675
68288,-936176528
68292,-357673381
68296,220829766
68300,799332913
68304,1377836060
68308,1956339207
68312,-1760124942
68316,-1181621795
68320,-842539512
68324,-56599565
68328,729340382
68332,1515280329
68336,-1993747020
68340,-1207807073
68344,-421867126
68348,364072821
68352,1150012768
68356,1935952715
68360,-1573074634
68364,-787134687
68368,-1194740
68372,784745207
68376,1570685154
68380,-1938342195
68384,-1152402248
68388,-366462301
68392,419477646
68396,1205417593
68400,1991357540
68404,-1517669809
68408,-731729862
68412,54210085
68416,840150032
68420,1626089979
68424,-1882937370
68428,-1096997423
68432,-311057476
68436,474882471
68440,1260822418
68444,2046762365
68448,-1462264984
68452,-676325037
68456,109614910
68460,895554857
68464,1681494804
68468,-1827532545
68472,-1041592598
68476,-255652651
68480,530287296
68484,1316227243
68488,2102167190
68492,-1406860159
68496,-620920212
68500,165019735
68504,950959682
68508,1736899629
68512,-1772127720
68516,-986187773
68520,-200247826
68524,585692121
68528,1371632068
68532,-2137395281
68536,-1351455334
68540,-565515387
68544,220424560
68548,1006364507
68552,1792304454
68556,-1716722895
68560,-930782948
68564,-144843001
68568,641096946
68572,1427036893
68576,-2081990456
68580,-1296050509
68584,-510110562
68588,275829385
68592,1061769332
68596,1847709279
68600,758554250
68604,1751930997
68608,-1549659552
68612,-556282805
68616,437093942
68620,1430470689
68624,-1871119860
68628,-877743113
68632,115633634
68636,1109010381
68640,2102387128
68644,-1199203421
68648,-205826674
68652,787550073
68656,1780926820
68660,-1520663729
68664,-527286982
68668,466089765
68672,1459466512
68676,-1842124037
68680,-848747290
68684,144629457
68688,1138006204
68692,2131382951
68696,-1170207598
68700,-176830851
68704,816545896
68708,1809922643
68712,-1491667906
68716,-498291159
68720,495085588
68724,1488462335
68728,-1813128214
68732,-819751467
68736,173625280
68740,1167002027
68744,-2134588522
68748,-1141211775
68752,-147835028
68756,845541719
68760,1838918466
68764,-1462672083
68768,-469295336
68772,524081411
68776,1517458158
68780,-1784132391
68784,-790755644
68788,202621103
68792,1195997850
68796,-2105592699
68800,-1112215952
68804,-118839205
68808,874537542
68812,1867914289
68816,-1433676260
68820,-440299513
68824,553077234
68828,1546453981
68832,-1755136568
68836,-761759821
68840,231616926
68844,1224993673
68848,-2076596876
68852,-1083220129
68856,-89843382
68860,903533365
68864,1896910112
68868,-1404680437
68872,-411303690
68876,582073057
68880,-1935319284
68884,-734505737
68888,466307810
68892,1667121357
68896,-1427032392
68900,-226218845
68904,974594702
68908,-2119559047
68912,-918745500
68916,282068047
68920,1482881594
68924,-1611272155
68928,-410458608
68932,790354939
68936,1991168486
68940,-1102985263
68944,97828284
68948,1298641831
68952,-1795511918
68956,-594698371
68960,606115176
68964,1806928723
68968,-1287225026
68972,-86411479
68976,1114402068
68980,-1979751681
68984,-778938134
68988,421875413
68992,1622688960
68996,-1471464789
69000,-270651242
69004,930162305
69008,2130975852
69012,-963177897
69016,237635650
69020,1438449197
69024,-1655704552
69028,-454891005
69032,745922542
69036,1946736089
69040,-1147417660
69044,53395887
69048,1254209434
69052,-1839944315
69056,-639130768
69060,561682779
69064,1762496326
69068,-1331657423
69072,-130843876
69076,1069969671
69080,-2024184078
69084,-823370531
69088,377443016
69092,1578256563
69096,-1515897186
69100,-315083639
69104,885729908
69108,2086543455
69112,-1007610294
69116,193203253
69120,1394016800
69124,-1700136949
69128,-499323402
69132,701490145
69136,1902303692
69140,-1191850057
69144,8963490
69148,1209777037
69152,-1884376712
69156,-683563165
69160,-334225522
69164,1074024825
69168,-1812692124
69172,-404441777
69176,1003808570
69180,-1882908379
69184,-474658032
69188,933592315
69192,-1953124634
69196,-544874287
69200,863376060
69204,-2023340889
69208,-615090542
69212,793159805
69216,-2093557144
69220,-685306797
69224,722943550
69228,2131193897
69232,-755523052
69236,652727295
69240,2060977642
69244,-825739307
69248,582511040
69252,1990761387
69256,-895955562
69260,512294785
69264,1920545132
69268,-966171817
69272,442078530
69276,1850328877
69280,-1036388072
69284,371862275
69288,1780112622
69292,-1106604327
69296,301646020
69300,1709896367
69304,-1176820582
69308,231429765
69312,1639680112
69316,-1247036837
69320,161213510
69324,1569463857
69328,-1317253092
69332,90997255
69336,1499247602
69340,-1387469347
69344,20781000
69348,1429031347
69352,-1457685602
69356,-49435255
69360,1358815092
69364,-1527901857
69368,-119651510
69372,1288598837
69376,-1598118112
69380,-189867765
69384,1218382582
69388,-1668334367
69392,-260084020
69396,1148166327
69400,-1738550622
69404,-330300275
69408,1077950072
69412,-1808766877
69416,-400516530
69420,1007733817
69424,-1878983132
69428,-470732785
69432,937517562
69436,-1949199387
69440,1266868240
69444,-1412411909
69448,203275238
69452,1818962385
69456,-860317764
69460,755369383
69464,-1923910766
69468,-308223619
69472,1307463528
69476,-1371816621
69480,243870526
69484,1859557673
69488,-819722476
69492,795964671
69496,-1883315478
69500,-267628331
69504,1348058816
69508,-1331221333
69512,284465814
69516,1900152961
69520,-779127188
69524,836559959
69528,-1842720190
69532,-227033043
69536,1388654104
69540,-1290626045
69544,325061102
69548,1940748249
69552,-738531900
69556,877155247
69560,-1802124902
69564,-186437755
69568,1429249392
69572,-1250030757
69576,365656390
69580,1981343537
69584,-697936612
69588,917750535
69592,-1761529614
69596,-145842467
69600,1469844680
69604,-1209435469
69608,406251678
69612,2021938825
69616,-657341324
69620,958345823
69624,-1720934326
69628,-105247179
69632,1510439968
69636,-1168840181
69640,446846966
69644,2062534113
69648,-616746036
69652,998941111
69656,-1680339038
69660,-64651891
69664,1551035256
69668,-1128244893
69672,487442254
69676,2103129401
69680,-576150748
69684,1039536399
69688,-1639743750
69692,-24056603
69696,1591630544
69700,-1087649605
69704,528037542
69708,2143724689
69712,-535555460
69716,1080131687
69720,-1427005294
69724,396118653
69728,-2075724696
69732,-252600749
69736,1570523198
69740,-901320151
69744,921803796
69748,-1550039553
69752,273084394
69756,2096208341
69760,-375635008
69764,1447488939
69768,-1024354410
69772,798769537
69776,-1673073812
69780,150050135
69784,1973174082
69788,-498669267
69792,1324454680
69796,-1147388669
69800,675735278
69804,-1796108071
69808,27015876
69812,1850139823
69816,-621703526
69820,1201420421
69824,-1270422928
69828,552701019
69832,-1919142330
69836,-96018383
69840,1727105564
69844,-744737785
69848,1078386162
69852,-1393457187
69856,429666760
69860,-2042176589
69864,-219052642
69868,1604071305
69872,-867772044
69876,955351903
69880,-1516491446
69884,306632501
69888,2129756448
69892,-342086901
69896,1481037046
69900,-990806303
69904,832317644
69908,-1639525705
69912,183598242
69916,2006722189
69920,-465121160
69924,1358002787
69928,-1113840562
69932,709283385
69936,-1762559964
69940,60563983
69944,1883687930
69948,-588155419
69952,1234968528
69956,-1236874821
69960,586249126
69964,-1885594223
69968,-62470276
69972,1760653671
69976,-711189678
69980,1111934269
69984,-1359909080
69988,463214867
69992,-2008628482
69996,-185504535
70000,174088468
70004,-2090318081
70008,-59757334
70012,1970803413
70016,-293603136
70020,1736957611
70024,-527448938
70028,1503111809
70032,-761294740
70036,1269266007
70040,-995140542
70044,1035420205
70048,-1228986344
70052,801574403
70056,-1462832146
70060,567728601
70064,-1696677948
70068,333882799
70072,-1930523750
70076,100036997
70080,2130597744
70084,-133808805
70088,1896751942
70092,-367654607
70096,1662906140
70100,-601500409
70104,1429060338
70108,-835346211
70112,1195214536
70116,-1069192013
70120,961368734
70124,-1303037815
70128,727522932
70132,-1536883617
70136,493677130
70140,-1770729419
70144,259831328
70148,-2004575221
70152,25985526
70156,2056546273
70160,-207860276
70164,1822700471
70168,-441706078
70172,1588854669
70176,-675551880
70180,1355008867
70184,-909397682
70188,1121163065
70192,-1143243484
70196,887317263
70200,-1377089286
70204,653471461
70208,-1610935088
70212,419625659
70216,-1844780890
70220,185779857
70224,-2078626692
70228,-48065945
70232,1982494802
70236,-281911747
70240,1748649000
70244,-515757549
70248,1514803198
70252,-749603351
70256,1280957396
70260,-983449153
70264,1047111594
70268,-1217294955
70272,813265792
70276,-1451140757
70280,1775182230
70284,-281787519
70288,1956210028
70292,-100759721
70296,2137237826
70300,80268077
70304,-1976701672
70308,261295875
70312,-1795673874
70316,442323673
70320,-1614646076
70324,623351471
70328,-1433618278
70332,804379269
70336,-1252590480
70340,985407067
70344,-1071562682
70348,1166434865
70352,-890534884
70356,1347462663
70360,-709507086
70364,1528490461
70368,-528479288
70372,1709518259
70376,-347451490
70380,1890546057
70384,-166423692
70388,2071573855
70392,14604106
70396,-2042365643
70400,195631904
70404,-1861337845
70408,376659702
70412,-1680310047
70416,557687500
70420,-1499282249
70424,738715298
70428,-1318254451
70432,919743096
70436,-1137226653
70440,1100770894
70444,-956198855
70448,1281798692
70452,-775171057
70456,1462826490
70460,-594143259
70464,1643854288
70468,-413115461
70472,1824882086
70476,-232087663
70480,2005909884
70484,-51059865
70488,-2108029614
70492,129967933
70496,-1927001816
70500,310995731
70504,-1745974018
70508,492023529
70512,-1564946220
70516,673051327
70520,-1383918422
70524,854079125
70528,-1202890624
70532,1035106923
70536,-1021862826
70540,1216134721
70544,-840835028
70548,1397162519
70552,-659807230
70556,1578190317
70560,-918691304
70564,1526743043
70568,-322789906
70572,2122644441
70576,273111492
70580,-1576421457
70584,869012890
70588,-980520059
70592,1464914288
70596,-384618661
70600,2060815686
70604,211282737
70608,-1638250212
70612,807184135
70616,-1042348814
70620,1403085533
70624,-446447416
70628,1998986931
70632,149453982
70636,-1700078967
70640,745355380
70644,-1104177569
70648,1341256778
70652,-508276171
70656,1937158176
70660,87625227
70664,-1761907722
70668,683526625
70672,-1166006324
70676,1279428023
70680,-570104926
70684,1875329421
70688,25796472
70692,-1823736477
70696,621697870
70700,-1227835079
70704,1217599268
70708,-631933681
70712,1813500666
70716,-36032283
70720,-1885565232
70724,559869115
70728,-1289663834
70732,1155770513
70736,-693762436
70740,1751671911
70744,-97861038
70748,-1947393987
70752,498040360
70756,-1351492589
70760,1093941758
70764,-755591191
70768,1689843156
70772,-159689793
70776,-2009222742
70780,436211605
70784,-1413321344
70788,1032113003
70792,-817419946
70796,1628014401
70800,-221518548
70804,-2071051497
70808,374382850
70812,-1475150099
70816,970284248
70820,-879248701
70824,1566185646
70828,-283347303
70832,-2132880252
70836,312554095
70840,682402458
70844,-959693691
70848,1693177456
70852,51081307
70856,-1591014842
70860,1061856305
70864,-580239844
70868,2072631303
70872,430535154
70876,-1211560995
70880,1441310152
70884,-200785997
70888,-1842882146
70892,809989001
70896,-832107148
70900,1820763999
70904,178667850
70908,-1463428299
70912,1189442848
70916,-452653301
70920,-2094749450
70924,558121697
70928,-1083974452
70932,1568896695
70936,-73199454
70940,-1715295603
70944,937575544
70948,-704520605
70952,1948350542
70956,306254393
70960,-1335841756
70964,1317029391
70968,-325066758
70972,-1967162907
70976,685708240
70980,-956387909
70984,1696483238
70988,54387089
70992,-1587709060
70996,1065162087
71000,-576934062
71004,2075937085
71008,433840936
71012,-1208255213
71016,1444615934
71020,-197480215
71024,-1839576364
71028,813294783
71032,-828801366
71036,1824069781
71040,181973632
71044,-1460122517
71048,1192748630
71052,-449347519
71056,-2091443668
71060,561427479
71064,-1080668670
71068,1572202477
71072,-69893672
71076,-1711989821
71080,940881326
71084,-701214823
71088,1951656324
71092,309560175
71096,-1332535974
71100,1320335173
71104,-321760976
71108,-1963857125
71112,689014022
71116,-953082127
71120,-2011471076
71124,848836871
71128,-585822478
71132,-2020481827
71136,839826120
71140,-594833229
71144,-2029492578
71148,830815369
71152,-603843980
71156,-2038503329
71160,821804618
71164,-612854731
71168,-2047514080
71172,812793867
71176,-621865482
71180,-2056524831
71184,803783116
71188,-630876233
71192,-2065535582
71196,794772365
71200,-639886984
71204,-2074546333
71208,785761614
71212,-648897735
71216,-2083557084
71220,776750863
71224,-657908486
71228,-2092567835
71232,767740112
71236,-666919237
71240,-2101578586
71244,758729361
71248,-675929988
71252,-2110589337
71256,749718610
71260,-684940739
71264,-2119600088
71268,740707859
71272,-693951490
71276,-2128610839
71280,731697108
71284,-702962241
71288,-2137621590
71292,722686357
71296,-711972992
71300,-2146632341
71304,713675606
71308,-720983743
71312,2139324204
71316,704664855
71320,-729994494
71324,2130313453
71328,695654104
71332,-739005245
71336,2121302702
71340,686643353
71344,-748015996
71348,2112291951
71352,677632602
71356,-757026747
71360,2103281200
71364,668621851
71368,-766037498
71372,2094270449
71376,659611100
71380,-775048249
71384,2085259698
71388,650600349
71392,-784059000
71396,2076248947
71400,-410377314
71404,-1637599863
71408,1430144884
71412,202922335
71416,-1024300214
71420,2043444533
71424,816221984
71428,-411000565
71432,-1638223114
71436,1429521633
71440,202299084
71444,-1024923465
71448,2042821282
71452,815598733
71456,-411623816
71460,-1638846365
71464,1428898382
71468,201675833
71472,-1025546716
71476,2042198031
71480,814975482
71484,-412247067
71488,-1639469616
71492,1428275131
71496,201052582
71500,-1026169967
71504,2041574780
71508,814352231
71512,-412870318
71516,-1640092867
71520,1427651880
71524,200429331
71528,-1026793218
71532,2040951529
71536,813728980
71540,-413493569
71544,-1640716118
71548,1427028629
71552,199806080
71556,-1027416469
71560,2040328278
71564,813105729
71568,-414116820
71572,-1641339369
71576,1426405378
71580,199182829
71584,-1028039720
71588,2039705027
71592,812482478
71596,-414740071
71600,-1641962620
71604,1425782127
71608,198559578
71612,-1028662971
71616,2039081776
71620,811859227
71624,-415363322
71628,-1642585871
71632,1425158876
71636,197936327
71640,-1029286222
71644,2038458525
71648,811235976
71652,-415986573
71656,-1643209122
71660,1424535625
71664,197313076
71668,-1029909473
71672,2037835274
71676,810612725
71680,1190716448
71684,170930699
71688,-848855050
71692,-1868640799
71696,1406540748
71700,386754999
71704,-633030750
71708,-1652816499
71712,1622365048
71716,602579299
71720,-417206450
71724,-1436992199
71728,1838189348
71732,818403599
71736,-201382150
71740,-1221167899
71744,2054013648
71748,1034227899
71752,14442150
71756,-1005343599
71760,-2025129348
71764,1250052199
71768,230266450
71772,-789519299
71776,-1809305048
71780,1465876499
71784,446090750
71788,-573694999
71792,-1593480748
71796,1681700799
71800,661915050
71804,-357870699
71808,-1377656448
71812,1897525099
71816,877739350
71820,-142046399
71824,-1161832148
71828,2113349399
71832,1093563650
71836,73777901
71840,-946007848
71844,-1965793597
71848,1309387950
71852,289602201
71856,-730183548
71860,-1749969297
71864,1525212250
71868,505426501
71872,-514359248
71876,-1534144997
71880,1741036550
71884,721250801
71888,-298534948
71892,-1318320697
71896,1956860850
71900,937075101
71904,-82710648
71908,-1102496397
71912,-2122282146
71916,1152899401
71920,133113652
71924,-886672097
71928,-1906457846
71932,1368723701
71936,348937952
71940,-670847797
71944,-1690633546
71948,1584548001
71952,564762252
71956,-455023497
71960,-1503157086
71964,1979461261
71968,1167112312
71972,354763363
71976,-457585586
71980,-1269934535
71984,-2082283484
71988,1400334863
71992,587985914
71996,-224363035
72000,-1036711984
72004,-1849060933
72008,1633557414
72012,821208465
72016,8859516
72020,-803489433
72024,-1615838382
72028,1866779965
72032,1054431016
72036,242082067
72040,-570266882
72044,-1382615831
72048,2100002516
72052,1287653567
72056,475304618
72060,-337044331
72064,-1149393280
72068,-1961742229
72072,1520876118
72076,708527169
72080,-103821780
72084,-916170729
72088,-1728519678
72092,1754098669
72096,941749720
72100,129400771
72104,-682948178
72108,-1495297127
72112,1987321220
72116,1174972271
72120,362623322
72124,-449725627
72128,-1262074576
72132,-2074423525
72136,1408194822
72140,595845873
72144,-216503076
72148,-1028852025
72152,-1841200974
72156,1641417373
72160,829068424
72164,16719475
72168,-795629474
72172,-1607978423
72176,1874639924
72180,1062290975
72184,249942026
72188,-562406923
72192,-1374755872
72196,2107862475
72200,1295513526
72204,483164577
72208,-329184372
72212,-1141533321
72216,-1953882270
72220,1528736077
72224,716387128
72228,-95961821
72232,-908310770
72236,-1720659719
72240,97936676
72244,-506975473
72248,-1111887622
72252,-1716799771
72256,1973255376
72260,1368343227
72264,763431078
72268,158518929
72272,-446393220
72276,-1051305369
72280,-1656217518
72284,2033837629
72288,1428925480
72292,824013331
72296,219101182
72300,-385810967
72304,-990723116
72308,-1595635265
72312,2094419882
72316,1489507733
72320,884595584
72324,279683435
72328,-325228714
72332,-930140863
72336,-1535053012
72340,-2139965161
72344,1550089986
72348,945177837
72352,340265688
72356,-264646461
72360,-869558610
72364,-1474470759
72368,-2079382908
72372,1610672239
72376,1005760090
72380,400847941
72384,-204064208
72388,-808976357
72392,-1413888506
72396,-2018800655
72400,1671254492
72404,1066342343
72408,461430194
72412,-143481955
72416,-748394104
72420,-1353306253
72424,-1958218402
72428,1731836745
72432,1126924596
72436,522012447
72440,-82899702
72444,-687811851
72448,-1292724000
72452,-1897636149
72456,1792418998
72460,1187506849
72464,582594700
72468,-22317449
72472,-627229598
72476,-1232141747
72480,-1837053896
72484,1853001251
72488,1248089102
72492,643176953
72496,38264804
72500,-566647345
72504,-1171559494
72508,-1776471643
72512,1913583504
72516,1308671355
72520,1699030438
72524,1301555089
72528,904079740
72532,506604391
72536,109129042
72540,-288346307
72544,-685821656
72548,-1083297005
72552,-1480772354
72556,-1878247703
72560,2019244244
72564,1621768895
72568,1224293546
72572,826818197
72576,429342848
72580,31867499
72584,-365607850
72588,-763083199
72592,-1160558548
72596,-1558033897
72600,-1955509246
72604,1941982701
72608,1544507352
72612,1147032003
72616,749556654
72620,352081305
72624,-45394044
72628,-442869393
72632,-840344742
72636,-1237820091
72640,-1635295440
72644,-2032770789
72648,1864721158
72652,1467245809
72656,1069770460
72660,672295111
72664,274819762
72668,-122655587
72672,-520130936
72676,-917606285
72680,-1315081634
72684,-1712556983
72688,-2110032332
72692,1787459615
72696,1389984266
72700,992508917
72704,595033568
72708,197558219
72712,-199917130
72716,-597392479
72720,-994867828
72724,-1392343177
72728,-1789818526
72732,2107673421
72736,1710198072
72740,1312722723
72744,915247374
72748,517772025
72752,120296676
72756,-277178673
72760,-674654022
72764,-1072129371
72768,-1469604720
72772,-1867080069
72776,2030411878
72780,1632936529
72784,1235461180
72788,837985831
72792,440510482
72796,43035133
72800,-994843096
72804,-1184881645
72808,-1374920194
72812,-1564958743
72816,-1754997292
72820,-1945035841
72824,-2135074390
72828,1969854357
72832,1779815808
72836,1589777259
72840,1399738710
72844,1209700161
72848,1019661612
72852,829623063
72856,639584514
72860,449545965
72864,259507416
72868,69468867
72872,-120569682
72876,-310608231
72880,-500646780
72884,-690685329
72888,-880723878
72892,-1070762427
72896,-1260800976
72900,-1450839525
72904,-1640878074
72908,-1830916623
72912,-2020955172
72916,2083973575
72920,1893935026
72924,1703896477
72928,1513857928
72932,1323819379
72936,1133780830
72940,943742281
72944,753703732
72948,563665183
72952,373626634
72956,183588085
72960,-6450464
72964,-196489013
72968,-386527562
72972,-576566111
72976,-766604660
72980,-956643209
72984,-1146681758
72988,-1336720307
72992,-1526758856
72996,-1716797405
73000,-1906835954
73004,-2096874503
73008,2008054244
73012,1818015695
73016,1627977146
73020,1437938597
73024,1247900048
73028,1057861499
73032,867822950
73036,677784401
73040,487745852
73044,297707303
73048,107668754
73052,-82369795
73056,-272408344
73060,-462446893
73064,-652485442
73068,-842523991
73072,-1032562540
73076,-1222601089
73080,606250666
73084,623648917
73088,641047168
73092,658445419
73096,675843670
73100,693241921
73104,710640172
73108,728038423
73112,745436674
73116,762834925
73120,780233176
73124,797631427
73128,815029678
73132,832427929
73136,849826180
73140,867224431
73144,884622682
73148,902020933
73152,919419184
73156,936817435
73160,954215686
73164,971613937
73168,989012188
73172,1006410439
73176,1023808690
73180,1041206941
73184,1058605192
73188,1076003443
73192,1093401694
73196,1110799945
73200,1128198196
73204,1145596447
73208,1162994698
73212,1180392949
73216,1197791200
73220,1215189451
73224,1232587702
73228,1249985953
73232,1267384204
73236,1284782455
73240,1302180706
73244,1319578957
73248,1336977208
73252,1354375459
73256,1371773710
73260,1389171961
73264,1406570212
73268,1423968463
73272,1441366714
73276,1458764965
73280,1476163216
73284,1493561467
73288,1510959718
73292,1528357969
73296,1545756220
73300,1563154471
73304,1580552722
73308,1597950973
73312,1615349224
73316,1632747475
73320,1650145726
73324,1667543977
73328,1684942228
73332,1702340479
73336,1719738730
73340,1737136981
73344,1754535232
73348,1771933483
73352,1789331734
73356,1806729985
73360,-2087622868
73364,-1862787817
73368,-1637952766
73372,-1413117715
73376,-1188282664
73380,-963447613
73384,-738612562
73388,-513777511
73392,-288942460
73396,-64107409
73400,160727642
73404,385562693
73408,610397744
73412,835232795
73416,1060067846
73420,1284902897
73424,1509737948
73428,1734572999
73432,1959408050
73436,-2110724195
73440,-1885889144
73444,-1661054093
73448,-1436219042
73452,-1211383991
73456,-986548940
73460,-761713889
73464,-536878838
73468,-312043787
73472,-87208736
73476,137626315
73480,362461366
73484,587296417
73488,812131468
73492,1036966519
73496,1261801570
73500,1486636621
73504,1711471672
73508,1936306723
73512,-2133825522
73516,-1908990471
73520,-1684155420
73524,-1459320369
73528,-1234485318
73532,-1009650267
73536,-784815216
73540,-559980165
73544,-335145114
73548,-110310063
73552,114524988
73556,339360039
73560,564195090
73564,789030141
73568,1013865192
73572,1238700243
73576,1463535294
73580,1688370345
73584,1913205396
73588,2138040447
73592,-1932091798
73596,-1707256747
73600,-1482421696
73604,-1257586645
73608,-1032751594
73612,-807916543
73616,-583081492
73620,-358246441
73624,-133411390
73628,91423661
73632,316258712
73636,541093763
73640,-486529106
73644,-54257255
73648,378014596
73652,810286447
73656,1242558298
73660,1674830149
73664,2107102000
73668,-1755593445
73672,-1323321594
73676,-891049743
73680,-458777892
73684,-26506041
73688,405765810
73692,838037661
73696,1270309512
73700,1702581363
73704,2134853214
73708,-1727842231
73712,-1295570380
73716,-863298529
73720,-431026678
73724,1245173
73728,433517024
73732,865788875
73736,1298060726
73740,1730332577
73744,-2132362868
73748,-1700091017
73752,-1267819166
73756,-835547315
73760,-403275464
73764,28996387
73768,461268238
73772,893540089
73776,1325811940
73780,1758083791
73784,-2104611654
73788,-1672339803
73792,-1240067952
73796,-807796101
73800,-375524250
73804,56747601
73808,489019452
73812,921291303
73816,1353563154
73820,1785835005
73824,-2076860440
73828,-1644588589
73832,-1212316738
73836,-780044887
73840,-347773036
73844,84498815
73848,516770666
73852,949042517
73856,1381314368
73860,1813586219
73864,-2049109226
73868,-1616837375
73872,-1184565524
73876,-752293673
73880,-320021822
73884,112250029
73888,544521880
73892,976793731
73896,1409065582
73900,1841337433
73904,-2021358012
73908,-1589086161
73912,-1156814310
73916,-724542459
73920,1114564656
73924,1754273307
73928,-1900985338
73932,-1261276687
73936,-621568036
73940,18140615
73944,657849266
73948,1297557917
73952,1937266568
73956,-1717992077
73960,-1078283426
73964,-438574775
73968,201133876
73972,840842527
73976,1480551178
73980,2120259829
73984,-1534998816
73988,-895290165
73992,-255581514
73996,384127137
74000,1023835788
74004,1663544439
74008,-1991714206
74012,-1352005555
74016,-712296904
74020,-72588253
74024,567120398
74028,1206829049
74032,1846537700
74036,-1808720945
74040,-1169012294
74044,-529303643
74048,110405008
74052,750113659
74056,1389822310
74060,2029530961
74064,-1625727684
74068,-986019033
74072,-346310382
74076,293398269
74080,933106920
74084,1572815571
74088,-2082443074
74092,-1442734423
74096,-803025772
74100,-163317121
74104,476391530
74108,1116100181
74112,1755808832
74116,-1899449813
74120,-1259741162
74124,-620032511
74128,19676140
74132,659384791
74136,1299093442
74140,1938802093
74144,-1716456552
74148,-1076747901
74152,-437039250
74156,202669401
74160,842378052
74164,1482086703
74168,2121795354
74172,-1533463291
74176,-893754640
74180,-254045989
74184,385662662
74188,1025371313
74192,1665079964
74196,-1990178681
74200,-1579308878
74204,-732163427
74208,114982024
74212,962127475
74216,1809272926
74220,-1638548919
74224,-791403468
74228,55741983
74232,902887434
74236,1750032885
74240,-1697788960
74244,-850643509
74248,-3498058
74252,843647393
74256,1690792844
74260,-1757029001
74264,-909883550
74268,-62738099
74272,784407352
74276,1631552803
74280,-1816269042
74284,-969123591
74288,-121978140
74292,725167311
74296,1572312762
74300,-1875509083
74304,-1028363632
74308,-181218181
74312,665927270
74316,1513072721
74320,-1934749124
74324,-1087603673
74328,-240458222
74332,606687229
74336,1453832680
74340,-1993989165
74344,-1146843714
74348,-299698263
74352,547447188
74356,1394592639
74360,-2053229206
74364,-1206083755
74368,-358938304
74372,488207147
74376,1335352598
74380,-2112469247
74384,-1265323796
74388,-418178345
74392,428967106
74396,1276112557
74400,2123258008
74404,-1324563837
74408,-477418386
74412,369727065
74416,1216872516
74420,2064017967
74424,-1383803878
74428,-536658427
74432,310487024
74436,1157632475
74440,2004777926
74444,-1443043919
74448,-595898468
74452,251246983
74456,1098392434
74460,1945537885
74464,-1502283960
74468,-655138509
74472,192006942
74476,1039152393
74480,21784884
74484,1076367135
74488,2130949386
74492,-1109435659
74496,-54853408
74500,999728843
74504,2054311094
74508,-1186073951
74512,-131491700
74516,923090551
74520,1977672802
74524,-1262712243
74528,-208129992
74532,846452259
74536,1901034510
74540,-1339350535
74544,-284768284
74548,769813967
74552,1824396218
74556,-1415988827
74560,-361406576
74564,693175675
74568,1747757926
74572,-1492627119
74576,-438044868
74580,616537383
74584,1671119634
74588,-1569265411
74592,-514683160
74596,539899091
74600,1594481342
74604,-1645903703
74608,-591321452
74612,463260799
74616,1517843050
74620,-1722541995
74624,-667959744
74628,386622507
74632,1441204758
74636,-1799180287
74640,-744598036
74644,309984215
74648,1364566466
74652,-1875818579
74656,-821236328
74660,233345923
74664,1287928174
74668,-1952456871
74672,-897874620
74676,156707631
74680,1211289882
74684,-2029095163
74688,-974512912
74692,80069339
74696,1134651590
74700,-2105733455
74704,-1051151204
74708,3431047
74712,1058013298
74716,2112595549
74720,-1127789496
74724,-73207245
74728,981375006
74732,2035957257
74736,-1204427788
74740,-149845537
74744,904736714
74748,1959318965
74752,-1281066080
74756,-226483829
74760,1622878646
74764,-1410069599
74768,-148050548
74772,1113968503
74776,-1918979742
74780,-656960691
74784,605058360
74788,1867077411
74792,-1165870834
74796,96148217
74800,1358167268
74804,-1674780977
74808,-412761926
74812,849257125
74816,2111276176
74820,-921672069
74824,340346982
74828,1602366033
74832,-1430582212
74836,-168563161
74840,1093455890
74844,-1939492355
74848,-677473304
74852,584545747
74856,1846564798
74860,-1186383447
74864,75635604
74868,1337654655
74872,-1695293590
74876,-433274539
74880,828744512
74884,2090763563
74888,-942184682
74892,319834369
74896,1581853420
74900,-1451094825
74904,-189075774
74908,1072943277
74912,-1960004968
74916,-697985917
74920,564033134
74924,1826052185
74928,-1206896060
74932,55122991
74936,1317142042
74940,-1715806203
74944,-453787152
74948,808231899
74952,2070250950
74956,-962697295
74960,299321756
74964,1561340807
74968,-1471607438
74972,-209588387
74976,1052430664
74980,-1980517581
74984,-718498530
74988,543520521
74992,1805539572
74996,-1227408673
75000,34610378
75004,1296629429
75008,-1736318816
75012,-474299765
75016,787719286
75020,2049738337
75024,-983209908
75028,278809143
75032,1540828194
75036,-1492120051
75040,-1070994888
75044,398460963
75048,1867916814
75052,-957594631
75056,511861220
75060,1981317071
75064,-844194374
75068,625261477
75072,2094717328
75076,-730794117
75080,738661734
75084,-2086849711
75088,-617393860
75092,852061991
75096,-1973449454
75100,-503993603
75104,965462248
75108,-1860049197
75112,-390593346
75116,1078862505
75120,-1746648940
75124,-277193089
75128,1192262762
75132,-1633248683
75136,-163792832
75140,1305663019
75144,-1519848426
75148,-50392575
75152,1419063276
75156,-1406448169
75160,63007682
75164,1532463533
75168,-1293047912
75172,176407939
75176,1645863790
75180,-1179647655
75184,289808196
75188,1759264047
75192,-1066247398
75196,403208453
75200,1872664304
75204,-952847141
75208,516608710
75212,1986064561
75216,-839446884
75220,630008967
75224,2099464818
75228,-726046627
75232,743409224
75236,-2082102221
75240,-612646370
75244,856809481
75248,-1968701964
75252,-499246113
75256,970209738
75260,-1855301707
75264,-385845856
75268,1083609995
75272,-1741901450
75276,-272445599
75280,1197010252
75284,-1628501193
75288,-159045342
75292,1310410509
75296,-1515100936
75300,-45645085
75304,1423810766
75308,-1401700679
75312,67755172
75316,1537211023
75320,530098874
75324,-2087975771
75328,-411083120
75332,1265809531
75336,-1352265114
75340,324627537
75344,2001520188
75348,-616554457
75352,1060338194
75356,-1557736451
75360,119156200
75364,1796048851
75368,-822025794
75372,854866857
75376,-1763207788
75380,-86315137
75384,1590577514
75388,-1027497131
75392,649395520
75396,-1968679125
75400,-291786474
75404,1385106177
75408,-1232968468
75412,443924183
75416,2120816834
75420,-497257811
75424,1179634840
75428,-1438439805
75432,238452846
75436,1915345497
75440,-702729148
75444,974163503
75448,-1643911142
75452,32981509
75456,1709874160
75460,-908200485
75464,768692166
75468,-1849382479
75472,-172489828
75476,1504402823
75480,-1113671822
75484,563220829
75488,-2054853816
75492,-377961165
75496,1298931486
75500,-1319143159
75504,357749492
75508,2034642143
75512,-583432502
75516,1093460149
75520,-1524614496
75524,152278155
75528,1829170806
75532,-788903839
75536,887988812
75540,-1730085833
75544,-53193182
75548,1623699469
75552,-994375176
75556,3689
75560,3690
75564,3691
75568,3692
75572,3693
75576,3694
75580,3695
75584,3696
75588,3697
75592,3698
75596,3699
75600,3700
75604,3701
75608,3702
75612,3703
75616,3704
75620,3705
75624,3706
75628,3707
75632,3708
75636,3709
75640,3710
75644,3711
75648,3712
75652,3713
75656,3714
75660,3715
75664,3716
75668,3717
75672,3718
75676,3719
75680,3720
75684,3721
75688,3722
75692,3723
75696,3724
75700,3725
75704,3726
75708,3727
75712,3728
75716,3729
75720,3730
75724,3731
75728,3732
75732,3733
75736,3734
75740,3735
75744,3736
75748,3737
75752,3738
75756,3739
75760,3740
75764,3741
75768,3742
75772,3743
75776,3744
75780,3745
75784,3746
75788,3747
75792,3748
75796,3749
75800,3750
75804,3751
75808,3752
75812,3753
75816,3754
75820,3755
75824,3756
75828,3757
75832,3758
75836,3759
75840,3760
75844,3761
75848,3762
75852,3763
75856,3764
75860,3765
75864,3766
75868,3767
75872,3768
75876,3769
75880,3770
75884,3771
75888,3772
75892,3773
75896,3774
75900,3775
75904,3776
75908,3777
75912,3778
75916,3779
75920,3780
75924,3781
75928,3782
75932,3783
75936,3784
75940,3785
75944,3786
75948,3787
75952,3788
75956,3789
75960,3790
75964,3791
75968,3792
75972,3793
75976,3794
75980,3795
75984,3796
75988,3797
75992,3798
75996,3799
76000,3800
76004,3801
76008,3802
76012,3803
76016,3804
76020,3805
76024,3806
76028,3807
76032,3808
76036,3809
76040,3810
76044,3811
76048,3812
76052,3813
76056,3814
76060,3815
76064,3816
76068,3817
76072,3818
76076,3819
76080,3820
76084,3821
76088,3822
76092,3823
76096,3824
76100,3825
76104,3826
76108,3827
76112,3828
76116,3829
76120,3830
76124,3831
76128,3832
76132,3833
76136,3834
76140,3835
76144,3836
76148,3837
76152,3838
76156,3839
76160,3840
76164,3841
76168,3842
76172,3843
76176,3844
76180,3845
76184,3846
76188,3847
76192,3848
76196,3849
76200,3850
76204,3851
76208,3852
76212,3853
76216,3854
76220,3855
76224,3856
76228,3857
76232,3858
76236,3859
76240,3860
76244,3861
76248,3862
76252,3863
76256,3864
76260,3865
76264,3866
76268,3867
76272,3868
76276,3869
76280,3870
76284,3871
76288,3872
76292,3873
76296,3874
76300,3875
76304,3876
76308,3877
76312,3878
76316,3879
76320,3880
76324,3881
76328,3882
76332,3883
76336,3884
76340,3885
76344,3886
76348,3887
76352,3888
76356,3889
76360,3890
76364,3891
76368,3892
76372,3893
76376,3894
76380,3895
76384,3896
76388,3897
76392,3898
76396,3899
76400,3900
76404,3901
76408,3902
76412,3903
76416,3904
76420,3905
76424,3906
76428,3907
76432,3908
76436,3909
76440,3910
76444,3911
76448,3912
76452,3913
76456,3914
76460,3915
76464,3916
76468,3917
76472,3918
76476,3919
76480,3920
76484,3921
76488,3922
76492,3923
76496,3924
76500,3925
76504,3926
76508,3927
76512,3928
76516,3929
76520,3930
76524,3931
76528,3932
76532,3933
76536,3934
76540,3935
76544,3936
76548,3937
76552,3938
76556,3939
76560,3940
76564,3941
76568,3942
76572,3943
76576,3944
76580,3945
76584,3946
76588,3947
76592,3948
76596,3949
76600,3950
76604,3951
76608,3952
76612,3953
76616,3954
76620,3955
76624,3956
76628,3957
76632,3958
76636,3959
76640,3960
76644,3961
76648,3962
76652,3963
76656,3964
76660,3965
76664,3966
76668,3967
76672,3968
76676,3969
76680,3970
76684,3971
76688,3972
76692,3973
76696,3974
76700,3975
76704,3976
76708,3977
76712,3978
76716,3979
76720,3980
76724,3981
76728,3982
76732,3983
76736,3984
76740,3985
76744,3986
76748,3987
76752,3988
76756,3989
76760,3990
76764,3991
76768,3992
76772,3993
76776,3994
76780,3995
76784,3996
76788,3997
76792,3998
76796,3999
76800,4000
76804,4001
76808,4002
76812,4003
76816,4004
76820,4005
76824,4006
76828,4007
76832,4008
76836,4009
76840,4010
76844,4011
76848,4012
76852,4013
76856,4014
76860,4015
76864,4016
76868,4017
76872,4018
76876,4019
76880,4020
76884,4021
76888,4022
76892,4023
76896,4024
76900,4025
76904,4026
76908,4027
76912,4028
76916,4029
76920,4030
76924,4031
76928,4032
76932,4033
76936,4034
76940,4035
76944,4036
76948,4037
76952,4038
76956,4039
76960,4040
76964,4041
76968,4042
76972,4043
76976,4044
76980,4045
76984,4046
76988,4047
76992,4048
76996,4049
77000,4050
77004,4051
77008,4052
77012,4053
77016,4054
77020,4055
77024,4056
77028,4057
77032,4058
77036,4059
77040,4060
77044,4061
77048,4062
77052,4063
77056,4064
77060,4065
77064,4066
77068,4067
77072,4068
77076,4069
77080,4070
77084,4071
77088,4072
77092,4073
77096,4074
77100,4075
77104,4076
77108,4077
77112,4078
77116,4079
77120,4080
77124,4081
77128,4082
77132,4083
77136,4084
77140,4085
77144,4086
77148,4087
77152,4088
77156,4089
77160,4090
77164,4091
77168,4092
77172,4093
77176,4094
77180,4095
77184,4096
77188,4097
77192,4098
77196,4099
77200,4100
77204,4101
77208,4102
77212,4103
77216,4104
77220,4105
77224,4106
77228,4107
77232,4108
77236,4109
77240,4110
77244,4111
77248,4112
77252,4113
77256,4114
77260,4115
77264,4116
77268,4117
77272,4118
77276,4119
77280,4120
77284,4121
77288,4122
77292,4123
77296,4124
77300,4125
77304,4126
77308,4127
77312,4128
77316,4129
77320,4130
77324,4131
77328,4132
77332,4133
77336,4134
77340,4135
77344,4136
77348,4137
77352,4138
77356,4139
77360,4140
77364,4141
77368,4142
77372,4143
77376,4144
77380,4145
77384,4146
77388,4147
77392,4148
77396,4149
77400,4150
77404,4151
77408,4152
77412,4153
77416,4154
77420,4155
77424,4156
77428,4157
77432,4158
77436,4159
77440,4160
77444,4161
77448,4162
77452,4163
77456,4164
77460,4165
77464,4166
77468,4167
77472,4168
77476,4169
77480,4170
77484,4171
77488,4172
77492,4173
77496,4174
77500,4175
77504,4176
77508,4177
77512,4178
77516,4179
77520,4180
77524,4181
77528,4182
77532,4183
77536,4184
77540,4185
77544,4186
77548,4187
77552,4188
77556,4189
77560,4190
77564,4191
77568,4192
77572,4193
77576,4194
77580,4195
77584,4196
77588,4197
77592,4198
77596,4199
77600,4200
77604,4201
77608,4202
77612,4203
77616,4204
77620,4205
77624,4206
77628,4207
77632,4208
77636,4209
77640,4210
77644,4211
77648,4212
77652,4213
77656,4214
77660,4215
77664,4216
77668,4217
77672,4218
77676,4219
77680,4220
77684,4221
77688,4222
77692,4223
77696,4224
77700,4225
77704,4226
77708,4227
77712,4228
77716,4229
77720,4230
77724,4231
77728,4232
77732,4233
77736,4234
77740,4235
77744,4236
77748,4237
77752,4238
77756,4239
77760,4240
77764,4241
77768,4242
77772,4243
77776,4244
77780,4245
77784,4246
77788,4247
77792,4248
77796,4249
77800,4250
77804,4251
77808,4252
77812,4253
77816,4254
77820,4255
77824,4256
77828,4257
77832,4258
77836,4259
77840,4260
77844,4261
77848,4262
77852,4263
77856,4264
77860,4265
77864,4266
77868,4267
77872,4268
77876,4269
77880,4270
77884,4271
77888,4272
77892,4273
77896,4274
77900,4275
77904,4276
77908,4277
77912,4278
77916,4279
77920,4280
77924,4281
77928,4282
77932,4283
77936,4284
77940,4285
77944,4286
77948,4287
77952,4288
77956,4289
77960,4290
77964,4291
77968,4292
77972,4293
77976,4294
77980,4295
77984,4296
77988,4297
77992,4298
77996,4299
78000,4300
78004,4301
78008,4302
78012,4303
78016,4304
78020,4305
78024,4306
78028,4307
78032,4308
78036,4309
78040,4310
78044,4311
78048,4312
78052,4313
78056,4314
78060,4315
78064,4316
78068,4317
78072,4318
78076,4319
78080,4320
78084,4321
78088,4322
78092,4323
78096,4324
78100,4325
78104,4326
78108,4327
78112,4328
78116,4329
78120,4330
78124,4331
78128,4332
78132,4333
78136,4334
78140,4335
78144,4336
78148,4337
78152,4338
78156,4339
78160,4340
78164,4341
78168,4342
78172,4343
78176,4344
78180,4345
78184,4346
78188,4347
78192,4348
78196,4349
78200,4350
78204,4351
78208,4352
78212,4353
78216,4354
78220,4355
78224,4356
78228,4357
78232,4358
78236,4359
78240,4360
78244,4361
78248,4362
78252,4363
78256,4364
78260,4365
78264,4366
78268,4367
78272,4368
78276,4369
78280,4370
78284,4371
78288,4372
78292,4373
78296,4374
78300,4375
78304,4376
78308,4377
78312,4378
78316,4379
78320,4380
78324,4381
78328,4382
78332,4383
78336,4384
78340,4385
78344,4386
78348,4387
78352,4388
78356,4389
78360,4390
78364,4391
78368,4392
78372,4393
78376,4394
78380,4395
78384,4396
78388,4397
78392,4398
78396,4399
