Address,Data
0,85536
4,151072
8,151072
12,20000
20000,5
20004,3
20008,4
20012,-2
20016,3
20020,3
20024,-5
20028,0
20032,-2
20036,5
20040,4
20044,4
20048,5
20052,0
20056,2
20060,1
20064,-5
20068,-1
20072,2
20076,3
20080,5
20084,-4
20088,5
20092,1
20096,-3
20100,-3
20104,-4
20108,-2
20112,5
20116,0
20120,3
20124,-4
20128,5
20132,3
20136,2
20140,3
20144,-4
20148,-5
20152,0
20156,-1
20160,-4
20164,0
20168,-1
20172,2
20176,1
20180,-5
20184,-5
20188,4
20192,-3
20196,-1
20200,0
20204,3
20208,3
20212,2
20216,0
20220,-4
20224,-4
20228,-4
20232,0
20236,0
20240,2
20244,5
20248,-1
20252,-2
20256,-5
20260,-5
20264,-5
20268,-5
20272,-3
20276,-3
20280,2
20284,-5
20288,0
20292,-5
20296,-4
20300,-1
20304,-4
20308,-3
20312,-3
20316,-1
20320,5
20324,3
20328,-5
20332,5
20336,1
20340,-5
20344,-1
20348,-4
20352,0
20356,-4
20360,3
20364,3
20368,2
20372,-5
20376,-5
20380,4
20384,-4
20388,2
20392,3
20396,2
20400,-1
20404,5
20408,-5
20412,-5
20416,-1
20420,-2
20424,-5
20428,3
20432,-3
20436,2
20440,-3
20444,-4
20448,-2
20452,-3
20456,-1
20460,-4
20464,-3
20468,-3
20472,2
20476,-2
20480,-1
20484,-4
20488,1
20492,2
20496,4
20500,-4
20504,-5
20508,-5
20512,0
20516,3
20520,-1
20524,3
20528,3
20532,-2
20536,-1
20540,4
20544,5
20548,-3
20552,0
20556,-1
20560,2
20564,4
20568,5
20572,-4
20576,4
20580,-5
20584,2
20588,-1
20592,5
20596,3
20600,5
20604,3
20608,-1
20612,-4
20616,-1
20620,-5
20624,0
20628,1
20632,2
20636,-5
20640,2
20644,3
20648,-4
20652,0
20656,-2
20660,5
20664,1
20668,4
20672,-4
20676,-2
20680,2
20684,-1
20688,4
20692,-5
20696,3
20700,-1
20704,2
20708,5
20712,3
20716,0
20720,1
20724,2
20728,5
20732,-2
20736,0
20740,-4
20744,3
20748,4
20752,-3
20756,4
20760,3
20764,4
20768,-1
20772,0
20776,-5
20780,3
20784,2
20788,-4
20792,-3
20796,0
20800,-3
20804,5
20808,5
20812,2
20816,1
20820,2
20824,4
20828,-4
20832,0
20836,2
20840,0
20844,4
20848,2
20852,-3
20856,1
20860,-1
20864,3
20868,5
20872,-1
20876,4
20880,-2
20884,3
20888,0
20892,1
20896,5
20900,-2
20904,3
20908,-1
20912,-3
20916,2
20920,2
20924,-3
20928,-3
20932,-5
20936,2
20940,5
20944,0
20948,-5
20952,5
20956,-2
20960,5
20964,-2
20968,0
20972,0
20976,-1
20980,5
20984,2
20988,-3
20992,-3
20996,1
21000,1
21004,-2
21008,1
21012,2
21016,2
21020,-5
21024,3
21028,4
21032,-1
21036,5
21040,0
21044,-1
21048,5
21052,0
21056,-5
21060,-2
21064,0
21068,-1
21072,-3
21076,0
21080,-4
21084,2
21088,4
21092,1
21096,-5
21100,-4
21104,2
21108,-5
21112,-2
21116,2
21120,4
21124,-2
21128,5
21132,0
21136,1
21140,-4
21144,0
21148,-2
21152,1
21156,3
21160,0
21164,1
21168,2
21172,-5
21176,-3
21180,-4
21184,1
21188,-3
21192,-3
21196,0
21200,5
21204,2
21208,-4
21212,-1
21216,2
21220,5
21224,4
21228,-2
21232,-4
21236,5
21240,-3
21244,-2
21248,-4
21252,0
21256,-1
21260,0
21264,5
21268,-3
21272,-1
21276,-4
21280,-2
21284,-3
21288,-4
21292,5
21296,-1
21300,0
21304,3
21308,-2
21312,-4
21316,-3
21320,1
21324,0
21328,2
21332,-4
21336,-2
21340,5
21344,4
21348,-2
21352,0
21356,-5
21360,2
21364,-3
21368,1
21372,5
21376,-5
21380,-4
21384,-5
21388,-1
21392,1
21396,0
21400,1
21404,5
21408,-1
21412,4
21416,2
21420,-5
21424,-1
21428,-3
21432,5
21436,3
21440,4
21444,3
21448,-3
21452,3
21456,5
21460,3
21464,5
21468,-1
21472,3
21476,-5
21480,-1
21484,2
21488,5
21492,4
21496,0
21500,4
21504,1
21508,-1
21512,1
21516,-2
21520,-5
21524,1
21528,-2
21532,-4
21536,-1
21540,-4
21544,0
21548,-4
21552,3
21556,4
21560,-2
21564,-5
21568,-4
21572,-1
21576,3
21580,0
21584,-1
21588,-2
21592,0
21596,-5
21600,3
21604,5
21608,2
21612,-1
21616,-2
21620,-2
21624,1
21628,-4
21632,2
21636,4
21640,-4
21644,-3
21648,-5
21652,2
21656,-4
21660,0
21664,-3
21668,-3
21672,-4
21676,-2
21680,5
21684,-1
21688,-2
21692,5
21696,3
21700,-5
21704,1
21708,3
21712,-2
21716,4
21720,2
21724,-4
21728,3
21732,-3
21736,5
21740,3
21744,-5
21748,-1
21752,3
21756,3
21760,1
21764,-1
21768,-2
21772,-5
21776,-1
21780,-5
21784,0
21788,5
21792,-3
21796,-3
21800,1
21804,-3
21808,-5
21812,-1
21816,-4
21820,0
21824,0
21828,1
21832,0
21836,4
21840,0
21844,-1
21848,4
21852,1
21856,-3
21860,-4
21864,-4
21868,-1
21872,3
21876,3
21880,2
21884,0
21888,3
21892,2
21896,-4
21900,4
21904,-1
21908,1
21912,-2
21916,5
21920,1
21924,-4
21928,1
21932,3
21936,-5
21940,1
21944,-4
21948,5
21952,-1
21956,-1
21960,3
21964,2
21968,3
21972,-5
21976,-3
21980,1
21984,-5
21988,-2
21992,3
21996,-5
22000,-2
22004,3
22008,-4
22012,0
22016,-3
22020,3
22024,-2
22028,-2
22032,0
22036,-3
22040,1
22044,4
22048,-3
22052,-4
22056,-1
22060,-3
22064,4
22068,4
22072,-5
22076,3
22080,-2
22084,-4
22088,-3
22092,-3
22096,-4
22100,0
22104,3
22108,5
22112,-2
22116,-1
22120,-2
22124,-1
22128,1
22132,-3
22136,1
22140,-1
22144,-1
22148,-4
22152,5
22156,2
22160,-4
22164,-5
22168,-2
22172,4
22176,1
22180,-5
22184,4
22188,1
22192,-4
22196,-5
22200,-3
22204,-5
22208,-4
22212,3
22216,-1
22220,-1
22224,4
22228,4
22232,1
22236,-1
22240,-4
22244,-4
22248,0
22252,0
22256,-4
22260,1
22264,1
22268,-1
22272,2
22276,2
22280,5
22284,3
22288,-3
22292,0
22296,0
22300,-2
22304,4
22308,3
22312,3
22316,-5
22320,5
22324,-3
22328,2
22332,2
22336,1
22340,-4
22344,5
22348,-2
22352,-1
22356,-3
22360,5
22364,-5
22368,-4
22372,0
22376,-4
22380,-4
22384,-2
22388,3
22392,-4
22396,1
22400,-1
22404,-5
22408,-1
22412,1
22416,4
22420,-3
22424,4
22428,-4
22432,-4
22436,-4
22440,1
22444,3
22448,-2
22452,-3
22456,5
22460,4
22464,0
22468,4
22472,-2
22476,-3
22480,1
22484,-4
22488,-2
22492,-3
22496,4
22500,4
22504,-2
22508,-2
22512,2
22516,-4
22520,-2
22524,2
22528,-2
22532,1
22536,3
22540,0
22544,5
22548,-5
22552,-5
22556,0
22560,0
22564,-1
22568,5
22572,3
22576,2
22580,1
22584,-4
22588,5
22592,-1
22596,0
22600,-4
22604,1
22608,1
22612,-4
22616,1
22620,0
22624,-2
22628,-3
22632,-2
22636,-1
22640,3
22644,-1
22648,-3
22652,1
22656,-5
22660,-3
22664,4
22668,-5
22672,3
22676,-4
22680,2
22684,-3
22688,1
22692,-4
22696,0
22700,-5
22704,1
22708,1
22712,0
22716,2
22720,-5
22724,1
22728,-2
22732,4
22736,5
22740,-4
22744,2
22748,1
22752,-3
22756,0
22760,-2
22764,4
22768,5
22772,1
22776,-3
22780,-4
22784,-4
22788,5
22792,-2
22796,1
22800,0
22804,-5
22808,2
22812,-3
22816,-3
22820,4
22824,1
22828,-3
22832,-1
22836,-2
22840,-1
22844,-3
22848,-3
22852,0
22856,-2
22860,-1
22864,-2
22868,1
22872,-4
22876,5
22880,2
22884,-4
22888,-1
22892,1
22896,1
22900,4
22904,1
22908,5
22912,4
22916,-3
22920,-1
22924,3
22928,0
22932,4
22936,-1
22940,0
22944,5
22948,2
22952,5
22956,-2
22960,3
22964,3
22968,4
22972,-2
22976,1
22980,1
22984,2
22988,-2
22992,5
22996,-4
23000,5
23004,0
23008,-5
23012,0
23016,1
23020,4
23024,3
23028,1
23032,5
23036,-2
23040,4
23044,-1
23048,2
23052,-3
23056,4
23060,-1
23064,-5
23068,-5
23072,4
23076,-5
23080,4
23084,-4
23088,-3
23092,-1
23096,-3
23100,1
23104,-5
23108,3
23112,-4
23116,-1
23120,-1
23124,5
23128,4
23132,-5
23136,-1
23140,1
23144,2
23148,-1
23152,0
23156,-4
23160,-4
23164,1
23168,0
23172,0
23176,1
23180,-4
23184,-5
23188,-1
23192,4
23196,-1
23200,4
23204,5
23208,4
23212,-5
23216,4
23220,0
23224,-2
23228,2
23232,-3
23236,1
23240,-4
23244,0
23248,3
23252,1
23256,3
23260,4
23264,0
23268,-3
23272,-4
23276,-2
23280,3
23284,-2
23288,5
23292,2
23296,2
23300,1
23304,-3
23308,0
23312,0
23316,5
23320,3
23324,-1
23328,-4
23332,-4
23336,-4
23340,-2
23344,-3
23348,5
23352,-1
23356,2
23360,0
23364,1
23368,-2
23372,-2
23376,3
23380,-5
23384,-5
23388,0
23392,1
23396,-1
23400,-3
23404,-4
23408,2
23412,0
23416,1
23420,3
23424,1
23428,4
23432,-5
23436,4
23440,1
23444,2
23448,-4
23452,1
23456,2
23460,2
23464,3
23468,-5
23472,2
23476,0
23480,-3
23484,4
23488,-1
23492,-4
23496,5
23500,1
23504,0
23508,-4
23512,4
23516,1
23520,-3
23524,2
23528,4
23532,-2
23536,-5
23540,5
23544,-2
23548,-5
23552,3
23556,4
23560,1
23564,-5
23568,-3
23572,2
23576,2
23580,2
23584,3
23588,-5
23592,-4
23596,3
23600,-3
23604,-2
23608,-5
23612,2
23616,-5
23620,2
23624,-3
23628,-5
23632,2
23636,3
23640,1
23644,1
23648,4
23652,4
23656,1
23660,4
23664,2
23668,-4
23672,3
23676,5
23680,1
23684,-2
23688,-5
23692,3
23696,-4
23700,2
23704,4
23708,-3
23712,0
23716,5
23720,2
23724,-4
23728,-1
23732,-4
23736,-1
23740,0
23744,2
23748,2
23752,1
23756,3
23760,-5
23764,4
23768,-5
23772,-5
23776,-3
23780,-2
23784,-1
23788,-2
23792,5
23796,5
23800,-2
23804,-4
23808,5
23812,-3
23816,1
23820,4
23824,4
23828,1
23832,-2
23836,-3
23840,-4
23844,-1
23848,-3
23852,-2
23856,-5
23860,-4
23864,-4
23868,-3
23872,2
23876,-5
23880,1
23884,-2
23888,-1
23892,2
23896,-2
23900,4
23904,-1
23908,3
23912,-5
23916,-5
23920,3
23924,-4
23928,-4
23932,5
23936,-4
23940,3
23944,5
23948,0
23952,-5
23956,5
23960,1
23964,0
23968,1
23972,-4
23976,-4
23980,5
23984,-5
23988,5
23992,1
23996,5
24000,-2
24004,-3
24008,1
24012,-3
24016,-3
24020,-3
24024,-4
24028,2
24032,0
24036,-1
24040,1
24044,-3
24048,2
24052,-5
24056,-1
24060,5
24064,3
24068,3
24072,-2
24076,0
24080,-1
24084,3
24088,4
24092,-3
24096,-4
24100,4
24104,0
24108,4
24112,2
24116,3
24120,4
24124,-3
24128,3
24132,5
24136,4
24140,4
24144,-5
24148,-3
24152,1
24156,5
24160,-4
24164,2
24168,-2
24172,5
24176,4
24180,0
24184,3
24188,1
24192,1
24196,5
24200,2
24204,-2
24208,-1
24212,-4
24216,3
24220,-4
24224,3
24228,5
24232,1
24236,2
24240,-3
24244,-5
24248,2
24252,-3
24256,5
24260,-3
24264,-2
24268,-1
24272,5
24276,-1
24280,1
24284,-1
24288,4
24292,-2
24296,-3
24300,-1
24304,-2
24308,-2
24312,-1
24316,2
24320,-3
24324,-2
24328,-1
24332,1
24336,-2
24340,2
24344,-5
24348,-3
24352,-3
24356,5
24360,0
24364,3
24368,-1
24372,0
24376,2
24380,2
24384,4
24388,5
24392,0
24396,-3
24400,4
24404,-1
24408,1
24412,2
24416,-5
24420,-5
24424,2
24428,-2
24432,5
24436,-4
24440,1
24444,0
24448,-5
24452,5
24456,5
24460,3
24464,-4
24468,-2
24472,-1
24476,-2
24480,4
24484,-5
24488,3
24492,5
24496,-5
24500,5
24504,-2
24508,-1
24512,-3
24516,5
24520,5
24524,-3
24528,3
24532,0
24536,-4
24540,-3
24544,5
24548,-3
24552,-4
24556,3
24560,0
24564,1
24568,2
24572,-3
24576,1
24580,2
24584,3
24588,5
24592,-3
24596,-3
24600,-5
24604,0
24608,5
24612,0
24616,-1
24620,5
24624,4
24628,-3
24632,-3
24636,-4
24640,-5
24644,5
24648,0
24652,-3
24656,-3
24660,1
24664,4
24668,-3
24672,0
24676,-2
24680,2
24684,5
24688,2
24692,-4
24696,-3
24700,4
24704,5
24708,1
24712,0
24716,5
24720,3
24724,-5
24728,3
24732,3
24736,-5
24740,-5
24744,-2
24748,1
24752,-5
24756,2
24760,-4
24764,-1
24768,5
24772,-5
24776,4
24780,5
24784,4
24788,5
24792,4
24796,2
24800,-2
24804,-4
24808,4
24812,-1
24816,5
24820,0
24824,3
24828,1
24832,-4
24836,1
24840,-2
24844,-3
24848,-3
24852,4
24856,-2
24860,0
24864,1
24868,-1
24872,-5
24876,-3
24880,3
24884,-2
24888,-5
24892,4
24896,4
24900,1
24904,-2
24908,3
24912,4
24916,3
24920,0
24924,3
24928,-5
24932,2
24936,-5
24940,4
24944,1
24948,1
24952,-5
24956,0
24960,-2
24964,0
24968,5
24972,0
24976,-2
24980,2
24984,-5
24988,-3
24992,5
24996,0
25000,4
25004,1
25008,5
25012,1
25016,5
25020,-4
25024,3
25028,0
25032,4
25036,5
25040,3
25044,2
25048,3
25052,5
25056,-3
25060,-1
25064,-5
25068,5
25072,-4
25076,1
25080,-4
25084,1
25088,0
25092,-1
25096,-2
25100,3
25104,-2
25108,2
25112,3
25116,1
25120,-5
25124,2
25128,5
25132,2
25136,5
25140,-2
25144,3
25148,3
25152,3
25156,-2
25160,-4
25164,-4
25168,4
25172,-5
25176,-2
25180,2
25184,-3
25188,-3
25192,4
25196,-4
25200,3
25204,-4
25208,-4
25212,5
25216,0
25220,-5
25224,-2
25228,-4
25232,5
25236,-5
25240,-3
25244,3
25248,3
25252,-5
25256,0
25260,-1
25264,3
25268,-3
25272,-2
25276,2
25280,1
25284,4
25288,-2
25292,5
25296,3
25300,2
25304,-3
25308,1
25312,-1
25316,4
25320,1
25324,2
25328,-4
25332,-1
25336,3
25340,3
25344,1
25348,-3
25352,4
25356,1
25360,-2
25364,-4
25368,-1
25372,1
25376,-2
25380,2
25384,-3
25388,4
25392,-4
25396,4
25400,5
25404,0
25408,4
25412,-2
25416,1
25420,2
25424,-2
25428,1
25432,5
25436,5
25440,5
25444,5
25448,-2
25452,3
25456,4
25460,3
25464,-2
25468,-3
25472,-4
25476,3
25480,5
25484,-4
25488,-4
25492,0
25496,2
25500,2
25504,-5
25508,0
25512,-5
25516,-3
25520,1
25524,4
25528,-2
25532,-1
25536,3
25540,0
25544,-4
25548,-5
25552,1
25556,-4
25560,0
25564,-3
25568,0
25572,-3
25576,5
25580,5
25584,-5
25588,-1
25592,-1
25596,3
25600,4
25604,-2
25608,-5
25612,4
25616,5
25620,-4
25624,1
25628,1
25632,2
25636,-4
25640,-4
25644,-2
25648,-1
25652,4
25656,2
25660,0
25664,3
25668,-2
25672,2
25676,1
25680,-3
25684,2
25688,3
25692,4
25696,-3
25700,3
25704,-5
25708,-1
25712,-1
25716,1
25720,-3
25724,-3
25728,-2
25732,1
25736,1
25740,3
25744,-5
25748,2
25752,2
25756,-5
25760,-2
25764,-1
25768,2
25772,4
25776,3
25780,4
25784,5
25788,4
25792,-4
25796,4
25800,4
25804,0
25808,5
25812,-4
25816,-5
25820,4
25824,4
25828,1
25832,-1
25836,5
25840,-3
25844,5
25848,5
25852,1
25856,1
25860,4
25864,-2
25868,5
25872,2
25876,1
25880,-3
25884,1
25888,2
25892,-5
25896,3
25900,-1
25904,2
25908,-4
25912,5
25916,2
25920,-4
25924,-4
25928,2
25932,3
25936,-4
25940,-5
25944,3
25948,-1
25952,1
25956,-1
25960,-4
25964,-4
25968,2
25972,-5
25976,3
25980,3
25984,-4
25988,2
25992,3
25996,-4
26000,1
26004,2
26008,-5
26012,-3
26016,-1
26020,4
26024,-4
26028,-2
26032,-3
26036,0
26040,-1
26044,-5
26048,4
26052,-5
26056,0
26060,-3
26064,-5
26068,-5
26072,-3
26076,4
26080,-2
26084,5
26088,-1
26092,-2
26096,1
26100,-3
26104,4
26108,-2
26112,-5
26116,2
26120,-3
26124,3
26128,0
26132,4
26136,0
26140,4
26144,-2
26148,4
26152,1
26156,-1
26160,-3
26164,5
26168,-1
26172,-1
26176,0
26180,0
26184,3
26188,2
26192,2
26196,0
26200,-5
26204,-3
26208,-1
26212,-4
26216,-1
26220,4
26224,-3
26228,3
26232,-1
26236,-1
26240,2
26244,-4
26248,-2
26252,3
26256,4
26260,-1
26264,-2
26268,-5
26272,2
26276,-2
26280,4
26284,3
26288,5
26292,2
26296,5
26300,4
26304,-2
26308,1
26312,-1
26316,-1
26320,4
26324,2
26328,0
26332,-4
26336,5
26340,0
26344,-5
26348,1
26352,1
26356,4
26360,-2
26364,-5
26368,4
26372,-2
26376,-4
26380,-2
26384,3
26388,-1
26392,0
26396,3
26400,1
26404,-4
26408,2
26412,4
26416,2
26420,2
26424,-3
26428,5
26432,1
26436,0
26440,1
26444,5
26448,-3
26452,-4
26456,-3
26460,2
26464,5
26468,-5
26472,0
26476,4
26480,-4
26484,0
26488,-2
26492,0
26496,5
26500,4
26504,-4
26508,5
26512,5
26516,-3
26520,-4
26524,1
26528,-2
26532,-3
26536,2
26540,-4
26544,3
26548,4
26552,1
26556,-2
26560,-4
26564,-5
26568,-2
26572,4
26576,-5
26580,-3
26584,-2
26588,5
26592,4
26596,-2
26600,0
26604,-2
26608,-1
26612,-4
26616,-1
26620,5
26624,0
26628,3
26632,4
26636,1
26640,4
26644,-4
26648,1
26652,3
26656,-5
26660,2
26664,0
26668,2
26672,1
26676,-2
26680,-2
26684,-4
26688,0
26692,2
26696,-5
26700,-5
26704,-3
26708,-1
26712,-4
26716,-2
26720,-1
26724,0
26728,1
26732,4
26736,0
26740,1
26744,-1
26748,5
26752,5
26756,1
26760,-4
26764,4
26768,1
26772,-4
26776,-5
26780,-4
26784,3
26788,2
26792,4
26796,-4
26800,-5
26804,-3
26808,5
26812,-2
26816,5
26820,2
26824,-4
26828,3
26832,0
26836,2
26840,-5
26844,-2
26848,4
26852,-4
26856,-2
26860,3
26864,4
26868,4
26872,5
26876,0
26880,-3
26884,-3
26888,4
26892,-4
26896,2
26900,-3
26904,0
26908,-2
26912,-5
26916,0
26920,-5
26924,-3
26928,2
26932,0
26936,-5
26940,-4
26944,1
26948,-2
26952,0
26956,-4
26960,-1
26964,-4
26968,-3
26972,-2
26976,-1
26980,-3
26984,3
26988,-2
26992,2
26996,-1
27000,1
27004,1
27008,3
27012,1
27016,4
27020,-2
27024,-4
27028,-3
27032,0
27036,-2
27040,5
27044,4
27048,-3
27052,-4
27056,-3
27060,2
27064,2
27068,-2
27072,5
27076,-5
27080,5
27084,1
27088,-1
27092,-1
27096,-3
27100,-5
27104,2
27108,-2
27112,-3
27116,-5
27120,2
27124,-4
27128,-5
27132,-5
27136,0
27140,-2
27144,0
27148,0
27152,4
27156,-5
27160,-4
27164,3
27168,0
27172,3
27176,-3
27180,-1
27184,2
27188,-4
27192,-3
27196,-3
27200,-3
27204,-1
27208,5
27212,-4
27216,-2
27220,-3
27224,-5
27228,-4
27232,-5
27236,3
27240,-3
27244,3
27248,3
27252,-2
27256,3
27260,-5
27264,-5
27268,0
27272,0
27276,4
27280,-2
27284,0
27288,5
27292,4
27296,-2
27300,3
27304,-1
27308,1
27312,1
27316,-3
27320,-3
27324,-5
27328,-5
27332,-3
27336,-1
27340,3
27344,-2
27348,-4
27352,-1
27356,-1
27360,-2
27364,3
27368,0
27372,-5
27376,-2
27380,-1
27384,1
27388,5
27392,1
27396,-2
27400,1
27404,1
27408,5
27412,0
27416,-3
27420,5
27424,-3
27428,-1
27432,4
27436,-5
27440,5
27444,3
27448,3
27452,-3
27456,4
27460,4
27464,-5
27468,-1
27472,-4
27476,3
27480,-3
27484,-5
27488,-2
27492,2
27496,2
27500,5
27504,4
27508,-5
27512,-1
27516,3
27520,3
27524,-1
27528,-1
27532,1
27536,-5
27540,-2
27544,5
27548,-3
27552,-1
27556,1
27560,-1
27564,1
27568,4
27572,-3
27576,5
27580,3
27584,-3
27588,-5
27592,-4
27596,4
27600,-4
27604,-1
27608,-1
27612,1
27616,-5
27620,2
27624,1
27628,-5
27632,5
27636,-4
27640,-5
27644,0
27648,-1
27652,0
27656,-3
27660,-5
27664,-3
27668,3
27672,1
27676,4
27680,5
27684,4
27688,2
27692,3
27696,4
27700,-5
27704,0
27708,-4
27712,5
27716,-3
27720,0
27724,2
27728,-5
27732,-1
27736,-3
27740,-5
27744,-3
27748,-4
27752,-1
27756,2
27760,5
27764,-2
27768,-3
27772,-2
27776,-1
27780,5
27784,-3
27788,0
27792,-1
27796,2
27800,0
27804,3
27808,0
27812,3
27816,1
27820,-2
27824,0
27828,-1
27832,-3
27836,-5
27840,5
27844,-5
27848,0
27852,-1
27856,-3
27860,-2
27864,5
27868,2
27872,3
27876,-4
27880,-1
27884,4
27888,0
27892,-5
27896,5
27900,-1
27904,2
27908,2
27912,2
27916,-2
27920,3
27924,3
27928,2
27932,-1
27936,-2
27940,-2
27944,3
27948,0
27952,-3
27956,-4
27960,5
27964,-4
27968,1
27972,1
27976,-4
27980,1
27984,-4
27988,-3
27992,1
27996,2
28000,-4
28004,-1
28008,-5
28012,4
28016,-2
28020,3
28024,-1
28028,2
28032,-4
28036,-3
28040,4
28044,-4
28048,3
28052,-3
28056,1
28060,-2
28064,5
28068,-4
28072,-3
28076,-1
28080,-3
28084,4
28088,1
28092,1
28096,3
28100,-3
28104,-4
28108,-4
28112,3
28116,-1
28120,0
28124,-4
28128,1
28132,-3
28136,-5
28140,4
28144,3
28148,3
28152,1
28156,-4
28160,0
28164,4
28168,0
28172,4
28176,3
28180,-2
28184,5
28188,1
28192,5
28196,5
28200,-5
28204,-2
28208,0
28212,-4
28216,1
28220,-4
28224,4
28228,-2
28232,-1
28236,0
28240,5
28244,3
28248,-3
28252,-5
28256,4
28260,-5
28264,-4
28268,-5
28272,4
28276,0
28280,0
28284,-4
28288,5
28292,2
28296,2
28300,4
28304,0
28308,2
28312,0
28316,0
28320,0
28324,-4
28328,1
28332,5
28336,0
28340,2
28344,5
28348,-4
28352,-5
28356,-4
28360,-2
28364,2
28368,-4
28372,-5
28376,3
28380,3
28384,1
28388,4
28392,-3
28396,-3
28400,-5
28404,5
28408,-4
28412,2
28416,-3
28420,-4
28424,-5
28428,-4
28432,0
28436,-1
28440,2
28444,0
28448,1
28452,3
28456,0
28460,-4
28464,4
28468,3
28472,5
28476,-1
28480,0
28484,-1
28488,-3
28492,3
28496,0
28500,3
28504,-3
28508,2
28512,0
28516,-4
28520,0
28524,5
28528,-2
28532,1
28536,3
28540,2
28544,3
28548,2
28552,-4
28556,-3
28560,-4
28564,3
28568,-4
28572,-5
28576,3
28580,-3
28584,1
28588,5
28592,0
28596,2
28600,4
28604,-3
28608,-3
28612,5
28616,5
28620,4
28624,5
28628,1
28632,-4
28636,0
28640,3
28644,5
28648,-5
28652,1
28656,-1
28660,-4
28664,-4
28668,0
28672,4
28676,-3
28680,-5
28684,2
28688,3
28692,-2
28696,-4
28700,3
28704,-1
28708,0
28712,-4
28716,4
28720,0
28724,2
28728,-2
28732,0
28736,-4
28740,-2
28744,5
28748,-2
28752,5
28756,3
28760,5
28764,-2
28768,0
28772,3
28776,-5
28780,-2
28784,-2
28788,-5
28792,-4
28796,-5
28800,1
28804,2
28808,-5
28812,4
28816,0
28820,4
28824,-2
28828,4
28832,4
28836,3
28840,-4
28844,3
28848,4
28852,0
28856,2
28860,5
28864,-4
28868,1
28872,5
28876,-5
28880,-5
28884,-5
28888,2
28892,-5
28896,5
28900,2
28904,4
28908,-5
28912,1
28916,2
28920,5
28924,2
28928,0
28932,4
28936,0
28940,-2
28944,-1
28948,-3
28952,5
28956,3
28960,5
28964,1
28968,-3
28972,-1
28976,4
28980,-2
28984,-3
28988,2
28992,-2
28996,2
29000,2
29004,0
29008,2
29012,-1
29016,-3
29020,-5
29024,0
29028,5
29032,-3
29036,3
29040,-2
29044,4
29048,1
29052,2
29056,2
29060,5
29064,1
29068,5
29072,4
29076,2
29080,4
29084,-3
29088,4
29092,-1
29096,-3
29100,1
29104,5
29108,5
29112,2
29116,4
29120,-5
29124,5
29128,-3
29132,-4
29136,-2
29140,-5
29144,-2
29148,4
29152,-4
29156,5
29160,-2
29164,-5
29168,3
29172,3
29176,2
29180,-5
29184,-2
29188,0
29192,2
29196,4
29200,-4
29204,-4
29208,5
29212,-1
29216,4
29220,3
29224,1
29228,-4
29232,2
29236,-3
29240,-1
29244,2
29248,0
29252,-2
29256,1
29260,-3
29264,3
29268,0
29272,3
29276,2
29280,4
29284,-5
29288,-4
29292,-2
29296,1
29300,-2
29304,1
29308,2
29312,-5
29316,-4
29320,5
29324,1
29328,-1
29332,4
29336,0
29340,5
29344,5
29348,5
29352,-1
29356,1
29360,5
29364,-3
29368,-1
29372,4
29376,-4
29380,1
29384,1
29388,5
29392,4
29396,-2
29400,-4
29404,5
29408,-2
29412,-1
29416,-3
29420,1
29424,5
29428,2
29432,4
29436,3
29440,2
29444,1
29448,-3
29452,-2
29456,0
29460,-2
29464,3
29468,4
29472,-5
29476,0
29480,-4
29484,-4
29488,0
29492,0
29496,2
29500,0
29504,-5
29508,-2
29512,-2
29516,-5
29520,5
29524,2
29528,1
29532,3
29536,-4
29540,3
29544,-2
29548,3
29552,-2
29556,-1
29560,-5
29564,-1
29568,2
29572,4
29576,-2
29580,4
29584,0
29588,4
29592,5
29596,-2
29600,4
29604,-1
29608,2
29612,2
29616,4
29620,-4
29624,0
29628,-1
29632,-5
29636,-5
29640,-4
29644,-1
29648,-3
29652,0
29656,-2
29660,-2
29664,4
29668,-1
29672,-3
29676,-4
29680,2
29684,3
29688,3
29692,-3
29696,-2
29700,-3
29704,4
29708,1
29712,3
29716,-2
29720,-5
29724,3
29728,3
29732,2
29736,5
29740,-4
29744,2
29748,-1
29752,-3
29756,-5
29760,-5
29764,2
29768,-2
29772,3
29776,4
29780,-5
29784,2
29788,2
29792,-1
29796,0
29800,5
29804,2
29808,3
29812,-1
29816,-3
29820,-5
29824,2
29828,-4
29832,0
29836,-5
29840,3
29844,-5
29848,-2
29852,5
29856,1
29860,5
29864,-4
29868,-2
29872,2
29876,-3
29880,-5
29884,0
29888,2
29892,1
29896,-1
29900,2
29904,-3
29908,-1
29912,-3
29916,5
29920,4
29924,-4
29928,2
29932,3
29936,1
29940,5
29944,0
29948,-3
29952,-3
29956,1
29960,-1
29964,5
29968,-1
29972,4
29976,2
29980,-1
29984,1
29988,-5
29992,5
29996,-5
30000,5
30004,5
30008,3
30012,2
30016,5
30020,-4
30024,4
30028,-5
30032,-5
30036,-3
30040,-5
30044,-1
30048,-2
30052,3
30056,-5
30060,-4
30064,1
30068,0
30072,-3
30076,4
30080,2
30084,-5
30088,-4
30092,-2
30096,3
30100,3
30104,1
30108,4
30112,-2
30116,5
30120,-5
30124,3
30128,-5
30132,3
30136,-1
30140,-3
30144,4
30148,4
30152,5
30156,-3
30160,0
30164,4
30168,0
30172,-4
30176,-1
30180,4
30184,-5
30188,1
30192,-2
30196,-5
30200,2
30204,1
30208,-3
30212,0
30216,-1
30220,5
30224,-3
30228,5
30232,-1
30236,-3
30240,-1
30244,-5
30248,-5
30252,2
30256,0
30260,5
30264,-1
30268,0
30272,-3
30276,2
30280,-5
30284,2
30288,5
30292,-5
30296,-2
30300,-4
30304,4
30308,5
30312,-1
30316,5
30320,-1
30324,4
30328,4
30332,-2
30336,1
30340,-2
30344,-1
30348,-2
30352,0
30356,-2
30360,4
30364,2
30368,3
30372,0
30376,3
30380,-1
30384,5
30388,2
30392,-3
30396,-4
30400,0
30404,5
30408,5
30412,5
30416,-5
30420,5
30424,4
30428,3
30432,-5
30436,3
30440,-2
30444,-2
30448,0
30452,5
30456,-3
30460,-3
30464,4
30468,0
30472,5
30476,-4
30480,-4
30484,-3
30488,4
30492,-5
30496,4
30500,-3
30504,-5
30508,-4
30512,5
30516,4
30520,-2
30524,3
30528,-5
30532,-2
30536,0
30540,1
30544,-2
30548,-5
30552,2
30556,-1
30560,4
30564,-3
30568,3
30572,2
30576,-1
30580,-5
30584,-1
30588,1
30592,1
30596,2
30600,2
30604,-3
30608,-1
30612,-5
30616,5
30620,-4
30624,1
30628,4
30632,1
30636,-3
30640,1
30644,3
30648,5
30652,-2
30656,4
30660,2
30664,-1
30668,-1
30672,-1
30676,-5
30680,-5
30684,0
30688,-1
30692,-3
30696,4
30700,-4
30704,0
30708,5
30712,4
30716,4
30720,3
30724,-5
30728,-5
30732,3
30736,-5
30740,-1
30744,5
30748,-2
30752,5
30756,-1
30760,-4
30764,0
30768,-2
30772,3
30776,3
30780,-4
30784,-5
30788,-4
30792,-4
30796,-3
30800,-3
30804,-1
30808,3
30812,4
30816,1
30820,0
30824,1
30828,-2
30832,-2
30836,1
30840,3
30844,-2
30848,-5
30852,-1
30856,3
30860,-5
30864,-2
30868,1
30872,1
30876,0
30880,1
30884,0
30888,1
30892,-1
30896,4
30900,5
30904,-1
30908,2
30912,3
30916,2
30920,0
30924,5
30928,2
30932,-2
30936,-1
30940,-1
30944,-3
30948,0
30952,2
30956,-3
30960,-1
30964,4
30968,5
30972,3
30976,-5
30980,1
30984,-4
30988,-5
30992,-4
30996,4
31000,1
31004,-2
31008,4
31012,-3
31016,4
31020,4
31024,3
31028,-1
31032,5
31036,-5
31040,0
31044,0
31048,-4
31052,-4
31056,1
31060,3
31064,-1
31068,0
31072,-2
31076,1
31080,1
31084,3
31088,3
31092,3
31096,-3
31100,-2
31104,3
31108,1
31112,1
31116,4
31120,-2
31124,0
31128,-4
31132,4
31136,3
31140,2
31144,3
31148,-3
31152,0
31156,0
31160,-1
31164,-5
31168,-5
31172,-3
31176,-3
31180,-3
31184,3
31188,3
31192,1
31196,3
31200,-5
31204,-1
31208,-1
31212,3
31216,2
31220,2
31224,-1
31228,3
31232,2
31236,4
31240,-5
31244,5
31248,5
31252,2
31256,1
31260,1
31264,3
31268,-2
31272,0
31276,-2
31280,2
31284,4
31288,0
31292,-4
31296,-1
31300,-4
31304,-2
31308,-5
31312,-1
31316,-5
31320,-3
31324,-4
31328,3
31332,1
31336,-4
31340,1
31344,4
31348,-2
31352,-1
31356,0
31360,4
31364,-5
31368,3
31372,-1
31376,1
31380,-5
31384,4
31388,0
31392,0
31396,-3
31400,-5
31404,-1
31408,3
31412,5
31416,5
31420,5
31424,-3
31428,1
31432,-5
31436,-3
31440,5
31444,1
31448,-2
31452,0
31456,1
31460,4
31464,-4
31468,2
31472,5
31476,-4
31480,1
31484,1
31488,3
31492,-2
31496,-5
31500,4
31504,4
31508,2
31512,-3
31516,-3
31520,4
31524,0
31528,-5
31532,3
31536,4
31540,3
31544,3
31548,3
31552,3
31556,-5
31560,-5
31564,-3
31568,-2
31572,1
31576,-5
31580,1
31584,-5
31588,0
31592,-2
31596,-2
31600,-3
31604,-2
31608,1
31612,-4
31616,-1
31620,-5
31624,1
31628,-2
31632,4
31636,3
31640,4
31644,-4
31648,0
31652,1
31656,-5
31660,-3
31664,-3
31668,1
31672,4
31676,-1
31680,0
31684,0
31688,0
31692,-2
31696,0
31700,-5
31704,0
31708,-5
31712,-3
31716,-2
31720,-4
31724,3
31728,2
31732,-1
31736,3
31740,5
31744,-1
31748,4
31752,1
31756,4
31760,0
31764,4
31768,5
31772,-5
31776,-5
31780,-4
31784,1
31788,-3
31792,4
31796,-4
31800,-2
31804,4
31808,3
31812,0
31816,4
31820,-2
31824,0
31828,-1
31832,-3
31836,5
31840,-2
31844,3
31848,-2
31852,2
31856,4
31860,-3
31864,-4
31868,2
31872,-5
31876,1
31880,0
31884,3
31888,2
31892,-2
31896,2
31900,-3
31904,1
31908,4
31912,2
31916,-1
31920,-1
31924,0
31928,4
31932,5
31936,-2
31940,3
31944,-4
31948,4
31952,-3
31956,-1
31960,3
31964,-1
31968,3
31972,4
31976,-3
31980,5
31984,-2
31988,5
31992,-5
31996,0
32000,4
32004,3
32008,4
32012,-3
32016,-2
32020,3
32024,1
32028,-1
32032,4
32036,-5
32040,3
32044,-4
32048,1
32052,0
32056,-3
32060,4
32064,5
32068,1
32072,5
32076,5
32080,-5
32084,1
32088,1
32092,-5
32096,-4
32100,-5
32104,-4
32108,4
32112,4
32116,1
32120,2
32124,-2
32128,-4
32132,2
32136,-3
32140,0
32144,5
32148,0
32152,-2
32156,5
32160,-5
32164,0
32168,-5
32172,-5
32176,1
32180,2
32184,5
32188,-2
32192,1
32196,-4
32200,1
32204,5
32208,-2
32212,4
32216,3
32220,-2
32224,2
32228,5
32232,-4
32236,-3
32240,3
32244,0
32248,3
32252,-5
32256,-2
32260,0
32264,-2
32268,-4
32272,-2
32276,-5
32280,-3
32284,-3
32288,-5
32292,4
32296,2
32300,-5
32304,2
32308,1
32312,1
32316,-3
32320,-3
32324,-1
32328,5
32332,4
32336,1
32340,5
32344,3
32348,5
32352,1
32356,4
32360,2
32364,-1
32368,0
32372,-4
32376,4
32380,-1
32384,4
32388,-3
32392,4
32396,0
32400,-5
32404,-2
32408,5
32412,5
32416,5
32420,-2
32424,4
32428,4
32432,-2
32436,-3
32440,4
32444,3
32448,2
32452,-2
32456,1
32460,0
32464,-1
32468,-1
32472,-5
32476,5
32480,-5
32484,-4
32488,4
32492,4
32496,3
32500,-1
32504,-1
32508,-3
32512,4
32516,4
32520,0
32524,2
32528,-3
32532,4
32536,-4
32540,-1
32544,3
32548,-4
32552,1
32556,-3
32560,-2
32564,2
32568,0
32572,-2
32576,4
32580,0
32584,0
32588,-1
32592,1
32596,3
32600,2
32604,-3
32608,1
32612,-3
32616,0
32620,2
32624,4
32628,-5
32632,4
32636,-2
32640,1
32644,4
32648,-2
32652,0
32656,-3
32660,-4
32664,-5
32668,-5
32672,-3
32676,-5
32680,1
32684,5
32688,5
32692,0
32696,1
32700,4
32704,-1
32708,2
32712,-1
32716,-2
32720,-5
32724,5
32728,-4
32732,-2
32736,1
32740,-1
32744,4
32748,5
32752,4
32756,-5
32760,2
32764,-1
32768,2
32772,4
32776,4
32780,-2
32784,0
32788,3
32792,-3
32796,-5
32800,-1
32804,-4
32808,4
32812,1
32816,2
32820,-4
32824,-5
32828,-2
32832,2
32836,0
32840,1
32844,1
32848,4
32852,2
32856,-4
32860,1
32864,1
32868,5
32872,-5
32876,2
32880,5
32884,-4
32888,5
32892,-5
32896,2
32900,4
32904,-2
32908,1
32912,-5
32916,-3
32920,2
32924,3
32928,-4
32932,5
32936,1
32940,4
32944,2
32948,-3
32952,4
32956,5
32960,-1
32964,5
32968,1
32972,-1
32976,4
32980,-4
32984,-3
32988,0
32992,0
32996,-5
33000,-3
33004,4
33008,4
33012,-3
33016,0
33020,-2
33024,2
33028,-5
33032,3
33036,-2
33040,2
33044,5
33048,5
33052,4
33056,0
33060,-4
33064,5
33068,-3
33072,3
33076,-4
33080,-3
33084,2
33088,0
33092,-4
33096,-1
33100,-4
33104,-1
33108,1
33112,-1
33116,-3
33120,0
33124,0
33128,-1
33132,-3
33136,-5
33140,-4
33144,1
33148,3
33152,-4
33156,0
33160,-4
33164,5
33168,3
33172,5
33176,0
33180,-5
33184,-5
33188,-3
33192,1
33196,-4
33200,0
33204,-2
33208,-2
33212,4
33216,-2
33220,-3
33224,-2
33228,2
33232,5
33236,-2
33240,3
33244,-3
33248,5
33252,-1
33256,3
33260,-2
33264,-2
33268,2
33272,1
33276,-1
33280,0
33284,2
33288,-4
33292,-2
33296,-3
33300,2
33304,-2
33308,4
33312,-1
33316,-3
33320,5
33324,5
33328,0
33332,3
33336,-3
33340,1
33344,-3
33348,3
33352,-3
33356,-4
33360,-3
33364,-2
33368,2
33372,1
33376,-5
33380,-2
33384,5
33388,-2
33392,-3
33396,4
33400,1
33404,-1
33408,-1
33412,4
33416,5
33420,-5
33424,1
33428,-1
33432,4
33436,1
33440,-3
33444,-4
33448,5
33452,5
33456,5
33460,-1
33464,-3
33468,0
33472,0
33476,3
33480,0
33484,0
33488,5
33492,-5
33496,-2
33500,-5
33504,-1
33508,5
33512,2
33516,-2
33520,4
33524,-2
33528,2
33532,-1
33536,0
33540,4
33544,-1
33548,-3
33552,-4
33556,2
33560,0
33564,-1
33568,-5
33572,-3
33576,-1
33580,0
33584,5
33588,-5
33592,2
33596,-3
33600,-1
33604,3
33608,4
33612,3
33616,-3
33620,-5
33624,-1
33628,-5
33632,-4
33636,5
33640,1
33644,-1
33648,-4
33652,5
33656,4
33660,1
33664,-3
33668,-5
33672,4
33676,1
33680,-2
33684,5
33688,5
33692,3
33696,4
33700,-5
33704,4
33708,2
33712,5
33716,2
33720,0
33724,4
33728,-5
33732,-1
33736,-1
33740,0
33744,2
33748,3
33752,3
33756,4
33760,4
33764,-1
33768,-5
33772,-2
33776,4
33780,1
33784,2
33788,2
33792,0
33796,-2
33800,2
33804,3
33808,-3
33812,3
33816,-3
33820,1
33824,-3
33828,3
33832,-5
33836,-1
33840,4
33844,3
33848,3
33852,-5
33856,2
33860,-3
33864,-2
33868,5
33872,3
33876,-3
33880,-2
33884,-2
33888,4
33892,-5
33896,1
33900,-2
33904,2
33908,2
33912,-3
33916,-2
33920,-5
33924,0
33928,-5
33932,0
33936,-3
33940,3
33944,0
33948,-4
33952,5
33956,-4
33960,-3
33964,4
33968,1
33972,-5
33976,-3
33980,-3
33984,5
33988,-4
33992,2
33996,-4
34000,-4
34004,-3
34008,2
34012,4
34016,-2
34020,-5
34024,4
34028,0
34032,-2
34036,1
34040,-2
34044,5
34048,-3
34052,4
34056,-4
34060,0
34064,1
34068,4
34072,-3
34076,3
34080,2
34084,0
34088,3
34092,2
34096,-5
34100,1
34104,2
34108,1
34112,2
34116,2
34120,4
34124,4
34128,-1
34132,-2
34136,-3
34140,-5
34144,2
34148,4
34152,1
34156,-2
34160,5
34164,-4
34168,-5
34172,1
34176,-4
34180,-2
34184,1
34188,-5
34192,3
34196,5
34200,4
34204,2
34208,4
34212,-2
34216,0
34220,5
34224,-5
34228,-4
34232,3
34236,-4
34240,-2
34244,-5
34248,-2
34252,2
34256,-5
34260,-3
34264,3
34268,4
34272,-5
34276,-5
34280,4
34284,-2
34288,-3
34292,3
34296,0
34300,-1
34304,3
34308,-2
34312,-4
34316,-2
34320,5
34324,2
34328,-3
34332,-5
34336,5
34340,-2
34344,-1
34348,4
34352,-4
34356,-2
34360,1
34364,0
34368,1
34372,4
34376,3
34380,4
34384,-2
34388,-5
34392,4
34396,-2
34400,-3
34404,-3
34408,-4
34412,2
34416,-5
34420,-1
34424,0
34428,0
34432,-1
34436,-1
34440,2
34444,4
34448,2
34452,-4
34456,-4
34460,-5
34464,4
34468,2
34472,2
34476,-5
34480,-4
34484,4
34488,5
34492,1
34496,0
34500,2
34504,-4
34508,4
34512,4
34516,0
34520,-2
34524,5
34528,-2
34532,1
34536,3
34540,-4
34544,5
34548,0
34552,2
34556,2
34560,1
34564,-5
34568,-4
34572,-5
34576,-2
34580,-4
34584,-1
34588,-1
34592,-4
34596,5
34600,-2
34604,2
34608,-2
34612,4
34616,4
34620,3
34624,5
34628,2
34632,5
34636,4
34640,-5
34644,-1
34648,3
34652,-1
34656,5
34660,-1
34664,5
34668,-3
34672,4
34676,2
34680,-1
34684,-2
34688,2
34692,-2
34696,3
34700,-3
34704,4
34708,4
34712,-5
34716,0
34720,-3
34724,1
34728,2
34732,0
34736,1
34740,-3
34744,0
34748,1
34752,3
34756,3
34760,-4
34764,-5
34768,2
34772,4
34776,0
34780,2
34784,-4
34788,2
34792,-1
34796,4
34800,-5
34804,4
34808,-3
34812,5
34816,-1
34820,-2
34824,2
34828,2
34832,2
34836,0
34840,1
34844,-2
34848,3
34852,-5
34856,5
34860,5
34864,0
34868,0
34872,1
34876,0
34880,-3
34884,2
34888,3
34892,-2
34896,0
34900,-3
34904,-5
34908,0
34912,-2
34916,-2
34920,-3
34924,0
34928,-3
34932,3
34936,4
34940,-1
34944,-3
34948,3
34952,3
34956,-3
34960,2
34964,2
34968,2
34972,-3
34976,-5
34980,2
34984,1
34988,-1
34992,2
34996,2
35000,4
35004,2
35008,2
35012,-3
35016,-2
35020,2
35024,3
35028,2
35032,4
35036,3
35040,2
35044,-4
35048,2
35052,-5
35056,4
35060,1
35064,0
35068,-5
35072,2
35076,-5
35080,-2
35084,-5
35088,3
35092,-5
35096,0
35100,0
35104,-3
35108,5
35112,4
35116,-1
35120,3
35124,1
35128,-1
35132,2
35136,-5
35140,4
35144,4
35148,1
35152,4
35156,2
35160,2
35164,2
35168,4
35172,-4
35176,4
35180,1
35184,-3
35188,4
35192,1
35196,-2
35200,0
35204,4
35208,-1
35212,-2
35216,4
35220,0
35224,1
35228,-3
35232,-5
35236,2
35240,2
35244,2
35248,-4
35252,-4
35256,4
35260,-1
35264,2
35268,1
35272,-1
35276,1
35280,-3
35284,0
35288,-5
35292,3
35296,-5
35300,4
35304,1
35308,5
35312,0
35316,-5
35320,5
35324,-2
35328,-2
35332,-5
35336,5
35340,0
35344,-2
35348,-3
35352,-1
35356,-5
35360,3
35364,4
35368,-4
35372,0
35376,-4
35380,-3
35384,-3
35388,-4
35392,3
35396,5
35400,5
35404,4
35408,0
35412,-4
35416,5
35420,1
35424,5
35428,-5
35432,0
35436,1
35440,-3
35444,1
35448,0
35452,-3
35456,2
35460,-5
35464,0
35468,-1
35472,-5
35476,-1
35480,0
35484,0
35488,0
35492,5
35496,-3
35500,-3
35504,-3
35508,0
35512,3
35516,-4
35520,-4
35524,-3
35528,5
35532,2
35536,2
35540,-1
35544,-1
35548,-3
35552,0
35556,3
35560,4
35564,5
35568,-1
35572,-2
35576,2
35580,-5
35584,4
35588,-3
35592,2
35596,-5
35600,-3
35604,-5
35608,-3
35612,-5
35616,2
35620,-3
35624,0
35628,1
35632,1
35636,-2
35640,-3
35644,-5
35648,-3
35652,5
35656,-2
35660,-1
35664,5
35668,5
35672,1
35676,5
35680,-3
35684,-2
35688,-4
35692,2
35696,1
35700,0
35704,0
35708,1
35712,-4
35716,-3
35720,4
35724,-4
35728,3
35732,1
35736,-1
35740,-1
35744,-2
35748,-4
35752,5
35756,1
35760,-2
35764,0
35768,-5
35772,-1
35776,1
35780,3
35784,3
35788,5
35792,1
35796,5
35800,-4
35804,1
35808,-4
35812,3
35816,5
35820,-1
35824,-3
35828,-5
35832,1
35836,5
35840,-1
35844,5
35848,3
35852,-3
35856,4
35860,0
35864,3
35868,-5
35872,4
35876,3
35880,-3
35884,1
35888,-1
35892,2
35896,-4
35900,4
35904,-1
35908,2
35912,4
35916,0
35920,-2
35924,3
35928,5
35932,4
35936,-2
35940,-2
35944,0
35948,5
35952,-5
35956,4
35960,4
35964,-1
35968,-2
35972,-1
35976,-2
35980,2
35984,1
35988,-5
35992,-3
35996,-2
36000,-2
36004,-2
36008,4
36012,3
36016,-4
36020,0
36024,2
36028,5
36032,0
36036,5
36040,-3
36044,1
36048,-3
36052,-4
36056,-5
36060,-1
36064,-2
36068,3
36072,-2
36076,-4
36080,2
36084,3
36088,3
36092,1
36096,-3
36100,-4
36104,-5
36108,0
36112,-2
36116,5
36120,3
36124,4
36128,-1
36132,2
36136,0
36140,3
36144,3
36148,0
36152,-4
36156,5
36160,4
36164,4
36168,3
36172,-2
36176,3
36180,1
36184,0
36188,-3
36192,-2
36196,-1
36200,-4
36204,5
36208,1
36212,-4
36216,-4
36220,2
36224,3
36228,3
36232,-2
36236,2
36240,-2
36244,2
36248,4
36252,-3
36256,-3
36260,4
36264,5
36268,-4
36272,4
36276,4
36280,-3
36284,4
36288,-3
36292,-2
36296,-1
36300,-1
36304,-4
36308,4
36312,5
36316,-2
36320,-1
36324,0
36328,0
36332,5
36336,4
36340,-1
36344,4
36348,3
36352,3
36356,2
36360,-3
36364,-5
36368,-3
36372,1
36376,-4
36380,3
36384,3
36388,1
36392,-4
36396,-2
36400,5
36404,-2
36408,-3
36412,-3
36416,-4
36420,5
36424,5
36428,-4
36432,-3
36436,1
36440,5
36444,5
36448,-1
36452,5
36456,1
36460,-3
36464,-5
36468,3
36472,5
36476,3
36480,-1
36484,-4
36488,1
36492,-5
36496,-4
36500,3
36504,1
36508,5
36512,3
36516,4
36520,3
36524,5
36528,-1
36532,4
36536,1
36540,-2
36544,-2
36548,-1
36552,-5
36556,3
36560,-2
36564,-3
36568,-1
36572,-1
36576,2
36580,1
36584,-1
36588,-3
36592,1
36596,0
36600,1
36604,-5
36608,-5
36612,2
36616,1
36620,-1
36624,2
36628,5
36632,5
36636,1
36640,-5
36644,-3
36648,-1
36652,0
36656,5
36660,-2
36664,1
36668,5
36672,-4
36676,0
36680,0
36684,0
36688,3
36692,-2
36696,-5
36700,3
36704,-4
36708,4
36712,-5
36716,3
36720,-5
36724,0
36728,4
36732,-3
36736,4
36740,0
36744,-1
36748,4
36752,-5
36756,4
36760,-2
36764,-2
36768,-5
36772,-1
36776,-3
36780,2
36784,3
36788,-1
36792,-4
36796,1
36800,0
36804,5
36808,-4
36812,5
36816,3
36820,-1
36824,0
36828,-1
36832,-1
36836,-5
36840,-4
36844,-5
36848,5
36852,1
36856,-4
36860,2
36864,-4
36868,3
36872,1
36876,-3
36880,-4
36884,0
36888,-5
36892,3
36896,1
36900,-1
36904,-4
36908,-3
36912,-2
36916,-3
36920,3
36924,0
36928,2
36932,5
36936,-3
36940,4
36944,-1
36948,5
36952,-5
36956,-3
36960,4
36964,-2
36968,0
36972,4
36976,3
36980,0
36984,-3
36988,3
36992,3
36996,-3
37000,1
37004,-4
37008,-1
37012,-1
37016,5
37020,-2
37024,0
37028,-4
37032,4
37036,3
37040,0
37044,2
37048,0
37052,-2
37056,0
37060,-3
37064,4
37068,0
37072,-4
37076,2
37080,0
37084,3
37088,3
37092,-1
37096,-1
37100,-1
37104,-5
37108,0
37112,5
37116,-5
37120,4
37124,-3
37128,-4
37132,-5
37136,5
37140,-4
37144,-3
37148,5
37152,3
37156,4
37160,1
37164,5
37168,-5
37172,-2
37176,2
37180,-4
37184,5
37188,3
37192,-5
37196,-2
37200,1
37204,3
37208,3
37212,5
37216,-1
37220,5
37224,-1
37228,0
37232,2
37236,3
37240,2
37244,1
37248,5
37252,-4
37256,-5
37260,0
37264,-1
37268,-3
37272,2
37276,0
37280,-2
37284,-3
37288,0
37292,4
37296,0
37300,-2
37304,-3
37308,5
37312,0
37316,-4
37320,-3
37324,1
37328,0
37332,-4
37336,0
37340,5
37344,-1
37348,5
37352,0
37356,-3
37360,-2
37364,-4
37368,2
37372,4
37376,-1
37380,0
37384,-3
37388,-4
37392,-5
37396,5
37400,5
37404,0
37408,-5
37412,-3
37416,3
37420,2
37424,0
37428,-4
37432,-1
37436,-5
37440,-2
37444,1
37448,-3
37452,-5
37456,2
37460,5
37464,5
37468,-2
37472,4
37476,4
37480,0
37484,3
37488,3
37492,1
37496,-3
37500,4
37504,-4
37508,3
37512,-5
37516,2
37520,-1
37524,2
37528,-3
37532,-4
37536,2
37540,-2
37544,-3
37548,2
37552,-1
37556,-5
37560,3
37564,-3
37568,5
37572,3
37576,0
37580,5
37584,5
37588,5
37592,2
37596,-4
37600,3
37604,5
37608,0
37612,-4
37616,-4
37620,-5
37624,-5
37628,-2
37632,2
37636,4
37640,-2
37644,-1
37648,-3
37652,2
37656,-4
37660,5
37664,4
37668,-2
37672,-4
37676,3
37680,5
37684,5
37688,1
37692,-2
37696,-5
37700,2
37704,-3
37708,3
37712,4
37716,1
37720,0
37724,3
37728,5
37732,-3
37736,-2
37740,0
37744,-3
37748,-3
37752,5
37756,-3
37760,5
37764,-5
37768,-1
37772,1
37776,5
37780,2
37784,1
37788,2
37792,4
37796,4
37800,-5
37804,-5
37808,-1
37812,-5
37816,1
37820,-1
37824,3
37828,-2
37832,2
37836,5
37840,0
37844,3
37848,-2
37852,3
37856,0
37860,1
37864,-5
37868,-4
37872,4
37876,0
37880,-5
37884,-4
37888,3
37892,-1
37896,-3
37900,2
37904,2
37908,2
37912,-3
37916,-2
37920,-5
37924,5
37928,5
37932,3
37936,-1
37940,-1
37944,-1
37948,-5
37952,-5
37956,4
37960,0
37964,2
37968,4
37972,-5
37976,-5
37980,4
37984,2
37988,1
37992,0
37996,-2
38000,-2
38004,3
38008,4
38012,5
38016,-3
38020,4
38024,3
38028,4
38032,5
38036,-4
38040,2
38044,5
38048,3
38052,0
38056,0
38060,-5
38064,-5
38068,0
38072,-1
38076,5
38080,-3
38084,-4
38088,-1
38092,0
38096,4
38100,2
38104,1
38108,3
38112,-2
38116,5
38120,-4
38124,2
38128,-1
38132,4
38136,1
38140,-3
38144,-2
38148,2
38152,-3
38156,3
38160,-5
38164,5
38168,-5
38172,-1
38176,-4
38180,3
38184,0
38188,-5
38192,1
38196,-2
38200,3
38204,-2
38208,3
38212,0
38216,-2
38220,-2
38224,0
38228,4
38232,0
38236,-1
38240,4
38244,-5
38248,-5
38252,-2
38256,-3
38260,-4
38264,0
38268,-1
38272,5
38276,-1
38280,2
38284,4
38288,-2
38292,1
38296,5
38300,5
38304,2
38308,-2
38312,-3
38316,4
38320,1
38324,-4
38328,0
38332,1
38336,-1
38340,-1
38344,-1
38348,-1
38352,-4
38356,4
38360,-4
38364,4
38368,0
38372,-4
38376,-5
38380,-2
38384,3
38388,0
38392,-1
38396,-5
38400,-3
38404,-2
38408,-1
38412,4
38416,3
38420,4
38424,4
38428,4
38432,5
38436,0
38440,5
38444,0
38448,1
38452,3
38456,2
38460,-5
38464,-4
38468,-3
38472,-3
38476,0
38480,-4
38484,2
38488,4
38492,0
38496,5
38500,0
38504,-1
38508,1
38512,-2
38516,5
38520,-1
38524,2
38528,-2
38532,5
38536,-3
38540,-2
38544,3
38548,4
38552,3
38556,0
38560,-1
38564,-2
38568,4
38572,-3
38576,3
38580,-5
38584,5
38588,4
38592,-2
38596,1
38600,4
38604,-4
38608,-3
38612,5
38616,4
38620,-1
38624,3
38628,-4
38632,4
38636,-1
38640,3
38644,-2
38648,-1
38652,-4
38656,2
38660,0
38664,-3
38668,5
38672,0
38676,0
38680,4
38684,2
38688,0
38692,5
38696,-3
38700,5
38704,-5
38708,-2
38712,3
38716,0
38720,5
38724,1
38728,1
38732,2
38736,2
38740,0
38744,-4
38748,4
38752,4
38756,5
38760,5
38764,2
38768,-1
38772,2
38776,5
38780,1
38784,-5
38788,-3
38792,-5
38796,-4
38800,5
38804,-3
38808,1
38812,-4
38816,4
38820,-4
38824,-5
38828,5
38832,-3
38836,0
38840,5
38844,2
38848,-4
38852,-5
38856,3
38860,-1
38864,2
38868,3
38872,3
38876,1
38880,1
38884,-2
38888,-3
38892,1
38896,-4
38900,1
38904,2
38908,-3
38912,-4
38916,3
38920,-3
38924,3
38928,2
38932,-1
38936,2
38940,3
38944,4
38948,-1
38952,-1
38956,-3
38960,-3
38964,-5
38968,-3
38972,-3
38976,-5
38980,-2
38984,-5
38988,2
38992,0
38996,0
39000,0
39004,2
39008,5
39012,5
39016,3
39020,-2
39024,3
39028,-4
39032,2
39036,4
39040,1
39044,2
39048,-1
39052,-5
39056,-4
39060,4
39064,5
39068,3
39072,3
39076,1
39080,4
39084,5
39088,-4
39092,-4
39096,3
39100,1
39104,-3
39108,2
39112,-4
39116,1
39120,-3
39124,-3
39128,-1
39132,1
39136,-2
39140,4
39144,3
39148,5
39152,2
39156,-4
39160,4
39164,-4
39168,-2
39172,-2
39176,5
39180,4
39184,1
39188,-5
39192,0
39196,2
39200,-1
39204,-1
39208,-1
39212,2
39216,4
39220,0
39224,2
39228,-3
39232,-2
39236,-3
39240,-4
39244,4
39248,-4
39252,-5
39256,4
39260,3
39264,0
39268,3
39272,2
39276,-3
39280,-2
39284,0
39288,5
39292,-2
39296,-5
39300,-4
39304,-4
39308,1
39312,5
39316,0
39320,1
39324,3
39328,-4
39332,1
39336,-5
39340,4
39344,3
39348,-2
39352,4
39356,4
39360,-4
39364,-1
39368,3
39372,-4
39376,1
39380,-4
39384,-2
39388,5
39392,0
39396,-5
39400,2
39404,2
39408,4
39412,-1
39416,3
39420,3
39424,5
39428,-5
39432,5
39436,3
39440,-3
39444,2
39448,5
39452,5
39456,-3
39460,-4
39464,-3
39468,2
39472,1
39476,-2
39480,1
39484,-5
39488,2
39492,1
39496,-3
39500,5
39504,-1
39508,-2
39512,1
39516,0
39520,5
39524,-2
39528,-3
39532,5
39536,4
39540,-3
39544,-3
39548,-1
39552,4
39556,1
39560,3
39564,3
39568,4
39572,1
39576,4
39580,-5
39584,-4
39588,0
39592,-1
39596,-1
39600,4
39604,-5
39608,-5
39612,-5
39616,1
39620,-3
39624,-5
39628,-2
39632,-5
39636,-4
39640,-1
39644,-5
39648,-3
39652,5
39656,0
39660,0
39664,-2
39668,1
39672,4
39676,4
39680,5
39684,1
39688,-5
39692,2
39696,-3
39700,4
39704,2
39708,0
39712,-3
39716,4
39720,-5
39724,-4
39728,-2
39732,2
39736,3
39740,-4
39744,3
39748,-2
39752,1
39756,-4
39760,2
39764,1
39768,3
39772,-3
39776,-3
39780,-2
39784,1
39788,-2
39792,2
39796,3
39800,2
39804,0
39808,2
39812,-3
39816,3
39820,-1
39824,-2
39828,-5
39832,1
39836,4
39840,5
39844,3
39848,3
39852,4
39856,5
39860,-5
39864,-5
39868,-5
39872,0
39876,-5
39880,-2
39884,2
39888,-3
39892,-5
39896,4
39900,2
39904,1
39908,-5
39912,0
39916,-5
39920,-1
39924,-3
39928,-2
39932,-3
39936,1
39940,-3
39944,3
39948,-4
39952,0
39956,3
39960,2
39964,1
39968,-1
39972,0
39976,4
39980,-5
39984,3
39988,0
39992,3
39996,3
40000,1
40004,1
40008,-4
40012,5
40016,-5
40020,-2
40024,5
40028,2
40032,4
40036,-4
40040,-1
40044,5
40048,5
40052,5
40056,1
40060,-4
40064,-5
40068,0
40072,-3
40076,3
40080,5
40084,0
40088,0
40092,-1
40096,0
40100,-3
40104,-3
40108,-1
40112,0
40116,-2
40120,-1
40124,-5
40128,0
40132,-1
40136,-4
40140,-4
40144,1
40148,-2
40152,0
40156,5
40160,-4
40164,0
40168,1
40172,0
40176,0
40180,-5
40184,-1
40188,-4
40192,2
40196,2
40200,1
40204,5
40208,0
40212,2
40216,5
40220,-4
40224,-5
40228,-2
40232,-5
40236,1
40240,-3
40244,-4
40248,2
40252,5
40256,5
40260,4
40264,-1
40268,-1
40272,5
40276,2
40280,-4
40284,-1
40288,-5
40292,2
40296,0
40300,-4
40304,4
40308,5
40312,-1
40316,-1
40320,4
40324,1
40328,0
40332,-2
40336,3
40340,-4
40344,0
40348,-1
40352,3
40356,-4
40360,4
40364,-3
40368,3
40372,-1
40376,-3
40380,-1
40384,-2
40388,4
40392,-3
40396,1
40400,-4
40404,0
40408,0
40412,3
40416,-2
40420,2
40424,1
40428,-5
40432,3
40436,-3
40440,3
40444,-3
40448,2
40452,-1
40456,-3
40460,5
40464,-4
40468,-1
40472,0
40476,-5
40480,-5
40484,2
40488,0
40492,-5
40496,3
40500,-2
40504,2
40508,-2
40512,2
40516,-4
40520,2
40524,-3
40528,-4
40532,-5
40536,2
40540,-5
40544,3
40548,-2
40552,1
40556,0
40560,-1
40564,4
40568,3
40572,-2
40576,0
40580,2
40584,0
40588,-5
40592,-5
40596,4
40600,3
40604,-4
40608,5
40612,2
40616,5
40620,2
40624,4
40628,-3
40632,-5
40636,-2
40640,-2
40644,5
40648,0
40652,3
40656,-1
40660,-5
40664,4
40668,2
40672,-1
40676,2
40680,3
40684,-1
40688,1
40692,-5
40696,-2
40700,5
40704,-4
40708,4
40712,3
40716,-4
40720,1
40724,-4
40728,-2
40732,0
40736,-1
40740,1
40744,-3
40748,3
40752,0
40756,-5
40760,-2
40764,3
40768,-3
40772,0
40776,-4
40780,1
40784,-4
40788,4
40792,-1
40796,-5
40800,1
40804,-5
40808,-5
40812,3
40816,3
40820,2
40824,1
40828,5
40832,-5
40836,5
40840,5
40844,-1
40848,-5
40852,-1
40856,3
40860,-3
40864,-2
40868,-5
40872,4
40876,-2
40880,5
40884,3
40888,5
40892,5
40896,3
40900,1
40904,4
40908,-3
40912,4
40916,-4
40920,1
40924,-4
40928,3
40932,4
40936,5
40940,-3
40944,-5
40948,-4
40952,-1
40956,-1
40960,-3
40964,0
40968,-4
40972,4
40976,-2
40980,-5
40984,0
40988,1
40992,3
40996,5
41000,4
41004,3
41008,5
41012,-2
41016,-2
41020,0
41024,-1
41028,0
41032,1
41036,-3
41040,5
41044,3
41048,-4
41052,-1
41056,4
41060,3
41064,1
41068,-4
41072,0
41076,2
41080,4
41084,2
41088,-5
41092,-3
41096,0
41100,-2
41104,-3
41108,0
41112,5
41116,-5
41120,1
41124,-5
41128,4
41132,1
41136,-4
41140,0
41144,-2
41148,-3
41152,3
41156,-1
41160,-5
41164,2
41168,3
41172,1
41176,-5
41180,-4
41184,3
41188,-2
41192,-5
41196,-5
41200,-4
41204,4
41208,-1
41212,3
41216,0
41220,3
41224,-2
41228,-5
41232,3
41236,0
41240,-2
41244,4
41248,-1
41252,1
41256,2
41260,3
41264,4
41268,4
41272,4
41276,-5
41280,-5
41284,-3
41288,5
41292,-2
41296,-4
41300,0
41304,5
41308,-2
41312,4
41316,0
41320,4
41324,-5
41328,1
41332,-1
41336,-3
41340,-2
41344,0
41348,4
41352,4
41356,0
41360,0
41364,-2
41368,0
41372,-5
41376,-3
41380,-4
41384,3
41388,5
41392,2
41396,3
41400,-1
41404,-1
41408,1
41412,-4
41416,-2
41420,3
41424,4
41428,5
41432,3
41436,0
41440,-2
41444,-2
41448,-2
41452,5
41456,5
41460,5
41464,-3
41468,1
41472,-5
41476,-4
41480,3
41484,-3
41488,-1
41492,0
41496,-1
41500,-5
41504,0
41508,1
41512,2
41516,0
41520,2
41524,4
41528,0
41532,-4
41536,1
41540,-5
41544,-2
41548,0
41552,-5
41556,-1
41560,-5
41564,4
41568,-4
41572,0
41576,5
41580,3
41584,0
41588,2
41592,-1
41596,-3
41600,0
41604,2
41608,-2
41612,3
41616,1
41620,3
41624,4
41628,5
41632,5
41636,0
41640,-3
41644,4
41648,-4
41652,4
41656,5
41660,-5
41664,5
41668,2
41672,-5
41676,4
41680,1
41684,4
41688,4
41692,-2
41696,-1
41700,3
41704,-3
41708,5
41712,4
41716,-2
41720,-2
41724,-4
41728,-4
41732,0
41736,0
41740,3
41744,4
41748,1
41752,3
41756,1
41760,0
41764,-5
41768,-1
41772,2
41776,-3
41780,5
41784,5
41788,1
41792,-1
41796,4
41800,-4
41804,5
41808,0
41812,-2
41816,2
41820,3
41824,-3
41828,1
41832,2
41836,-2
41840,-2
41844,5
41848,3
41852,-1
41856,-4
41860,0
41864,-1
41868,-3
41872,-1
41876,-1
41880,5
41884,4
41888,3
41892,4
41896,2
41900,4
41904,3
41908,-4
41912,0
41916,1
41920,3
41924,-1
41928,2
41932,0
41936,-5
41940,-5
41944,4
41948,-1
41952,-2
41956,1
41960,-3
41964,-5
41968,1
41972,5
41976,0
41980,-3
41984,0
41988,3
41992,0
41996,0
42000,4
42004,5
42008,0
42012,4
42016,-2
42020,0
42024,-5
42028,1
42032,1
42036,5
42040,-1
42044,-5
42048,0
42052,-4
42056,2
42060,-1
42064,-3
42068,1
42072,3
42076,5
42080,2
42084,-1
42088,-5
42092,-1
42096,5
42100,-4
42104,0
42108,0
42112,-2
42116,-2
42120,-3
42124,3
42128,5
42132,-3
42136,5
42140,-5
42144,0
42148,3
42152,-2
42156,-2
42160,5
42164,-2
42168,-5
42172,4
42176,-1
42180,-2
42184,2
42188,5
42192,0
42196,-1
42200,-4
42204,-1
42208,-3
42212,-1
42216,-3
42220,4
42224,-5
42228,5
42232,4
42236,-4
42240,4
42244,-5
42248,0
42252,1
42256,-5
42260,-5
42264,5
42268,5
42272,-5
42276,-1
42280,-5
42284,-3
42288,5
42292,2
42296,3
42300,-2
42304,5
42308,1
42312,-5
42316,-1
42320,-4
42324,3
42328,-3
42332,2
42336,-3
42340,-2
42344,-1
42348,4
42352,0
42356,-1
42360,-2
42364,-3
42368,3
42372,5
42376,-3
42380,1
42384,-5
42388,-2
42392,3
42396,-3
42400,4
42404,-4
42408,5
42412,4
42416,-4
42420,4
42424,4
42428,-2
42432,5
42436,0
42440,-3
42444,-1
42448,5
42452,-3
42456,1
42460,-5
42464,-2
42468,5
42472,-5
42476,-1
42480,-1
42484,-4
42488,-5
42492,2
42496,-1
42500,4
42504,4
42508,-5
42512,-2
42516,2
42520,5
42524,5
42528,2
42532,-5
42536,5
42540,3
42544,-5
42548,-3
42552,3
42556,-2
42560,0
42564,2
42568,-2
42572,0
42576,-3
42580,-5
42584,1
42588,3
42592,4
42596,5
42600,5
42604,-2
42608,-5
42612,0
42616,-2
42620,4
42624,0
42628,-5
42632,0
42636,-4
42640,-1
42644,1
42648,-1
42652,-3
42656,3
42660,1
42664,2
42668,2
42672,2
42676,4
42680,4
42684,1
42688,-1
42692,2
42696,0
42700,-1
42704,-5
42708,5
42712,1
42716,3
42720,-5
42724,0
42728,3
42732,-3
42736,1
42740,2
42744,-3
42748,2
42752,-3
42756,-5
42760,-2
42764,-3
42768,-5
42772,5
42776,3
42780,4
42784,1
42788,-1
42792,3
42796,5
42800,-3
42804,3
42808,2
42812,3
42816,3
42820,3
42824,-1
42828,1
42832,1
42836,-2
42840,5
42844,4
42848,1
42852,3
42856,0
42860,1
42864,-3
42868,-4
42872,-5
42876,-3
42880,4
42884,0
42888,-3
42892,0
42896,2
42900,4
42904,3
42908,3
42912,-5
42916,2
42920,-4
42924,1
42928,-3
42932,1
42936,0
42940,-3
42944,2
42948,-3
42952,5
42956,1
42960,-1
42964,5
42968,1
42972,-1
42976,3
42980,4
42984,-5
42988,2
42992,-4
42996,3
43000,3
43004,-5
43008,5
43012,0
43016,-3
43020,-3
43024,5
43028,1
43032,2
43036,-1
43040,5
43044,3
43048,-1
43052,-2
43056,-3
43060,2
43064,1
43068,-5
43072,3
43076,5
43080,-4
43084,5
43088,1
43092,4
43096,4
43100,2
43104,3
43108,5
43112,-4
43116,4
43120,-4
43124,-5
43128,0
43132,3
43136,4
43140,2
43144,2
43148,-4
43152,5
43156,2
43160,0
43164,-3
43168,2
43172,1
43176,-3
43180,1
43184,0
43188,-2
43192,-1
43196,1
43200,2
43204,-4
43208,5
43212,-2
43216,1
43220,-3
43224,4
43228,1
43232,3
43236,5
43240,1
43244,1
43248,0
43252,-2
43256,3
43260,0
43264,-3
43268,0
43272,2
43276,1
43280,-5
43284,-1
43288,-2
43292,2
43296,-2
43300,2
43304,-3
43308,0
43312,1
43316,-5
43320,-4
43324,4
43328,-2
43332,-5
43336,-3
43340,1
43344,2
43348,3
43352,2
43356,1
43360,5
43364,-2
43368,0
43372,-5
43376,-5
43380,1
43384,4
43388,0
43392,-4
43396,4
43400,5
43404,-2
43408,2
43412,4
43416,1
43420,4
43424,2
43428,-2
43432,-1
43436,3
43440,4
43444,-3
43448,-1
43452,-4
43456,3
43460,-5
43464,4
43468,5
43472,5
43476,-2
43480,4
43484,-2
43488,-3
43492,5
43496,-1
43500,-4
43504,2
43508,-5
43512,4
43516,1
43520,-5
43524,0
43528,-4
43532,-2
43536,-2
43540,4
43544,0
43548,-1
43552,2
43556,0
43560,2
43564,0
43568,-1
43572,4
43576,4
43580,-3
43584,-4
43588,1
43592,2
43596,2
43600,5
43604,3
43608,1
43612,2
43616,-2
43620,4
43624,0
43628,1
43632,3
43636,2
43640,0
43644,-3
43648,-5
43652,0
43656,-4
43660,-4
43664,3
43668,0
43672,-3
43676,5
43680,1
43684,2
43688,4
43692,4
43696,0
43700,-1
43704,-2
43708,-5
43712,4
43716,-5
43720,2
43724,-1
43728,3
43732,-4
43736,3
43740,2
43744,-3
43748,2
43752,-5
43756,5
43760,1
43764,5
43768,0
43772,5
43776,-3
43780,1
43784,-4
43788,0
43792,-5
43796,-2
43800,5
43804,0
43808,2
43812,2
43816,5
43820,1
43824,-2
43828,4
43832,-4
43836,3
43840,2
43844,5
43848,2
43852,3
43856,2
43860,2
43864,5
43868,3
43872,-5
43876,-5
43880,2
43884,-1
43888,3
43892,-1
43896,5
43900,-3
43904,5
43908,-2
43912,-3
43916,5
43920,-5
43924,-3
43928,1
43932,1
43936,3
43940,-1
43944,-3
43948,5
43952,-2
43956,-1
43960,-4
43964,5
43968,-3
43972,-5
43976,-5
43980,-5
43984,-2
43988,4
43992,2
43996,5
44000,-4
44004,1
44008,-2
44012,-2
44016,5
44020,5
44024,2
44028,-2
44032,2
44036,-1
44040,-3
44044,-3
44048,-4
44052,-4
44056,5
44060,-5
44064,5
44068,1
44072,5
44076,-1
44080,0
44084,-5
44088,5
44092,5
44096,-3
44100,3
44104,5
44108,-4
44112,-3
44116,-5
44120,-5
44124,3
44128,-2
44132,-4
44136,-1
44140,-2
44144,-2
44148,5
44152,3
44156,3
44160,2
44164,4
44168,5
44172,-1
44176,3
44180,0
44184,2
44188,-5
44192,-4
44196,-5
44200,-1
44204,0
44208,1
44212,5
44216,1
44220,2
44224,3
44228,1
44232,2
44236,-3
44240,-5
44244,5
44248,-1
44252,3
44256,-4
44260,2
44264,0
44268,2
44272,3
44276,2
44280,-3
44284,3
44288,3
44292,-1
44296,-4
44300,-4
44304,-4
44308,-3
44312,-2
44316,-3
44320,2
44324,-5
44328,5
44332,-2
44336,-5
44340,-3
44344,1
44348,3
44352,5
44356,1
44360,4
44364,5
44368,-4
44372,2
44376,0
44380,-3
44384,-5
44388,0
44392,-5
44396,4
44400,5
44404,-2
44408,2
44412,-4
44416,-5
44420,5
44424,3
44428,2
44432,5
44436,5
44440,-2
44444,1
44448,-5
44452,-3
44456,-2
44460,4
44464,-2
44468,-2
44472,4
44476,-1
44480,-1
44484,-2
44488,-2
44492,-4
44496,1
44500,4
44504,-3
44508,-3
44512,-3
44516,2
44520,0
44524,5
44528,-1
44532,3
44536,5
44540,1
44544,0
44548,1
44552,3
44556,0
44560,-1
44564,-4
44568,2
44572,4
44576,2
44580,-1
44584,2
44588,-5
44592,1
44596,4
44600,0
44604,-2
44608,-5
44612,3
44616,-4
44620,1
44624,-4
44628,1
44632,1
44636,-4
44640,1
44644,2
44648,0
44652,2
44656,5
44660,2
44664,-5
44668,4
44672,5
44676,0
44680,-5
44684,-4
44688,4
44692,0
44696,5
44700,0
44704,2
44708,-1
44712,-5
44716,-4
44720,-2
44724,-3
44728,-2
44732,3
44736,4
44740,-4
44744,-1
44748,4
44752,2
44756,4
44760,-4
44764,-5
44768,-4
44772,-3
44776,-3
44780,-3
44784,-4
44788,1
44792,-5
44796,1
44800,4
44804,0
44808,3
44812,-5
44816,0
44820,5
44824,-2
44828,4
44832,-2
44836,-1
44840,2
44844,-1
44848,3
44852,1
44856,5
44860,1
44864,-3
44868,1
44872,2
44876,-5
44880,4
44884,-3
44888,-5
44892,-4
44896,-3
44900,4
44904,0
44908,5
44912,2
44916,3
44920,5
44924,-5
44928,-3
44932,0
44936,3
44940,-5
44944,-1
44948,1
44952,2
44956,-4
44960,-2
44964,2
44968,-1
44972,-2
44976,0
44980,0
44984,-1
44988,4
44992,3
44996,2
45000,-2
45004,0
45008,-5
45012,3
45016,2
45020,1
45024,-3
45028,0
45032,-1
45036,-1
45040,-1
45044,5
45048,5
45052,-3
45056,-5
45060,-2
45064,-4
45068,4
45072,0
45076,4
45080,0
45084,-1
45088,3
45092,-1
45096,-3
45100,4
45104,-2
45108,-2
45112,-5
45116,4
45120,-4
45124,1
45128,4
45132,5
45136,-2
45140,-3
45144,4
45148,-2
45152,5
45156,-5
45160,-5
45164,-5
45168,-2
45172,-4
45176,-5
45180,5
45184,3
45188,3
45192,0
45196,-3
45200,5
45204,-4
45208,-2
45212,1
45216,2
45220,0
45224,5
45228,-1
45232,2
45236,3
45240,-2
45244,-3
45248,-3
45252,-3
45256,-3
45260,-5
45264,-2
45268,-2
45272,5
45276,3
45280,3
45284,-2
45288,-4
45292,1
45296,-2
45300,5
45304,-2
45308,-5
45312,-3
45316,3
45320,-1
45324,-1
45328,5
45332,0
45336,-1
45340,-5
45344,-1
45348,3
45352,-3
45356,-3
45360,4
45364,-2
45368,3
45372,-3
45376,-1
45380,3
45384,0
45388,0
45392,4
45396,1
45400,1
45404,4
45408,-2
45412,-3
45416,2
45420,-5
45424,-1
45428,-1
45432,5
45436,-2
45440,-4
45444,3
45448,3
45452,5
45456,-2
45460,1
45464,-3
45468,0
45472,5
45476,-3
45480,0
45484,-1
45488,-3
45492,-5
45496,-2
45500,2
45504,5
45508,4
45512,-1
45516,-5
45520,1
45524,3
45528,-1
45532,0
45536,-2
45540,-1
45544,3
45548,-5
45552,-3
45556,-1
45560,-1
45564,2
45568,-5
45572,5
45576,-4
45580,-1
45584,-4
45588,5
45592,-1
45596,-2
45600,2
45604,1
45608,3
45612,-3
45616,-2
45620,-3
45624,1
45628,2
45632,5
45636,5
45640,0
45644,5
45648,-1
45652,2
45656,3
45660,-5
45664,-4
45668,3
45672,-1
45676,-5
45680,4
45684,3
45688,2
45692,4
45696,0
45700,-4
45704,-5
45708,3
45712,-3
45716,1
45720,-4
45724,5
45728,-2
45732,4
45736,-2
45740,-2
45744,-1
45748,2
45752,5
45756,4
45760,0
45764,2
45768,0
45772,-5
45776,-1
45780,-1
45784,1
45788,1
45792,-3
45796,1
45800,2
45804,-5
45808,-1
45812,-1
45816,-1
45820,4
45824,1
45828,-3
45832,-5
45836,-3
45840,4
45844,-1
45848,5
45852,-3
45856,-3
45860,0
45864,-4
45868,1
45872,-2
45876,4
45880,4
45884,3
45888,-1
45892,-5
45896,-4
45900,-3
45904,0
45908,2
45912,3
45916,4
45920,-4
45924,2
45928,2
45932,2
45936,4
45940,0
45944,-2
45948,-1
45952,0
45956,1
45960,-1
45964,4
45968,5
45972,1
45976,0
45980,1
45984,-4
45988,-2
45992,5
45996,-5
46000,-5
46004,2
46008,-4
46012,-2
46016,-4
46020,3
46024,-4
46028,1
46032,-5
46036,-4
46040,4
46044,-2
46048,-2
46052,0
46056,-4
46060,4
46064,-3
46068,4
46072,4
46076,5
46080,3
46084,-2
46088,3
46092,5
46096,0
46100,-4
46104,3
46108,-1
46112,4
46116,4
46120,4
46124,0
46128,3
46132,-3
46136,1
46140,-5
46144,3
46148,1
46152,-4
46156,-5
46160,2
46164,0
46168,-1
46172,0
46176,-3
46180,0
46184,-5
46188,4
46192,-5
46196,2
46200,-5
46204,-5
46208,5
46212,3
46216,-2
46220,-4
46224,-2
46228,-5
46232,2
46236,-1
46240,-1
46244,3
46248,-5
46252,-5
46256,-3
46260,-2
46264,-2
46268,-1
46272,1
46276,3
46280,-3
46284,1
46288,-3
46292,5
46296,-3
46300,4
46304,-4
46308,4
46312,0
46316,5
46320,5
46324,-1
46328,3
46332,4
46336,3
46340,-3
46344,4
46348,-1
46352,4
46356,5
46360,0
46364,5
46368,-3
46372,5
46376,-1
46380,2
46384,1
46388,-3
46392,-1
46396,5
46400,-3
46404,2
46408,1
46412,3
46416,3
46420,-5
46424,-4
46428,-1
46432,4
46436,-1
46440,3
46444,-3
46448,2
46452,-3
46456,3
46460,2
46464,-2
46468,-5
46472,-3
46476,5
46480,-1
46484,-4
46488,4
46492,0
46496,-3
46500,-5
46504,-1
46508,3
46512,-4
46516,-1
46520,3
46524,-4
46528,-3
46532,2
46536,-4
46540,-4
46544,5
46548,4
46552,-2
46556,1
46560,4
46564,2
46568,-5
46572,-1
46576,4
46580,3
46584,-3
46588,2
46592,-2
46596,-3
46600,-5
46604,1
46608,-3
46612,-2
46616,-4
46620,0
46624,3
46628,5
46632,-4
46636,-5
46640,0
46644,-2
46648,1
46652,4
46656,0
46660,-5
46664,5
46668,5
46672,5
46676,0
46680,4
46684,3
46688,-5
46692,5
46696,3
46700,-2
46704,0
46708,4
46712,1
46716,3
46720,0
46724,2
46728,-4
46732,1
46736,-2
46740,-5
46744,-5
46748,-3
46752,-2
46756,-1
46760,3
46764,-3
46768,5
46772,-1
46776,-2
46780,-2
46784,-2
46788,-4
46792,-5
46796,-4
46800,5
46804,1
46808,-2
46812,1
46816,-3
46820,-4
46824,1
46828,-2
46832,-4
46836,-1
46840,3
46844,3
46848,-5
46852,-2
46856,5
46860,3
46864,-3
46868,-5
46872,-5
46876,1
46880,0
46884,0
46888,-3
46892,1
46896,-1
46900,-5
46904,-5
46908,1
46912,-3
46916,5
46920,5
46924,-5
46928,-4
46932,5
46936,-4
46940,-4
46944,1
46948,-5
46952,-4
46956,-3
46960,4
46964,3
46968,3
46972,-4
46976,-1
46980,4
46984,1
46988,0
46992,4
46996,-5
47000,-4
47004,3
47008,-3
47012,-3
47016,-2
47020,1
47024,-2
47028,2
47032,-5
47036,-2
47040,4
47044,-5
47048,-5
47052,-2
47056,-4
47060,5
47064,3
47068,2
47072,-5
47076,-2
47080,1
47084,5
47088,-1
47092,4
47096,-2
47100,-5
47104,-5
47108,4
47112,3
47116,-4
47120,-3
47124,-4
47128,1
47132,-4
47136,-1
47140,2
47144,4
47148,-2
47152,-5
47156,3
47160,4
47164,3
47168,3
47172,-2
47176,2
47180,0
47184,-3
47188,-1
47192,-4
47196,0
47200,1
47204,5
47208,-1
47212,-4
47216,2
47220,-5
47224,0
47228,-5
47232,1
47236,-2
47240,4
47244,4
47248,3
47252,0
47256,1
47260,-4
47264,0
47268,3
47272,5
47276,1
47280,5
47284,0
47288,-1
47292,1
47296,-1
47300,-1
47304,0
47308,2
47312,3
47316,-5
47320,5
47324,1
47328,-2
47332,4
47336,-1
47340,-5
47344,-5
47348,0
47352,5
47356,3
47360,3
47364,-5
47368,1
47372,-1
47376,5
47380,-1
47384,-2
47388,-3
47392,0
47396,-4
47400,0
47404,5
47408,-5
47412,0
47416,-2
47420,5
47424,4
47428,-3
47432,-4
47436,-1
47440,-5
47444,-5
47448,-5
47452,-3
47456,2
47460,5
47464,-4
47468,4
47472,-5
47476,-1
47480,4
47484,2
47488,4
47492,-2
47496,-1
47500,0
47504,3
47508,-4
47512,-4
47516,-5
47520,-4
47524,-3
47528,1
47532,1
47536,5
47540,-3
47544,1
47548,5
47552,2
47556,3
47560,-4
47564,0
47568,-5
47572,3
47576,0
47580,-2
47584,2
47588,-2
47592,-3
47596,-1
47600,-1
47604,3
47608,5
47612,-1
47616,-4
47620,-1
47624,3
47628,-3
47632,0
47636,5
47640,0
47644,-1
47648,2
47652,4
47656,-3
47660,2
47664,2
47668,0
47672,-3
47676,4
47680,4
47684,3
47688,-2
47692,1
47696,-5
47700,0
47704,4
47708,-4
47712,-5
47716,-4
47720,3
47724,-5
47728,-5
47732,0
47736,2
47740,-1
47744,3
47748,1
47752,1
47756,-1
47760,1
47764,5
47768,-2
47772,0
47776,4
47780,-4
47784,1
47788,3
47792,5
47796,-1
47800,1
47804,-2
47808,-4
47812,4
47816,-2
47820,5
47824,1
47828,-3
47832,-3
47836,-1
47840,3
47844,3
47848,-2
47852,-3
47856,0
47860,1
47864,2
47868,-5
47872,-2
47876,0
47880,5
47884,0
47888,-1
47892,-1
47896,1
47900,2
47904,-4
47908,-5
47912,3
47916,4
47920,-2
47924,2
47928,-1
47932,1
47936,0
47940,4
47944,5
47948,1
47952,3
47956,-5
47960,2
47964,3
47968,-5
47972,3
47976,5
47980,-5
47984,-1
47988,3
47992,-5
47996,0
48000,5
48004,0
48008,2
48012,-5
48016,1
48020,0
48024,-3
48028,2
48032,-3
48036,4
48040,-3
48044,4
48048,0
48052,5
48056,-4
48060,1
48064,2
48068,-4
48072,2
48076,2
48080,3
48084,2
48088,4
48092,5
48096,0
48100,3
48104,0
48108,-3
48112,-5
48116,-1
48120,-1
48124,-3
48128,1
48132,2
48136,2
48140,-1
48144,5
48148,2
48152,4
48156,5
48160,-2
48164,-5
48168,4
48172,5
48176,0
48180,3
48184,-4
48188,0
48192,2
48196,4
48200,0
48204,-2
48208,-1
48212,2
48216,-3
48220,4
48224,-4
48228,4
48232,1
48236,-5
48240,1
48244,-4
48248,-1
48252,1
48256,-2
48260,1
48264,5
48268,5
48272,-4
48276,2
48280,3
48284,-3
48288,-4
48292,-1
48296,0
48300,3
48304,1
48308,1
48312,-2
48316,3
48320,1
48324,-4
48328,-2
48332,5
48336,-1
48340,0
48344,0
48348,-2
48352,1
48356,4
48360,5
48364,-3
48368,2
48372,3
48376,5
48380,-5
48384,-3
48388,-5
48392,3
48396,4
48400,0
48404,4
48408,-5
48412,-2
48416,0
48420,-2
48424,1
48428,1
48432,1
48436,-5
48440,-3
48444,-1
48448,4
48452,2
48456,0
48460,-4
48464,-4
48468,-4
48472,1
48476,-5
48480,-2
48484,-1
48488,-4
48492,3
48496,0
48500,-1
48504,1
48508,0
48512,2
48516,2
48520,5
48524,2
48528,-4
48532,-2
48536,0
48540,-1
48544,1
48548,-3
48552,-5
48556,3
48560,-5
48564,1
48568,5
48572,0
48576,0
48580,4
48584,4
48588,-5
48592,2
48596,0
48600,1
48604,0
48608,-1
48612,-4
48616,2
48620,4
48624,3
48628,-1
48632,0
48636,2
48640,2
48644,1
48648,-3
48652,2
48656,-1
48660,-3
48664,-4
48668,4
48672,-4
48676,4
48680,-1
48684,3
48688,-4
48692,-3
48696,0
48700,0
48704,-5
48708,-5
48712,-1
48716,-4
48720,4
48724,0
48728,2
48732,-4
48736,2
48740,2
48744,2
48748,-5
48752,-5
48756,4
48760,0
48764,3
48768,5
48772,0
48776,1
48780,1
48784,-3
48788,2
48792,3
48796,4
48800,-1
48804,3
48808,0
48812,0
48816,-1
48820,-4
48824,3
48828,-2
48832,-5
48836,5
48840,3
48844,1
48848,1
48852,-3
48856,0
48860,-1
48864,4
48868,-3
48872,-1
48876,-1
48880,3
48884,0
48888,1
48892,4
48896,-2
48900,-4
48904,0
48908,-5
48912,-5
48916,-5
48920,2
48924,-1
48928,-1
48932,-1
48936,1
48940,2
48944,4
48948,-2
48952,-5
48956,-2
48960,-1
48964,1
48968,-4
48972,-4
48976,-3
48980,-4
48984,-3
48988,1
48992,2
48996,5
49000,5
49004,-1
49008,-4
49012,-1
49016,4
49020,-2
49024,2
49028,-2
49032,-2
49036,4
49040,-1
49044,0
49048,-5
49052,-2
49056,-3
49060,3
49064,2
49068,5
49072,1
49076,3
49080,-5
49084,-1
49088,2
49092,-4
49096,-4
49100,-5
49104,0
49108,0
49112,2
49116,-4
49120,1
49124,2
49128,5
49132,4
49136,4
49140,5
49144,3
49148,1
49152,-1
49156,3
49160,-1
49164,-3
49168,-3
49172,5
49176,5
49180,1
49184,0
49188,1
49192,4
49196,0
49200,2
49204,3
49208,-2
49212,5
49216,-5
49220,2
49224,1
49228,3
49232,-4
49236,-2
49240,-3
49244,-5
49248,0
49252,1
49256,0
49260,3
49264,2
49268,-5
49272,5
49276,-2
49280,3
49284,-4
49288,-3
49292,2
49296,-5
49300,0
49304,4
49308,4
49312,-1
49316,1
49320,1
49324,-4
49328,4
49332,2
49336,-1
49340,-2
49344,-2
49348,4
49352,2
49356,0
49360,-2
49364,4
49368,4
49372,1
49376,-3
49380,-3
49384,-5
49388,-1
49392,-1
49396,3
49400,0
49404,-1
49408,-4
49412,5
49416,0
49420,-4
49424,2
49428,4
49432,-2
49436,2
49440,-4
49444,3
49448,5
49452,3
49456,-5
49460,-5
49464,-5
49468,5
49472,-1
49476,-4
49480,-4
49484,0
49488,-3
49492,-3
49496,0
49500,-2
49504,5
49508,-4
49512,0
49516,-5
49520,3
49524,1
49528,4
49532,-5
49536,-3
49540,-2
49544,3
49548,-2
49552,4
49556,2
49560,4
49564,-3
49568,3
49572,4
49576,-5
49580,-4
49584,-4
49588,-1
49592,-3
49596,-5
49600,0
49604,4
49608,5
49612,2
49616,3
49620,1
49624,1
49628,4
49632,0
49636,2
49640,1
49644,-3
49648,3
49652,1
49656,0
49660,1
49664,-5
49668,-3
49672,4
49676,-3
49680,4
49684,-4
49688,-1
49692,-3
49696,5
49700,4
49704,0
49708,-4
49712,-4
49716,3
49720,5
49724,4
49728,-5
49732,0
49736,1
49740,-4
49744,0
49748,-1
49752,3
49756,0
49760,-2
49764,4
49768,3
49772,-1
49776,-4
49780,5
49784,2
49788,5
49792,-2
49796,5
49800,0
49804,-3
49808,0
49812,-5
49816,-3
49820,0
49824,-4
49828,2
49832,2
49836,1
49840,-1
49844,4
49848,-4
49852,1
49856,1
49860,2
49864,-1
49868,-5
49872,1
49876,3
49880,-5
49884,-1
49888,1
49892,-2
49896,2
49900,-5
49904,2
49908,1
49912,2
49916,-5
49920,4
49924,-5
49928,5
49932,-1
49936,-2
49940,4
49944,1
49948,5
49952,-1
49956,-3
49960,-2
49964,1
49968,-4
49972,2
49976,-4
49980,-5
49984,-3
49988,0
49992,-2
49996,-1
50000,-3
50004,-4
50008,3
50012,0
50016,3
50020,0
50024,5
50028,2
50032,0
50036,-2
50040,-5
50044,-3
50048,-1
50052,3
50056,1
50060,1
50064,4
50068,-2
50072,-1
50076,-2
50080,-1
50084,-1
50088,-1
50092,5
50096,-3
50100,-4
50104,2
50108,-4
50112,4
50116,-4
50120,-1
50124,2
50128,-5
50132,2
50136,-5
50140,-2
50144,0
50148,1
50152,4
50156,1
50160,3
50164,-4
50168,-5
50172,5
50176,-1
50180,2
50184,-5
50188,0
50192,5
50196,5
50200,0
50204,-4
50208,4
50212,1
50216,2
50220,-3
50224,1
50228,1
50232,4
50236,5
50240,-1
50244,-2
50248,3
50252,2
50256,-1
50260,2
50264,4
50268,5
50272,4
50276,0
50280,0
50284,-5
50288,-5
50292,0
50296,-5
50300,-2
50304,4
50308,3
50312,-3
50316,-4
50320,1
50324,-4
50328,2
50332,-1
50336,-5
50340,5
50344,3
50348,-1
50352,4
50356,4
50360,-5
50364,-4
50368,-4
50372,-1
50376,-4
50380,5
50384,5
50388,-2
50392,-4
50396,4
50400,4
50404,5
50408,5
50412,-5
50416,1
50420,-2
50424,-1
50428,-5
50432,2
50436,-3
50440,0
50444,-3
50448,5
50452,4
50456,-4
50460,0
50464,5
50468,-4
50472,4
50476,-1
50480,-1
50484,4
50488,0
50492,4
50496,1
50500,-1
50504,-5
50508,2
50512,-3
50516,2
50520,0
50524,3
50528,4
50532,-4
50536,1
50540,3
50544,-5
50548,3
50552,4
50556,-1
50560,-4
50564,-2
50568,4
50572,5
50576,3
50580,-3
50584,0
50588,4
50592,-5
50596,1
50600,4
50604,5
50608,-2
50612,-3
50616,4
50620,5
50624,-1
50628,-2
50632,4
50636,-3
50640,3
50644,2
50648,3
50652,-3
50656,-3
50660,-2
50664,0
50668,-2
50672,4
50676,-2
50680,-3
50684,-4
50688,-2
50692,2
50696,-4
50700,3
50704,-5
50708,-5
50712,-1
50716,-4
50720,-1
50724,4
50728,5
50732,3
50736,4
50740,-5
50744,-4
50748,-3
50752,5
50756,1
50760,-3
50764,2
50768,3
50772,-5
50776,-2
50780,-1
50784,2
50788,-5
50792,-4
50796,5
50800,-5
50804,0
50808,0
50812,-2
50816,5
50820,-1
50824,-1
50828,-1
50832,3
50836,-4
50840,-1
50844,-1
50848,0
50852,4
50856,-1
50860,-4
50864,-5
50868,1
50872,5
50876,-1
50880,-2
50884,4
50888,-1
50892,-1
50896,-3
50900,4
50904,2
50908,5
50912,1
50916,-2
50920,-3
50924,-5
50928,2
50932,4
50936,-4
50940,5
50944,2
50948,-1
50952,1
50956,-5
50960,-3
50964,1
50968,-2
50972,2
50976,-2
50980,1
50984,0
50988,0
50992,3
50996,4
51000,-2
51004,-3
51008,5
51012,-1
51016,4
51020,-4
51024,-3
51028,5
51032,4
51036,-3
51040,3
51044,0
51048,-3
51052,-4
51056,-2
51060,0
51064,4
51068,-4
51072,-3
51076,-1
51080,-2
51084,2
51088,-3
51092,1
51096,4
51100,-1
51104,-2
51108,-1
51112,-4
51116,2
51120,1
51124,-1
51128,0
51132,-3
51136,-4
51140,-3
51144,-4
51148,1
51152,1
51156,-1
51160,-4
51164,0
51168,4
51172,2
51176,4
51180,3
51184,-2
51188,-5
51192,1
51196,5
51200,-2
51204,-3
51208,3
51212,1
51216,-3
51220,-2
51224,-4
51228,5
51232,0
51236,0
51240,0
51244,-3
51248,-4
51252,2
51256,3
51260,4
51264,0
51268,4
51272,-4
51276,-4
51280,-5
51284,5
51288,1
51292,2
51296,-3
51300,3
51304,2
51308,5
51312,-2
51316,3
51320,5
51324,3
51328,-3
51332,5
51336,4
51340,-3
51344,0
51348,2
51352,-2
51356,0
51360,5
51364,3
51368,-5
51372,5
51376,-4
51380,1
51384,3
51388,-4
51392,-2
51396,1
51400,5
51404,3
51408,-5
51412,0
51416,-2
51420,2
51424,-3
51428,0
51432,2
51436,-5
51440,0
51444,2
51448,4
51452,-2
51456,0
51460,-4
51464,-5
51468,3
51472,-3
51476,-1
51480,3
51484,4
51488,5
51492,3
51496,2
51500,-3
51504,-5
51508,1
51512,-2
51516,-2
51520,-5
51524,-4
51528,-2
51532,0
51536,-4
51540,2
51544,-3
51548,2
51552,-1
51556,3
51560,-2
51564,-2
51568,0
51572,3
51576,4
51580,3
51584,3
51588,-1
51592,-2
51596,4
51600,4
51604,-3
51608,-3
51612,-5
51616,5
51620,-4
51624,-2
51628,3
51632,-4
51636,-2
51640,1
51644,-3
51648,-4
51652,-1
51656,-1
51660,-2
51664,-2
51668,3
51672,-3
51676,3
51680,-4
51684,-5
51688,-1
51692,-4
51696,0
51700,0
51704,5
51708,-1
51712,0
51716,-5
51720,1
51724,-1
51728,-2
51732,-5
51736,-5
51740,1
51744,4
51748,2
51752,0
51756,3
51760,-1
51764,-5
51768,-2
51772,-3
51776,5
51780,2
51784,0
51788,0
51792,5
51796,-3
51800,0
51804,-1
51808,-3
51812,1
51816,3
51820,-3
51824,-2
51828,0
51832,-2
51836,1
51840,-3
51844,-3
51848,-4
51852,-3
51856,0
51860,0
51864,3
51868,-2
51872,-3
51876,0
51880,-5
51884,5
51888,-4
51892,-2
51896,-3
51900,-3
51904,-5
51908,0
51912,-5
51916,2
51920,4
51924,2
51928,-3
51932,-2
51936,0
51940,5
51944,2
51948,-1
51952,-5
51956,5
51960,-3
51964,-1
51968,5
51972,2
51976,-4
51980,-1
51984,3
51988,-2
51992,0
51996,0
52000,1
52004,-2
52008,-5
52012,5
52016,1
52020,-5
52024,1
52028,4
52032,3
52036,2
52040,4
52044,2
52048,4
52052,4
52056,1
52060,-1
52064,2
52068,0
52072,2
52076,-4
52080,4
52084,-5
52088,3
52092,-4
52096,-2
52100,-5
52104,3
52108,-1
52112,-4
52116,-1
52120,3
52124,-2
52128,-5
52132,-3
52136,4
52140,2
52144,5
52148,3
52152,-4
52156,-1
52160,-1
52164,-2
52168,-3
52172,3
52176,-3
52180,-4
52184,-5
52188,5
52192,-2
52196,2
52200,0
52204,3
52208,-4
52212,4
52216,-3
52220,1
52224,-1
52228,-4
52232,-2
52236,-3
52240,-4
52244,2
52248,-3
52252,5
52256,-5
52260,5
52264,-3
52268,4
52272,0
52276,0
52280,-5
52284,0
52288,-4
52292,1
52296,-5
52300,-3
52304,4
52308,-2
52312,-4
52316,0
52320,-4
52324,4
52328,5
52332,5
52336,2
52340,5
52344,-4
52348,1
52352,5
52356,1
52360,0
52364,-1
52368,0
52372,-5
52376,-2
52380,5
52384,-1
52388,2
52392,1
52396,0
52400,2
52404,-5
52408,0
52412,-3
52416,-4
52420,5
52424,-4
52428,-4
52432,3
52436,-5
52440,-1
52444,1
52448,-1
52452,4
52456,3
52460,3
52464,5
52468,-3
52472,1
52476,3
52480,-3
52484,-3
52488,2
52492,2
52496,-4
52500,5
52504,-3
52508,0
52512,-2
52516,-1
52520,-1
52524,-1
52528,1
52532,-2
52536,-2
52540,-5
52544,0
52548,1
52552,-1
52556,5
52560,3
52564,-4
52568,-1
52572,3
52576,2
52580,2
52584,2
52588,-1
52592,-1
52596,-5
52600,-4
52604,4
52608,2
52612,-1
52616,5
52620,4
52624,5
52628,1
52632,1
52636,-4
52640,-5
52644,-3
52648,3
52652,-2
52656,1
52660,2
52664,-1
52668,2
52672,0
52676,1
52680,-4
52684,5
52688,2
52692,5
52696,1
52700,-5
52704,0
52708,2
52712,2
52716,-2
52720,-5
52724,-1
52728,0
52732,2
52736,-1
52740,-4
52744,-3
52748,4
52752,4
52756,-4
52760,-3
52764,4
52768,3
52772,-2
52776,0
52780,-5
52784,1
52788,2
52792,-3
52796,-4
52800,-1
52804,-5
52808,-5
52812,-5
52816,-2
52820,-2
52824,2
52828,-5
52832,-3
52836,3
52840,-5
52844,1
52848,-4
52852,-1
52856,-1
52860,5
52864,2
52868,4
52872,4
52876,0
52880,-2
52884,4
52888,1
52892,-1
52896,-1
52900,-3
52904,-2
52908,-2
52912,-5
52916,3
52920,-5
52924,-4
52928,5
52932,-4
52936,-3
52940,-3
52944,-4
52948,3
52952,-3
52956,3
52960,4
52964,2
52968,3
52972,4
52976,-2
52980,-5
52984,5
52988,-4
52992,5
52996,-4
53000,-4
53004,-1
53008,-4
53012,1
53016,3
53020,2
53024,0
53028,-3
53032,3
53036,-5
53040,0
53044,-2
53048,2
53052,1
53056,2
53060,-2
53064,2
53068,2
53072,-5
53076,3
53080,-5
53084,5
53088,-4
53092,1
53096,-2
53100,-4
53104,3
53108,2
53112,2
53116,5
53120,3
53124,0
53128,-1
53132,-1
53136,-5
53140,-3
53144,-3
53148,0
53152,0
53156,2
53160,4
53164,1
53168,4
53172,-2
53176,5
53180,2
53184,3
53188,-1
53192,5
53196,-5
53200,5
53204,2
53208,1
53212,5
53216,4
53220,5
53224,-4
53228,1
53232,-2
53236,3
53240,-4
53244,-4
53248,3
53252,-2
53256,-5
53260,3
53264,-3
53268,3
53272,1
53276,4
53280,0
53284,3
53288,-2
53292,-5
53296,0
53300,0
53304,-5
53308,-5
53312,2
53316,-4
53320,-4
53324,-3
53328,-5
53332,-4
53336,-5
53340,-2
53344,2
53348,4
53352,-5
53356,-4
53360,2
53364,-1
53368,-1
53372,3
53376,-5
53380,4
53384,-1
53388,-4
53392,3
53396,-5
53400,-5
53404,2
53408,1
53412,1
53416,0
53420,-2
53424,-1
53428,5
53432,5
53436,1
53440,3
53444,0
53448,-2
53452,-3
53456,-5
53460,-4
53464,-3
53468,-3
53472,-3
53476,-3
53480,0
53484,-1
53488,3
53492,-4
53496,5
53500,-2
53504,-5
53508,-4
53512,1
53516,-3
53520,5
53524,2
53528,-2
53532,2
53536,-5
53540,-3
53544,-5
53548,4
53552,3
53556,2
53560,-3
53564,5
53568,-1
53572,0
53576,-4
53580,-1
53584,-3
53588,1
53592,-2
53596,1
53600,-4
53604,-2
53608,4
53612,4
53616,2
53620,-4
53624,-2
53628,-5
53632,-2
53636,0
53640,0
53644,-3
53648,3
53652,4
53656,1
53660,4
53664,0
53668,1
53672,-5
53676,-4
53680,-5
53684,-1
53688,-4
53692,4
53696,1
53700,0
53704,-2
53708,5
53712,-1
53716,3
53720,-3
53724,0
53728,4
53732,4
53736,-1
53740,-5
53744,-4
53748,1
53752,0
53756,5
53760,-3
53764,2
53768,-4
53772,-3
53776,1
53780,-3
53784,-4
53788,-4
53792,4
53796,2
53800,-1
53804,5
53808,2
53812,1
53816,-5
53820,5
53824,4
53828,5
53832,5
53836,-2
53840,-3
53844,4
53848,2
53852,-4
53856,0
53860,-5
53864,0
53868,1
53872,0
53876,0
53880,4
53884,4
53888,4
53892,-4
53896,3
53900,-2
53904,0
53908,-1
53912,1
53916,3
53920,2
53924,-3
53928,-2
53932,5
53936,5
53940,2
53944,1
53948,-4
53952,4
53956,-2
53960,-3
53964,3
53968,4
53972,-2
53976,-2
53980,-1
53984,-2
53988,-1
53992,5
53996,2
54000,-2
54004,-1
54008,-5
54012,-1
54016,-2
54020,-2
54024,-1
54028,1
54032,5
54036,3
54040,3
54044,-1
54048,-2
54052,-3
54056,-1
54060,-4
54064,-3
54068,-1
54072,-1
54076,3
54080,2
54084,4
54088,-5
54092,2
54096,5
54100,2
54104,3
54108,5
54112,-3
54116,-2
54120,-2
54124,2
54128,-4
54132,3
54136,5
54140,3
54144,5
54148,-2
54152,1
54156,3
54160,2
54164,-2
54168,-2
54172,2
54176,0
54180,-4
54184,0
54188,-1
54192,3
54196,-3
54200,0
54204,3
54208,-1
54212,4
54216,3
54220,5
54224,2
54228,-2
54232,3
54236,-2
54240,1
54244,-5
54248,2
54252,-2
54256,1
54260,2
54264,-3
54268,-2
54272,3
54276,-4
54280,3
54284,-1
54288,0
54292,5
54296,-5
54300,-1
54304,1
54308,-2
54312,3
54316,0
54320,3
54324,-4
54328,1
54332,-4
54336,0
54340,5
54344,1
54348,-2
54352,-3
54356,1
54360,-4
54364,4
54368,-4
54372,2
54376,-4
54380,4
54384,3
54388,0
54392,-1
54396,3
54400,2
54404,1
54408,4
54412,-3
54416,-5
54420,3
54424,-5
54428,0
54432,4
54436,3
54440,-3
54444,-3
54448,-4
54452,0
54456,-4
54460,1
54464,-4
54468,5
54472,0
54476,-5
54480,1
54484,-2
54488,-5
54492,2
54496,-5
54500,-4
54504,1
54508,1
54512,0
54516,-1
54520,-5
54524,-3
54528,-1
54532,2
54536,-5
54540,-5
54544,1
54548,-4
54552,2
54556,0
54560,5
54564,1
54568,2
54572,-4
54576,4
54580,-2
54584,2
54588,1
54592,-3
54596,5
54600,1
54604,-3
54608,1
54612,3
54616,-1
54620,-5
54624,5
54628,-3
54632,-3
54636,-2
54640,5
54644,-2
54648,3
54652,2
54656,-1
54660,1
54664,2
54668,3
54672,1
54676,5
54680,-3
54684,4
54688,0
54692,4
54696,-2
54700,3
54704,1
54708,-1
54712,3
54716,0
54720,3
54724,1
54728,-5
54732,1
54736,-3
54740,4
54744,-1
54748,-2
54752,3
54756,-4
54760,5
54764,-3
54768,-3
54772,5
54776,-2
54780,0
54784,-2
54788,5
54792,0
54796,-4
54800,-3
54804,-2
54808,-1
54812,0
54816,2
54820,3
54824,-1
54828,3
54832,5
54836,0
54840,-1
54844,0
54848,1
54852,4
54856,1
54860,-2
54864,5
54868,1
54872,5
54876,4
54880,5
54884,2
54888,-4
54892,-2
54896,-2
54900,2
54904,-3
54908,1
54912,-4
54916,0
54920,5
54924,-3
54928,4
54932,3
54936,4
54940,-2
54944,5
54948,2
54952,5
54956,1
54960,2
54964,3
54968,0
54972,3
54976,-3
54980,1
54984,5
54988,1
54992,0
54996,0
55000,3
55004,-3
55008,-1
55012,5
55016,-3
55020,3
55024,-2
55028,-5
55032,-5
55036,1
55040,-2
55044,-2
55048,1
55052,0
55056,-3
55060,-1
55064,2
55068,4
55072,-2
55076,-4
55080,3
55084,-3
55088,3
55092,3
55096,-4
55100,-1
55104,0
55108,3
55112,2
55116,-2
55120,1
55124,5
55128,3
55132,3
55136,4
55140,-1
55144,-4
55148,-4
55152,2
55156,-3
55160,-3
55164,-5
55168,2
55172,-3
55176,-1
55180,5
55184,-3
55188,-1
55192,-5
55196,1
55200,4
55204,-1
55208,0
55212,0
55216,-3
55220,2
55224,4
55228,2
55232,-3
55236,2
55240,-2
55244,5
55248,3
55252,3
55256,4
55260,-1
55264,-1
55268,0
55272,2
55276,1
55280,2
55284,2
55288,-5
55292,-1
55296,-1
55300,2
55304,2
55308,4
55312,4
55316,1
55320,-3
55324,4
55328,1
55332,5
55336,5
55340,-4
55344,-5
55348,0
55352,5
55356,1
55360,-1
55364,4
55368,-4
55372,1
55376,5
55380,2
55384,-2
55388,-2
55392,5
55396,-5
55400,-2
55404,-5
55408,4
55412,-1
55416,1
55420,4
55424,-2
55428,-5
55432,-3
55436,1
55440,-3
55444,0
55448,1
55452,4
55456,-3
55460,0
55464,0
55468,-3
55472,-3
55476,-1
55480,-4
55484,3
55488,-5
55492,-4
55496,-4
55500,-2
55504,2
55508,2
55512,-3
55516,-5
55520,-4
55524,1
55528,0
55532,-4
55536,3
55540,0
55544,-5
55548,1
55552,1
55556,-4
55560,0
55564,-4
55568,-1
55572,-5
55576,0
55580,1
55584,2
55588,2
55592,5
55596,-1
55600,5
55604,-5
55608,-3
55612,1
55616,4
55620,3
55624,-1
55628,-3
55632,3
55636,4
55640,3
55644,-5
55648,-2
55652,-2
55656,-1
55660,4
55664,2
55668,1
55672,-2
55676,-3
55680,2
55684,-4
55688,3
55692,-4
55696,-4
55700,5
55704,4
55708,3
55712,5
55716,4
55720,3
55724,0
55728,2
55732,5
55736,-5
55740,4
55744,0
55748,5
55752,2
55756,-1
55760,-2
55764,4
55768,-3
55772,-2
55776,3
55780,2
55784,-3
55788,5
55792,0
55796,1
55800,4
55804,-5
55808,-2
55812,-5
55816,-4
55820,-3
55824,-2
55828,-2
55832,-2
55836,0
55840,-1
55844,5
55848,1
55852,-5
55856,-2
55860,2
55864,-2
55868,-2
55872,3
55876,-2
55880,-1
55884,-4
55888,5
55892,-4
55896,4
55900,-3
55904,2
55908,1
55912,2
55916,5
55920,4
55924,5
55928,4
55932,3
55936,-2
55940,-2
55944,-1
55948,-1
55952,-2
55956,2
55960,-4
55964,-5
55968,1
55972,-3
55976,0
55980,1
55984,-5
55988,-1
55992,-1
55996,3
56000,-2
56004,2
56008,4
56012,0
56016,4
56020,4
56024,5
56028,2
56032,-1
56036,-4
56040,-3
56044,4
56048,3
56052,3
56056,-2
56060,-2
56064,-3
56068,-2
56072,-3
56076,5
56080,-5
56084,-5
56088,-2
56092,-1
56096,-1
56100,2
56104,3
56108,0
56112,1
56116,2
56120,-3
56124,5
56128,5
56132,5
56136,1
56140,-4
56144,-1
56148,1
56152,-4
56156,-4
56160,-5
56164,1
56168,-4
56172,2
56176,-4
56180,1
56184,2
56188,0
56192,0
56196,5
56200,4
56204,1
56208,5
56212,-4
56216,-5
56220,3
56224,4
56228,5
56232,5
56236,5
56240,1
56244,3
56248,4
56252,4
56256,0
56260,5
56264,-2
56268,-5
56272,0
56276,-4
56280,0
56284,4
56288,-2
56292,-5
56296,1
56300,-2
56304,0
56308,-1
56312,-1
56316,3
56320,4
56324,-2
56328,-3
56332,-3
56336,0
56340,5
56344,0
56348,1
56352,1
56356,-1
56360,-2
56364,0
56368,-1
56372,0
56376,4
56380,0
56384,5
56388,-3
56392,-1
56396,-3
56400,3
56404,-4
56408,2
56412,2
56416,-1
56420,2
56424,-2
56428,5
56432,4
56436,2
56440,0
56444,3
56448,4
56452,3
56456,-3
56460,-4
56464,4
56468,-5
56472,-2
56476,-5
56480,-1
56484,3
56488,-2
56492,-3
56496,1
56500,-5
56504,-3
56508,3
56512,-4
56516,-5
56520,1
56524,-4
56528,5
56532,2
56536,-3
56540,-4
56544,3
56548,1
56552,0
56556,2
56560,4
56564,-4
56568,3
56572,-4
56576,0
56580,4
56584,-2
56588,-4
56592,-5
56596,4
56600,0
56604,-4
56608,-5
56612,-5
56616,-4
56620,1
56624,4
56628,5
56632,-2
56636,-4
56640,3
56644,-5
56648,1
56652,-3
56656,1
56660,4
56664,-3
56668,3
56672,4
56676,5
56680,-3
56684,5
56688,-3
56692,-2
56696,-5
56700,-5
56704,1
56708,0
56712,-1
56716,-5
56720,-1
56724,3
56728,0
56732,-1
56736,-3
56740,-3
56744,5
56748,4
56752,1
56756,-5
56760,1
56764,-2
56768,-2
56772,0
56776,3
56780,1
56784,1
56788,2
56792,3
56796,3
56800,3
56804,-1
56808,5
56812,0
56816,0
56820,1
56824,-4
56828,1
56832,5
56836,4
56840,3
56844,-3
56848,-1
56852,3
56856,0
56860,-2
56864,5
56868,1
56872,-1
56876,-2
56880,3
56884,-5
56888,2
56892,1
56896,-4
56900,5
56904,1
56908,-5
56912,5
56916,-1
56920,3
56924,-5
56928,-3
56932,3
56936,-5
56940,-1
56944,-1
56948,-4
56952,-1
56956,5
56960,-1
56964,2
56968,5
56972,-2
56976,-1
56980,-4
56984,-5
56988,-1
56992,-1
56996,1
57000,-2
57004,4
57008,1
57012,0
57016,5
57020,1
57024,1
57028,2
57032,4
57036,2
57040,0
57044,1
57048,-5
57052,1
57056,-3
57060,-1
57064,5
57068,-3
57072,4
57076,-3
57080,-5
57084,3
57088,-1
57092,0
57096,-1
57100,-3
57104,-5
57108,-3
57112,3
57116,-4
57120,1
57124,-5
57128,3
57132,0
57136,3
57140,-5
57144,3
57148,4
57152,-4
57156,1
57160,-5
57164,-1
57168,-4
57172,3
57176,-3
57180,2
57184,3
57188,2
57192,-3
57196,-2
57200,4
57204,1
57208,3
57212,2
57216,2
57220,-5
57224,-4
57228,3
57232,5
57236,-1
57240,2
57244,-2
57248,3
57252,-4
57256,-5
57260,-1
57264,2
57268,-2
57272,-5
57276,-2
57280,5
57284,3
57288,-3
57292,-3
57296,2
57300,-4
57304,-5
57308,5
57312,-4
57316,-4
57320,-3
57324,0
57328,2
57332,2
57336,5
57340,-3
57344,2
57348,3
57352,5
57356,1
57360,-2
57364,1
57368,-3
57372,-2
57376,4
57380,5
57384,0
57388,5
57392,0
57396,0
57400,2
57404,-5
57408,2
57412,2
57416,0
57420,0
57424,-4
57428,3
57432,-4
57436,0
57440,5
57444,-5
57448,-5
57452,-2
57456,5
57460,5
57464,-1
57468,5
57472,-2
57476,-1
57480,-3
57484,4
57488,-1
57492,5
57496,-5
57500,3
57504,2
57508,4
57512,3
57516,4
57520,4
57524,1
57528,3
57532,3
57536,5
57540,2
57544,5
57548,-5
57552,-4
57556,-4
57560,4
57564,4
57568,-2
57572,-1
57576,-4
57580,-1
57584,-5
57588,-3
57592,-2
57596,1
57600,-4
57604,-5
57608,-2
57612,-4
57616,-3
57620,4
57624,2
57628,-4
57632,-4
57636,-4
57640,3
57644,-2
57648,0
57652,5
57656,-1
57660,-3
57664,-5
57668,-1
57672,5
57676,0
57680,-4
57684,-3
57688,-2
57692,-5
57696,-2
57700,1
57704,1
57708,2
57712,2
57716,-1
57720,4
57724,-3
57728,5
57732,4
57736,-2
57740,-3
57744,4
57748,4
57752,0
57756,0
57760,5
57764,5
57768,5
57772,5
57776,4
57780,-3
57784,-5
57788,1
57792,-2
57796,-3
57800,-2
57804,-5
57808,1
57812,5
57816,-2
57820,0
57824,5
57828,0
57832,4
57836,2
57840,-1
57844,5
57848,-5
57852,3
57856,4
57860,3
57864,-2
57868,-3
57872,-1
57876,5
57880,4
57884,-5
57888,-1
57892,-4
57896,-1
57900,2
57904,-3
57908,-5
57912,0
57916,4
57920,-2
57924,1
57928,-5
57932,4
57936,5
57940,-1
57944,-2
57948,-3
57952,4
57956,-2
57960,-3
57964,4
57968,4
57972,5
57976,0
57980,-5
57984,0
57988,2
57992,1
57996,4
58000,-2
58004,5
58008,-1
58012,-1
58016,5
58020,5
58024,5
58028,-4
58032,1
58036,1
58040,-5
58044,-1
58048,4
58052,-5
58056,4
58060,5
58064,-2
58068,5
58072,4
58076,-4
58080,2
58084,-4
58088,0
58092,5
58096,-4
58100,-3
58104,1
58108,-4
58112,-2
58116,1
58120,3
58124,1
58128,-3
58132,-3
58136,5
58140,2
58144,-3
58148,-5
58152,-3
58156,-5
58160,5
58164,-2
58168,5
58172,-4
58176,4
58180,-3
58184,5
58188,1
58192,1
58196,1
58200,2
58204,-2
58208,-4
58212,-5
58216,5
58220,3
58224,4
58228,1
58232,2
58236,-3
58240,5
58244,0
58248,-5
58252,1
58256,4
58260,-3
58264,-4
58268,-3
58272,3
58276,0
58280,2
58284,-3
58288,2
58292,-3
58296,2
58300,0
58304,4
58308,-1
58312,1
58316,-5
58320,2
58324,-5
58328,-1
58332,0
58336,-4
58340,1
58344,-3
58348,-2
58352,4
58356,-1
58360,4
58364,0
58368,-1
58372,4
58376,-5
58380,2
58384,-2
58388,-1
58392,-2
58396,3
58400,-4
58404,3
58408,-1
58412,3
58416,-2
58420,2
58424,5
58428,-5
58432,-1
58436,-2
58440,5
58444,-2
58448,-3
58452,0
58456,-5
58460,1
58464,-5
58468,2
58472,-2
58476,4
58480,0
58484,-5
58488,3
58492,4
58496,0
58500,3
58504,-1
58508,0
58512,-2
58516,-2
58520,-4
58524,-1
58528,5
58532,5
58536,5
58540,-2
58544,5
58548,-3
58552,-3
58556,1
58560,-4
58564,-3
58568,4
58572,4
58576,2
58580,0
58584,2
58588,-4
58592,0
58596,3
58600,2
58604,-4
58608,-1
58612,-1
58616,1
58620,-2
58624,0
58628,1
58632,-1
58636,1
58640,0
58644,-5
58648,-2
58652,2
58656,-3
58660,-4
58664,-3
58668,1
58672,4
58676,1
58680,5
58684,1
58688,2
58692,0
58696,3
58700,-2
58704,-4
58708,-4
58712,-4
58716,3
58720,3
58724,-2
58728,-5
58732,2
58736,-5
58740,-2
58744,-5
58748,3
58752,1
58756,0
58760,-3
58764,-5
58768,-1
58772,4
58776,1
58780,4
58784,-1
58788,3
58792,-3
58796,-2
58800,3
58804,0
58808,0
58812,4
58816,-1
58820,3
58824,0
58828,1
58832,-1
58836,2
58840,5
58844,2
58848,-3
58852,5
58856,-3
58860,0
58864,2
58868,3
58872,5
58876,-1
58880,-2
58884,5
58888,-3
58892,-1
58896,1
58900,1
58904,1
58908,-2
58912,-5
58916,2
58920,-2
58924,-5
58928,-5
58932,1
58936,-3
58940,4
58944,-3
58948,0
58952,3
58956,1
58960,0
58964,5
58968,2
58972,-1
58976,-3
58980,-1
58984,4
58988,3
58992,0
58996,4
59000,-2
59004,-3
59008,-3
59012,-4
59016,2
59020,0
59024,-1
59028,-5
59032,0
59036,-5
59040,-5
59044,-1
59048,1
59052,-1
59056,0
59060,4
59064,4
59068,-3
59072,5
59076,-3
59080,5
59084,2
59088,3
59092,-4
59096,5
59100,-3
59104,2
59108,0
59112,5
59116,1
59120,-4
59124,5
59128,3
59132,-3
59136,1
59140,1
59144,2
59148,-3
59152,3
59156,-5
59160,-4
59164,-4
59168,1
59172,3
59176,0
59180,-3
59184,-5
59188,-5
59192,-2
59196,1
59200,2
59204,-4
59208,1
59212,3
59216,5
59220,2
59224,3
59228,-4
59232,1
59236,-4
59240,3
59244,2
59248,-2
59252,2
59256,3
59260,0
59264,-2
59268,-3
59272,-2
59276,-2
59280,1
59284,0
59288,-1
59292,1
59296,1
59300,-5
59304,-1
59308,4
59312,5
59316,4
59320,-5
59324,5
59328,5
59332,0
59336,5
59340,0
59344,0
59348,-1
59352,4
59356,-5
59360,4
59364,2
59368,5
59372,-2
59376,1
59380,1
59384,5
59388,-5
59392,-1
59396,-2
59400,-4
59404,2
59408,-5
59412,3
59416,5
59420,-3
59424,2
59428,3
59432,1
59436,-2
59440,5
59444,-3
59448,5
59452,4
59456,-5
59460,1
59464,1
59468,2
59472,1
59476,-2
59480,-2
59484,4
59488,-4
59492,-1
59496,5
59500,-5
59504,-4
59508,1
59512,3
59516,5
59520,-1
59524,2
59528,4
59532,1
59536,-1
59540,-5
59544,2
59548,-4
59552,2
59556,-3
59560,-3
59564,2
59568,4
59572,1
59576,-4
59580,4
59584,-3
59588,-2
59592,-2
59596,-2
59600,2
59604,-4
59608,5
59612,-5
59616,-2
59620,3
59624,-1
59628,-2
59632,-4
59636,5
59640,2
59644,1
59648,-5
59652,1
59656,-1
59660,2
59664,4
59668,5
59672,-1
59676,-2
59680,-5
59684,-5
59688,2
59692,-4
59696,-2
59700,-5
59704,4
59708,4
59712,-1
59716,4
59720,-3
59724,-1
59728,-4
59732,0
59736,1
59740,3
59744,-4
59748,-2
59752,-4
59756,4
59760,3
59764,-3
59768,3
59772,5
59776,-5
59780,-3
59784,3
59788,-5
59792,1
59796,1
59800,5
59804,-1
59808,-1
59812,3
59816,4
59820,0
59824,-3
59828,-5
59832,4
59836,-3
59840,-4
59844,3
59848,-1
59852,3
59856,-3
59860,-1
59864,-5
59868,4
59872,5
59876,3
59880,-4
59884,5
59888,-3
59892,-3
59896,5
59900,4
59904,3
59908,-3
59912,5
59916,-2
59920,4
59924,-5
59928,-5
59932,4
59936,3
59940,-4
59944,2
59948,4
59952,5
59956,0
59960,5
59964,-2
59968,-3
59972,4
59976,-4
59980,5
59984,5
59988,0
59992,0
59996,0
60000,3
60004,0
60008,2
60012,-2
60016,-2
60020,5
60024,-3
60028,5
60032,4
60036,5
60040,-1
60044,3
60048,1
60052,-3
60056,1
60060,-1
60064,-5
60068,-1
60072,4
60076,-2
60080,5
60084,-2
60088,-1
60092,-1
60096,-3
60100,-5
60104,-4
60108,-5
60112,-2
60116,4
60120,-5
60124,1
60128,-5
60132,-3
60136,0
60140,-5
60144,1
60148,2
60152,3
60156,-5
60160,-4
60164,4
60168,-4
60172,3
60176,4
60180,3
60184,-2
60188,-2
60192,3
60196,-1
60200,-1
60204,4
60208,-3
60212,0
60216,5
60220,1
60224,-2
60228,-4
60232,-5
60236,4
60240,0
60244,3
60248,-3
60252,-4
60256,-5
60260,-2
60264,5
60268,-1
60272,0
60276,-1
60280,-1
60284,-1
60288,0
60292,4
60296,-2
60300,2
60304,5
60308,3
60312,3
60316,2
60320,-3
60324,-5
60328,-1
60332,-5
60336,1
60340,3
60344,4
60348,4
60352,2
60356,-3
60360,-3
60364,2
60368,0
60372,1
60376,2
60380,5
60384,5
60388,3
60392,1
60396,-1
60400,-5
60404,4
60408,-1
60412,-2
60416,-1
60420,0
60424,-5
60428,-2
60432,4
60436,1
60440,2
60444,-4
60448,3
60452,-3
60456,5
60460,-2
60464,4
60468,3
60472,-2
60476,-2
60480,-4
60484,-4
60488,5
60492,4
60496,2
60500,-4
60504,-3
60508,3
60512,-2
60516,4
60520,-3
60524,1
60528,-3
60532,-2
60536,-5
60540,2
60544,-2
60548,0
60552,-5
60556,3
60560,-4
60564,5
60568,-2
60572,-2
60576,5
60580,5
60584,-5
60588,-3
60592,-4
60596,3
60600,-1
60604,-1
60608,-2
60612,-2
60616,0
60620,-3
60624,5
60628,4
60632,0
60636,-5
60640,0
60644,-2
60648,-4
60652,-2
60656,-4
60660,3
60664,4
60668,-2
60672,-1
60676,3
60680,5
60684,5
60688,1
60692,-2
60696,-4
60700,3
60704,5
60708,-4
60712,-4
60716,-3
60720,5
60724,-2
60728,3
60732,4
60736,3
60740,-4
60744,1
60748,3
60752,3
60756,-2
60760,-2
60764,1
60768,0
60772,4
60776,3
60780,-3
60784,3
60788,-4
60792,-3
60796,-2
60800,-2
60804,5
60808,-4
60812,1
60816,0
60820,1
60824,1
60828,-3
60832,2
60836,2
60840,4
60844,0
60848,2
60852,-2
60856,1
60860,1
60864,5
60868,0
60872,3
60876,-5
60880,-4
60884,0
60888,0
60892,2
60896,1
60900,1
60904,-5
60908,-4
60912,-5
60916,3
60920,2
60924,-2
60928,1
60932,2
60936,-2
60940,-2
60944,5
60948,3
60952,-3
60956,4
60960,-4
60964,0
60968,-1
60972,5
60976,-5
60980,-4
60984,-5
60988,0
60992,2
60996,2
61000,4
61004,0
61008,-1
61012,-3
61016,3
61020,3
61024,2
61028,0
61032,-3
61036,2
61040,-5
61044,5
61048,-4
61052,4
61056,-2
61060,0
61064,3
61068,1
61072,2
61076,-5
61080,0
61084,-5
61088,-1
61092,4
61096,-4
61100,-5
61104,1
61108,-3
61112,-1
61116,2
61120,-5
61124,3
61128,-3
61132,-3
61136,3
61140,-3
61144,-2
61148,5
61152,4
61156,-1
61160,-4
61164,3
61168,-1
61172,-3
61176,1
61180,-2
61184,-1
61188,5
61192,-1
61196,1
61200,-2
61204,5
61208,2
61212,-1
61216,-2
61220,5
61224,-4
61228,-3
61232,-1
61236,2
61240,4
61244,4
61248,0
61252,-3
61256,-2
61260,1
61264,-5
61268,-3
61272,-5
61276,2
61280,5
61284,-5
61288,-1
61292,-1
61296,2
61300,-1
61304,-1
61308,-4
61312,1
61316,2
61320,-5
61324,1
61328,0
61332,-3
61336,-3
61340,3
61344,2
61348,5
61352,5
61356,4
61360,3
61364,1
61368,-3
61372,5
61376,1
61380,3
61384,2
61388,2
61392,-3
61396,2
61400,-3
61404,-1
61408,-4
61412,2
61416,1
61420,2
61424,2
61428,2
61432,0
61436,-5
61440,-4
61444,-2
61448,-1
61452,2
61456,-4
61460,-1
61464,4
61468,-1
61472,5
61476,0
61480,1
61484,2
61488,0
61492,2
61496,2
61500,-2
61504,-4
61508,1
61512,5
61516,-3
61520,-2
61524,5
61528,-1
61532,-5
61536,5
61540,0
61544,4
61548,2
61552,2
61556,-4
61560,-2
61564,3
61568,-4
61572,4
61576,4
61580,-2
61584,-5
61588,1
61592,-1
61596,4
61600,1
61604,2
61608,1
61612,5
61616,-1
61620,-3
61624,-5
61628,3
61632,2
61636,0
61640,0
61644,3
61648,-2
61652,1
61656,-2
61660,3
61664,0
61668,-3
61672,-2
61676,-5
61680,4
61684,-1
61688,-4
61692,3
61696,5
61700,-3
61704,2
61708,1
61712,-4
61716,0
61720,-1
61724,3
61728,5
61732,-3
61736,1
61740,-2
61744,2
61748,-3
61752,-2
61756,5
61760,-3
61764,-2
61768,-1
61772,-4
61776,-3
61780,0
61784,5
61788,-5
61792,3
61796,5
61800,3
61804,3
61808,5
61812,-3
61816,0
61820,0
61824,-2
61828,2
61832,5
61836,4
61840,-5
61844,-5
61848,-4
61852,-1
61856,-1
61860,-1
61864,1
61868,-2
61872,-5
61876,3
61880,3
61884,-3
61888,-4
61892,4
61896,0
61900,4
61904,-1
61908,-5
61912,1
61916,-1
61920,-5
61924,-3
61928,0
61932,-1
61936,-5
61940,3
61944,1
61948,-2
61952,0
61956,-2
61960,5
61964,-1
61968,-5
61972,2
61976,-4
61980,3
61984,3
61988,-3
61992,0
61996,-1
62000,3
62004,4
62008,5
62012,-5
62016,-4
62020,4
62024,5
62028,0
62032,5
62036,-3
62040,2
62044,5
62048,-2
62052,-2
62056,2
62060,-2
62064,5
62068,-5
62072,4
62076,1
62080,4
62084,2
62088,-1
62092,-2
62096,-2
62100,-5
62104,-2
62108,-2
62112,-5
62116,0
62120,5
62124,-4
62128,0
62132,2
62136,-2
62140,2
62144,-2
62148,-2
62152,5
62156,-3
62160,0
62164,1
62168,1
62172,-3
62176,-4
62180,-2
62184,4
62188,3
62192,0
62196,3
62200,-3
62204,-5
62208,-3
62212,2
62216,2
62220,-2
62224,5
62228,4
62232,-1
62236,2
62240,-1
62244,2
62248,4
62252,3
62256,3
62260,0
62264,-2
62268,2
62272,-2
62276,5
62280,-2
62284,-4
62288,4
62292,0
62296,-4
62300,2
62304,-5
62308,4
62312,-4
62316,-2
62320,2
62324,3
62328,5
62332,-5
62336,-4
62340,4
62344,-1
62348,3
62352,4
62356,-1
62360,-4
62364,-4
62368,-4
62372,5
62376,-1
62380,2
62384,3
62388,-1
62392,-5
62396,1
62400,-4
62404,-4
62408,3
62412,4
62416,-4
62420,-4
62424,3
62428,1
62432,1
62436,3
62440,2
62444,2
62448,2
62452,-2
62456,5
62460,4
62464,5
62468,-4
62472,-4
62476,5
62480,-1
62484,4
62488,-1
62492,-4
62496,-4
62500,-1
62504,5
62508,-2
62512,-5
62516,0
62520,4
62524,3
62528,-2
62532,-1
62536,3
62540,3
62544,-1
62548,-5
62552,-2
62556,2
62560,-5
62564,-3
62568,-1
62572,0
62576,-2
62580,-2
62584,-2
62588,-3
62592,2
62596,0
62600,-3
62604,3
62608,3
62612,4
62616,3
62620,0
62624,-3
62628,-3
62632,5
62636,-4
62640,4
62644,4
62648,2
62652,4
62656,-2
62660,0
62664,2
62668,-3
62672,-3
62676,0
62680,0
62684,2
62688,-3
62692,-4
62696,-2
62700,2
62704,-4
62708,0
62712,-1
62716,1
62720,0
62724,2
62728,-1
62732,3
62736,0
62740,5
62744,5
62748,-2
62752,-1
62756,-2
62760,0
62764,-2
62768,-3
62772,-4
62776,2
62780,-5
62784,-3
62788,4
62792,-3
62796,-1
62800,-2
62804,0
62808,-4
62812,4
62816,-2
62820,1
62824,4
62828,-3
62832,-3
62836,2
62840,-2
62844,0
62848,-4
62852,1
62856,1
62860,-5
62864,1
62868,1
62872,2
62876,5
62880,4
62884,-5
62888,-1
62892,4
62896,4
62900,1
62904,2
62908,-4
62912,4
62916,-3
62920,5
62924,-4
62928,4
62932,4
62936,3
62940,-1
62944,0
62948,2
62952,4
62956,1
62960,5
62964,3
62968,2
62972,0
62976,-2
62980,3
62984,-5
62988,-5
62992,-3
62996,2
63000,-3
63004,-3
63008,2
63012,5
63016,-1
63020,-4
63024,2
63028,4
63032,4
63036,-1
63040,4
63044,4
63048,-5
63052,1
63056,-4
63060,1
63064,-1
63068,-3
63072,5
63076,5
63080,4
63084,2
63088,-1
63092,1
63096,-2
63100,-3
63104,5
63108,-3
63112,-2
63116,5
63120,3
63124,1
63128,0
63132,-1
63136,-4
63140,3
63144,-3
63148,-2
63152,-2
63156,5
63160,0
63164,0
63168,5
63172,-1
63176,1
63180,-3
63184,-3
63188,1
63192,5
63196,-5
63200,3
63204,3
63208,3
63212,-3
63216,-2
63220,-4
63224,-1
63228,4
63232,-2
63236,1
63240,-4
63244,4
63248,-4
63252,4
63256,5
63260,-5
63264,-2
63268,-3
63272,0
63276,-4
63280,-3
63284,-5
63288,-2
63292,5
63296,-4
63300,3
63304,-4
63308,-4
63312,1
63316,0
63320,-4
63324,-1
63328,-2
63332,-3
63336,-2
63340,-3
63344,-4
63348,-2
63352,2
63356,0
63360,1
63364,-1
63368,2
63372,-1
63376,-4
63380,-3
63384,-2
63388,0
63392,5
63396,2
63400,2
63404,3
63408,1
63412,-4
63416,-4
63420,2
63424,5
63428,-5
63432,0
63436,-4
63440,-1
63444,-1
63448,-4
63452,1
63456,4
63460,5
63464,5
63468,-4
63472,5
63476,-5
63480,2
63484,0
63488,5
63492,1
63496,3
63500,-2
63504,4
63508,0
63512,-5
63516,-3
63520,3
63524,-4
63528,-1
63532,-2
63536,4
63540,0
63544,-3
63548,-1
63552,-5
63556,4
63560,3
63564,-5
63568,-4
63572,1
63576,5
63580,-4
63584,-5
63588,4
63592,0
63596,4
63600,-1
63604,-2
63608,5
63612,4
63616,-2
63620,2
63624,5
63628,-5
63632,0
63636,3
63640,-1
63644,5
63648,-4
63652,-2
63656,4
63660,-3
63664,-4
63668,1
63672,5
63676,2
63680,2
63684,-1
63688,4
63692,-2
63696,-2
63700,0
63704,2
63708,5
63712,-5
63716,0
63720,1
63724,-5
63728,-5
63732,5
63736,-1
63740,2
63744,-3
63748,1
63752,3
63756,1
63760,1
63764,-2
63768,4
63772,1
63776,4
63780,1
63784,4
63788,5
63792,-3
63796,2
63800,4
63804,4
63808,-2
63812,4
63816,-3
63820,1
63824,2
63828,-3
63832,1
63836,1
63840,-3
63844,-5
63848,2
63852,-3
63856,-4
63860,5
63864,-4
63868,-2
63872,4
63876,0
63880,-1
63884,-3
63888,3
63892,3
63896,1
63900,-5
63904,4
63908,5
63912,3
63916,3
63920,4
63924,1
63928,2
63932,5
63936,3
63940,-3
63944,-2
63948,-1
63952,4
63956,1
63960,4
63964,1
63968,-1
63972,-3
63976,0
63980,-4
63984,2
63988,-1
63992,2
63996,2
64000,0
64004,-1
64008,-2
64012,-1
64016,4
64020,-3
64024,-4
64028,-5
64032,-5
64036,4
64040,5
64044,-2
64048,-2
64052,0
64056,-1
64060,-5
64064,2
64068,4
64072,1
64076,-2
64080,5
64084,2
64088,1
64092,-2
64096,3
64100,-2
64104,3
64108,-5
64112,4
64116,1
64120,4
64124,-4
64128,5
64132,-3
64136,-5
64140,1
64144,-3
64148,-5
64152,-1
64156,-1
64160,3
64164,4
64168,0
64172,0
64176,0
64180,5
64184,3
64188,4
64192,5
64196,-3
64200,2
64204,3
64208,-4
64212,-2
64216,3
64220,3
64224,-1
64228,2
64232,0
64236,1
64240,-1
64244,-2
64248,-2
64252,-4
64256,4
64260,3
64264,-4
64268,-5
64272,-3
64276,-2
64280,3
64284,-5
64288,-1
64292,-5
64296,-5
64300,1
64304,1
64308,0
64312,-3
64316,4
64320,4
64324,0
64328,2
64332,-1
64336,5
64340,-4
64344,-1
64348,-5
64352,1
64356,-1
64360,5
64364,2
64368,-1
64372,-1
64376,-3
64380,1
64384,-1
64388,-4
64392,0
64396,-2
64400,-1
64404,-2
64408,0
64412,-3
64416,0
64420,1
64424,1
64428,-4
64432,-5
64436,-2
64440,0
64444,-4
64448,2
64452,2
64456,-3
64460,4
64464,-3
64468,-4
64472,-3
64476,4
64480,-4
64484,0
64488,-3
64492,-5
64496,4
64500,3
64504,-1
64508,3
64512,-2
64516,-1
64520,3
64524,0
64528,1
64532,5
64536,2
64540,-4
64544,0
64548,5
64552,-4
64556,-5
64560,-5
64564,-3
64568,-3
64572,0
64576,5
64580,3
64584,-1
64588,-5
64592,0
64596,-2
64600,-1
64604,-1
64608,0
64612,-1
64616,3
64620,-4
64624,-1
64628,-5
64632,1
64636,5
64640,5
64644,2
64648,-3
64652,4
64656,3
64660,-4
64664,4
64668,4
64672,2
64676,3
64680,0
64684,-3
64688,1
64692,-4
64696,-4
64700,3
64704,0
64708,-1
64712,2
64716,3
64720,4
64724,4
64728,1
64732,-1
64736,3
64740,-2
64744,0
64748,-2
64752,3
64756,5
64760,3
64764,2
64768,-1
64772,1
64776,-1
64780,4
64784,2
64788,1
64792,4
64796,2
64800,3
64804,0
64808,4
64812,-4
64816,-2
64820,-5
64824,3
64828,3
64832,5
64836,5
64840,1
64844,3
64848,1
64852,-4
64856,-2
64860,1
64864,0
64868,5
64872,-5
64876,4
64880,-1
64884,-2
64888,4
64892,3
64896,2
64900,5
64904,-4
64908,-3
64912,-5
64916,-2
64920,-1
64924,1
64928,-5
64932,1
64936,-2
64940,-2
64944,0
64948,2
64952,-5
64956,3
64960,4
64964,-4
64968,2
64972,2
64976,5
64980,1
64984,1
64988,1
64992,3
64996,-1
65000,-3
65004,-3
65008,3
65012,3
65016,0
65020,4
65024,4
65028,0
65032,-3
65036,3
65040,3
65044,1
65048,-4
65052,4
65056,5
65060,0
65064,-2
65068,0
65072,2
65076,3
65080,5
65084,-1
65088,-2
65092,-2
65096,-4
65100,-4
65104,-3
65108,-4
65112,-4
65116,4
65120,-5
65124,-3
65128,-1
65132,-2
65136,4
65140,-2
65144,4
65148,4
65152,5
65156,-4
65160,5
65164,5
65168,-1
65172,-2
65176,1
65180,2
65184,-3
65188,2
65192,1
65196,-1
65200,5
65204,-3
65208,-5
65212,-4
65216,1
65220,4
65224,5
65228,2
65232,-1
65236,4
65240,4
65244,-3
65248,-2
65252,-3
65256,-1
65260,1
65264,3
65268,0
65272,0
65276,2
65280,0
65284,1
65288,-2
65292,-4
65296,-4
65300,-2
65304,2
65308,-3
65312,4
65316,-1
65320,5
65324,0
65328,-2
65332,-1
65336,1
65340,4
65344,2
65348,2
65352,-4
65356,3
65360,1
65364,-3
65368,3
65372,0
65376,0
65380,0
65384,1
65388,-4
65392,-4
65396,0
65400,4
65404,-5
65408,1
65412,-4
65416,-3
65420,5
65424,-4
65428,-5
65432,5
65436,3
65440,4
65444,-1
65448,-2
65452,3
65456,-5
65460,3
65464,-4
65468,-3
65472,-3
65476,0
65480,0
65484,-4
65488,0
65492,0
65496,4
65500,-4
65504,0
65508,0
65512,-5
65516,-3
65520,-4
65524,2
65528,-4
65532,-4
65536,-1
65540,-2
65544,-2
65548,5
65552,-2
65556,3
65560,-3
65564,0
65568,0
65572,-2
65576,-1
65580,-2
65584,1
65588,-4
65592,-1
65596,-5
65600,3
65604,1
65608,-5
65612,3
65616,4
65620,-1
65624,-4
65628,-3
65632,-2
65636,0
65640,3
65644,-3
65648,3
65652,-3
65656,4
65660,2
65664,-3
65668,-5
65672,-4
65676,1
65680,5
65684,2
65688,1
65692,3
65696,-4
65700,4
65704,4
65708,-5
65712,0
65716,-2
65720,-2
65724,-2
65728,3
65732,5
65736,4
65740,5
65744,1
65748,0
65752,3
65756,3
65760,3
65764,4
65768,-3
65772,-5
65776,3
65780,-4
65784,-4
65788,-4
65792,0
65796,-2
65800,1
65804,-3
65808,-5
65812,-2
65816,-5
65820,5
65824,-2
65828,-2
65832,3
65836,1
65840,4
65844,-5
65848,-2
65852,0
65856,-1
65860,5
65864,-2
65868,-1
65872,-3
65876,-4
65880,3
65884,-5
65888,-2
65892,2
65896,-2
65900,-1
65904,-2
65908,-1
65912,1
65916,2
65920,-3
65924,-5
65928,-5
65932,-4
65936,-5
65940,-4
65944,2
65948,4
65952,1
65956,4
65960,0
65964,4
65968,-2
65972,-3
65976,3
65980,1
65984,0
65988,-5
65992,-2
65996,5
66000,2
66004,-5
66008,-4
66012,1
66016,0
66020,-5
66024,1
66028,2
66032,1
66036,-4
66040,5
66044,0
66048,4
66052,-5
66056,4
66060,2
66064,5
66068,-2
66072,-4
66076,-1
66080,-4
66084,3
66088,-1
66092,2
66096,0
66100,3
66104,-1
66108,4
66112,1
66116,4
66120,5
66124,-1
66128,2
66132,1
66136,-1
66140,0
66144,-5
66148,1
66152,0
66156,-4
66160,3
66164,0
66168,4
66172,-1
66176,0
66180,0
66184,-4
66188,2
66192,-4
66196,1
66200,1
66204,0
66208,0
66212,4
66216,0
66220,0
66224,5
66228,2
66232,-4
66236,-4
66240,-1
66244,0
66248,3
66252,-1
66256,5
66260,2
66264,-2
66268,-4
66272,0
66276,5
66280,-2
66284,-5
66288,0
66292,5
66296,-1
66300,4
66304,3
66308,2
66312,1
66316,5
66320,-4
66324,-5
66328,-2
66332,0
66336,-3
66340,2
66344,-3
66348,-3
66352,-3
66356,-2
66360,-4
66364,5
66368,5
66372,2
66376,3
66380,-3
66384,-5
66388,1
66392,3
66396,-2
66400,4
66404,-3
66408,-3
66412,2
66416,-1
66420,-4
66424,1
66428,0
66432,-2
66436,3
66440,4
66444,-5
66448,2
66452,3
66456,-1
66460,-4
66464,1
66468,5
66472,-2
66476,-3
66480,0
66484,3
66488,5
66492,-4
66496,-5
66500,3
66504,3
66508,2
66512,2
66516,-4
66520,-4
66524,3
66528,4
66532,4
66536,0
66540,-5
66544,-5
66548,5
66552,0
66556,-3
66560,3
66564,0
66568,-3
66572,4
66576,2
66580,0
66584,-2
66588,-1
66592,-5
66596,-5
66600,-4
66604,1
66608,-5
66612,5
66616,3
66620,2
66624,-2
66628,0
66632,5
66636,1
66640,4
66644,-5
66648,-1
66652,3
66656,5
66660,-5
66664,-2
66668,-3
66672,3
66676,-5
66680,4
66684,1
66688,4
66692,-3
66696,3
66700,-4
66704,1
66708,5
66712,-5
66716,-2
66720,3
66724,0
66728,0
66732,-1
66736,-5
66740,1
66744,-3
66748,2
66752,-4
66756,-1
66760,-4
66764,-5
66768,-3
66772,-1
66776,1
66780,3
66784,-4
66788,3
66792,5
66796,-1
66800,4
66804,0
66808,-3
66812,2
66816,-3
66820,4
66824,0
66828,-3
66832,-3
66836,1
66840,-4
66844,0
66848,2
66852,2
66856,-3
66860,4
66864,5
66868,5
66872,-5
66876,-4
66880,2
66884,0
66888,0
66892,-1
66896,-5
66900,-5
66904,-5
66908,-2
66912,-3
66916,-1
66920,1
66924,4
66928,-2
66932,0
66936,-4
66940,-1
66944,-1
66948,-1
66952,-5
66956,2
66960,-4
66964,-1
66968,2
66972,-5
66976,3
66980,2
66984,1
66988,2
66992,-3
66996,3
67000,1
67004,-3
67008,-3
67012,-1
67016,4
67020,4
67024,-1
67028,-4
67032,-3
67036,-2
67040,4
67044,4
67048,1
67052,1
67056,2
67060,0
67064,-2
67068,4
67072,2
67076,4
67080,0
67084,2
67088,-5
67092,-2
67096,-5
67100,2
67104,-3
67108,5
67112,1
67116,-5
67120,-4
67124,-4
67128,-5
67132,-1
67136,1
67140,-5
67144,3
67148,0
67152,-2
67156,-1
67160,1
67164,-5
67168,4
67172,-3
67176,-4
67180,-3
67184,-4
67188,-3
67192,-3
67196,1
67200,3
67204,5
67208,3
67212,-3
67216,1
67220,0
67224,0
67228,0
67232,3
67236,-4
67240,0
67244,3
67248,-2
67252,2
67256,4
67260,2
67264,4
67268,-3
67272,-4
67276,-5
67280,5
67284,-3
67288,-1
67292,1
67296,1
67300,4
67304,-5
67308,-1
67312,-5
67316,-3
67320,1
67324,0
67328,-1
67332,3
67336,-2
67340,4
67344,-1
67348,-5
67352,4
67356,4
67360,-2
67364,-4
67368,-3
67372,-1
67376,-5
67380,4
67384,-5
67388,-4
67392,-4
67396,0
67400,-2
67404,5
67408,0
67412,-1
67416,-3
67420,-1
67424,0
67428,-5
67432,-5
67436,4
67440,-2
67444,3
67448,3
67452,-4
67456,3
67460,-3
67464,1
67468,1
67472,3
67476,-1
67480,-3
67484,5
67488,3
67492,-2
67496,-4
67500,3
67504,5
67508,-5
67512,2
67516,-4
67520,-3
67524,4
67528,2
67532,2
67536,-4
67540,-2
67544,-3
67548,-4
67552,-3
67556,5
67560,-1
67564,-2
67568,-3
67572,3
67576,2
67580,2
67584,4
67588,-2
67592,-5
67596,1
67600,4
67604,-2
67608,4
67612,-4
67616,-3
67620,5
67624,1
67628,0
67632,2
67636,4
67640,-5
67644,5
67648,-3
67652,-1
67656,-5
67660,-4
67664,2
67668,-5
67672,1
67676,1
67680,-1
67684,4
67688,1
67692,3
67696,-1
67700,1
67704,-5
67708,5
67712,-4
67716,-5
67720,1
67724,5
67728,3
67732,3
67736,-1
67740,3
67744,2
67748,1
67752,0
67756,4
67760,-4
67764,5
67768,-5
67772,-4
67776,1
67780,0
67784,-2
67788,1
67792,-1
67796,1
67800,5
67804,5
67808,3
67812,1
67816,4
67820,-4
67824,3
67828,-3
67832,2
67836,-4
67840,-3
67844,-4
67848,5
67852,4
67856,2
67860,-3
67864,0
67868,-3
67872,-3
67876,0
67880,-1
67884,-5
67888,-1
67892,-2
67896,4
67900,4
67904,2
67908,-2
67912,0
67916,0
67920,-5
67924,-1
67928,-5
67932,1
67936,-3
67940,0
67944,4
67948,2
67952,5
67956,-3
67960,3
67964,4
67968,0
67972,2
67976,1
67980,1
67984,0
67988,-5
67992,-5
67996,3
68000,0
68004,0
68008,-3
68012,2
68016,1
68020,-3
68024,5
68028,-4
68032,-4
68036,-5
68040,-4
68044,2
68048,-2
68052,1
68056,-5
68060,2
68064,0
68068,-2
68072,4
68076,1
68080,-1
68084,3
68088,0
68092,-3
68096,-4
68100,-1
68104,2
68108,-2
68112,-4
68116,-2
68120,0
68124,1
68128,-5
68132,5
68136,-3
68140,0
68144,-1
68148,-3
68152,-2
68156,-4
68160,-3
68164,-1
68168,1
68172,4
68176,4
68180,-2
68184,-5
68188,5
68192,-5
68196,-3
68200,-4
68204,-1
68208,0
68212,-4
68216,-1
68220,0
68224,2
68228,-2
68232,1
68236,4
68240,3
68244,4
68248,-4
68252,-4
68256,-4
68260,-1
68264,4
68268,2
68272,2
68276,5
68280,-4
68284,5
68288,0
68292,3
68296,2
68300,-5
68304,0
68308,-2
68312,-4
68316,2
68320,-1
68324,-5
68328,-1
68332,2
68336,1
68340,-3
68344,3
68348,4
68352,5
68356,3
68360,-1
68364,-3
68368,-4
68372,3
68376,-3
68380,1
68384,1
68388,-2
68392,3
68396,1
68400,2
68404,4
68408,0
68412,2
68416,4
68420,-2
68424,-3
68428,-3
68432,-1
68436,3
68440,0
68444,4
68448,2
68452,-2
68456,-1
68460,3
68464,4
68468,-3
68472,4
68476,0
68480,-4
68484,1
68488,-1
68492,4
68496,-2
68500,2
68504,0
68508,4
68512,3
68516,4
68520,0
68524,3
68528,1
68532,-2
68536,-3
68540,-2
68544,0
68548,4
68552,5
68556,3
68560,3
68564,2
68568,-2
68572,0
68576,0
68580,5
68584,2
68588,-5
68592,5
68596,3
68600,-1
68604,0
68608,2
68612,0
68616,-1
68620,-1
68624,-2
68628,-3
68632,1
68636,2
68640,-1
68644,2
68648,-2
68652,0
68656,2
68660,1
68664,-4
68668,4
68672,-1
68676,4
68680,5
68684,5
68688,2
68692,-4
68696,3
68700,-5
68704,-2
68708,-3
68712,3
68716,-5
68720,3
68724,4
68728,3
68732,4
68736,4
68740,4
68744,-1
68748,3
68752,3
68756,3
68760,5
68764,-1
68768,-3
68772,2
68776,-4
68780,-3
68784,-3
68788,2
68792,4
68796,0
68800,-2
68804,4
68808,5
68812,-4
68816,-2
68820,5
68824,3
68828,-1
68832,1
68836,4
68840,-4
68844,-1
68848,-3
68852,2
68856,0
68860,3
68864,3
68868,-5
68872,-3
68876,3
68880,-5
68884,0
68888,2
68892,2
68896,-2
68900,-2
68904,3
68908,-1
68912,2
68916,1
68920,-2
68924,-3
68928,-1
68932,2
68936,1
68940,1
68944,-2
68948,0
68952,-5
68956,-3
68960,1
68964,1
68968,-2
68972,-2
68976,4
68980,0
68984,3
68988,5
68992,1
68996,-1
69000,4
69004,-4
69008,-3
69012,2
69016,-4
69020,-1
69024,-4
69028,-4
69032,4
69036,-2
69040,4
69044,-1
69048,-1
69052,5
69056,2
69060,0
69064,1
69068,2
69072,-3
69076,-1
69080,4
69084,1
69088,5
69092,-5
69096,0
69100,5
69104,3
69108,2
69112,3
69116,2
69120,-3
69124,2
69128,0
69132,-1
69136,-3
69140,-1
69144,2
69148,2
69152,-4
69156,2
69160,-2
69164,-2
69168,-2
69172,-2
69176,-3
69180,-1
69184,-2
69188,-5
69192,3
69196,-3
69200,4
69204,5
69208,1
69212,1
69216,2
69220,2
69224,3
69228,2
69232,3
69236,3
69240,2
69244,5
69248,3
69252,-5
69256,0
69260,-2
69264,-4
69268,3
69272,0
69276,-3
69280,0
69284,3
69288,1
69292,-3
69296,3
69300,0
69304,-5
69308,4
69312,2
69316,0
69320,3
69324,-1
69328,-3
69332,-1
69336,-5
69340,2
69344,1
69348,5
69352,3
69356,-4
69360,5
69364,2
69368,5
69372,0
69376,5
69380,-1
69384,-2
69388,5
69392,-4
69396,-5
69400,3
69404,3
69408,-5
69412,0
69416,-4
69420,-4
69424,-1
69428,5
69432,-4
69436,-4
69440,1
69444,0
69448,1
69452,5
69456,4
69460,5
69464,-4
69468,-4
69472,-4
69476,-2
69480,3
69484,1
69488,5
69492,2
69496,1
69500,2
69504,-5
69508,-1
69512,-4
69516,2
69520,4
69524,2
69528,-2
69532,-1
69536,-3
69540,3
69544,-3
69548,1
69552,-2
69556,5
69560,2
69564,-3
69568,-5
69572,5
69576,5
69580,4
69584,-2
69588,0
69592,-5
69596,2
69600,5
69604,0
69608,-1
69612,4
69616,1
69620,3
69624,4
69628,5
69632,-5
69636,4
69640,-2
69644,-4
69648,2
69652,0
69656,1
69660,1
69664,4
69668,4
69672,4
69676,1
69680,3
69684,-5
69688,-3
69692,5
69696,-5
69700,-2
69704,-4
69708,3
69712,4
69716,0
69720,-3
69724,-3
69728,5
69732,2
69736,-2
69740,4
69744,2
69748,3
69752,-4
69756,3
69760,-2
69764,3
69768,3
69772,4
69776,0
69780,4
69784,-5
69788,-2
69792,3
69796,-1
69800,-2
69804,4
69808,1
69812,-3
69816,3
69820,-2
69824,-1
69828,-3
69832,3
69836,-1
69840,5
69844,1
69848,2
69852,-3
69856,3
69860,4
69864,5
69868,-5
69872,3
69876,-3
69880,4
69884,1
69888,3
69892,-2
69896,5
69900,2
69904,2
69908,4
69912,-5
69916,3
69920,-3
69924,5
69928,2
69932,3
69936,0
69940,-4
69944,-2
69948,1
69952,3
69956,-5
69960,1
69964,-3
69968,5
69972,4
69976,3
69980,0
69984,-4
69988,-2
69992,2
69996,-2
70000,-1
70004,1
70008,-4
70012,3
70016,-5
70020,-3
70024,0
70028,0
70032,4
70036,0
70040,-2
70044,-4
70048,2
70052,1
70056,0
70060,-4
70064,2
70068,-5
70072,-3
70076,2
70080,1
70084,0
70088,5
70092,4
70096,-3
70100,0
70104,-1
70108,-1
70112,-4
70116,5
70120,2
70124,4
70128,2
70132,1
70136,-3
70140,0
70144,-3
70148,-5
70152,5
70156,4
70160,-1
70164,4
70168,2
70172,-4
70176,-4
70180,4
70184,-5
70188,1
70192,0
70196,-1
70200,-2
70204,-4
70208,1
70212,-5
70216,-2
70220,-3
70224,5
70228,2
70232,5
70236,-1
70240,5
70244,-1
70248,1
70252,4
70256,-1
70260,4
70264,-3
70268,3
70272,5
70276,-1
70280,2
70284,1
70288,1
70292,4
70296,-5
70300,3
70304,4
70308,-4
70312,4
70316,4
70320,-2
70324,-1
70328,0
70332,3
70336,-5
70340,3
70344,-5
70348,-4
70352,2
70356,-2
70360,3
70364,-1
70368,4
70372,-3
70376,0
70380,-3
70384,4
70388,-2
70392,1
70396,-5
70400,4
70404,2
70408,5
70412,0
70416,-4
70420,-4
70424,-1
70428,0
70432,-1
70436,4
70440,-2
70444,-2
70448,-5
70452,-4
70456,5
70460,-2
70464,3
70468,-2
70472,0
70476,-4
70480,-2
70484,-3
70488,-4
70492,-5
70496,1
70500,0
70504,5
70508,-2
70512,1
70516,-2
70520,0
70524,-3
70528,-3
70532,-4
70536,-2
70540,2
70544,0
70548,-2
70552,-5
70556,5
70560,1
70564,2
70568,1
70572,2
70576,1
70580,3
70584,0
70588,-2
70592,-2
70596,-4
70600,-1
70604,0
70608,4
70612,3
70616,0
70620,-1
70624,5
70628,-5
70632,-5
70636,-5
70640,4
70644,-1
70648,-4
70652,3
70656,-1
70660,-3
70664,-2
70668,-4
70672,4
70676,2
70680,0
70684,-2
70688,-1
70692,-4
70696,-3
70700,-1
70704,3
70708,-4
70712,-1
70716,-4
70720,5
70724,5
70728,4
70732,-5
70736,-4
70740,-2
70744,4
70748,3
70752,3
70756,1
70760,-5
70764,-1
70768,3
70772,-5
70776,3
70780,0
70784,-3
70788,5
70792,-2
70796,3
70800,-1
70804,3
70808,-2
70812,2
70816,-2
70820,2
70824,4
70828,-5
70832,3
70836,3
70840,-5
70844,-5
70848,1
70852,2
70856,5
70860,-1
70864,-1
70868,-5
70872,-4
70876,-4
70880,-1
70884,4
70888,-4
70892,-3
70896,-3
70900,-2
70904,0
70908,5
70912,2
70916,2
70920,5
70924,-5
70928,1
70932,1
70936,5
70940,1
70944,4
70948,5
70952,4
70956,5
70960,1
70964,5
70968,-4
70972,3
70976,-1
70980,-2
70984,-5
70988,2
70992,5
70996,-5
71000,-1
71004,4
71008,4
71012,3
71016,5
71020,1
71024,-4
71028,-1
71032,1
71036,0
71040,5
71044,5
71048,2
71052,0
71056,-1
71060,-5
71064,4
71068,-1
71072,0
71076,-1
71080,-5
71084,-5
71088,0
71092,5
71096,-4
71100,-3
71104,0
71108,1
71112,-3
71116,3
71120,0
71124,1
71128,-4
71132,-4
71136,-3
71140,-1
71144,-5
71148,4
71152,1
71156,1
71160,4
71164,2
71168,-2
71172,-4
71176,2
71180,-3
71184,-1
71188,-4
71192,3
71196,-2
71200,0
71204,-1
71208,1
71212,0
71216,-3
71220,-1
71224,-2
71228,2
71232,4
71236,4
71240,0
71244,0
71248,-3
71252,-4
71256,-5
71260,2
71264,-3
71268,-5
71272,2
71276,-4
71280,-1
71284,3
71288,-2
71292,2
71296,0
71300,-2
71304,-2
71308,2
71312,-4
71316,3
71320,-1
71324,-4
71328,-1
71332,-5
71336,-3
71340,1
71344,-5
71348,2
71352,4
71356,3
71360,-1
71364,2
71368,3
71372,1
71376,1
71380,-4
71384,1
71388,-3
71392,-1
71396,0
71400,-1
71404,-5
71408,1
71412,5
71416,3
71420,0
71424,-2
71428,-2
71432,-3
71436,-4
71440,5
71444,-4
71448,5
71452,5
71456,0
71460,-5
71464,2
71468,3
71472,3
71476,0
71480,5
71484,-3
71488,5
71492,-1
71496,3
71500,-1
71504,-1
71508,1
71512,-5
71516,2
71520,2
71524,0
71528,1
71532,2
71536,0
71540,5
71544,-1
71548,4
71552,-4
71556,3
71560,-4
71564,-3
71568,3
71572,3
71576,2
71580,4
71584,0
71588,0
71592,0
71596,-1
71600,0
71604,-1
71608,5
71612,-5
71616,-3
71620,-1
71624,0
71628,-2
71632,-1
71636,0
71640,0
71644,5
71648,4
71652,5
71656,-4
71660,-1
71664,4
71668,-1
71672,-1
71676,1
71680,-3
71684,4
71688,2
71692,-3
71696,2
71700,4
71704,-2
71708,0
71712,0
71716,1
71720,5
71724,-3
71728,3
71732,3
71736,1
71740,-4
71744,-5
71748,-2
71752,-3
71756,-3
71760,2
71764,3
71768,-2
71772,3
71776,5
71780,1
71784,1
71788,0
71792,5
71796,4
71800,-5
71804,-4
71808,-4
71812,-5
71816,5
71820,-2
71824,1
71828,4
71832,1
71836,-4
71840,2
71844,4
71848,-4
71852,0
71856,0
71860,-3
71864,4
71868,5
71872,0
71876,-4
71880,-3
71884,0
71888,-3
71892,0
71896,-2
71900,-1
71904,-3
71908,3
71912,5
71916,4
71920,3
71924,3
71928,1
71932,4
71936,3
71940,-3
71944,-2
71948,5
71952,-4
71956,5
71960,5
71964,3
71968,5
71972,-3
71976,3
71980,1
71984,-4
71988,4
71992,2
71996,-5
72000,-1
72004,-1
72008,0
72012,-2
72016,-2
72020,5
72024,2
72028,-2
72032,-1
72036,3
72040,-4
72044,4
72048,2
72052,3
72056,-1
72060,-2
72064,-5
72068,2
72072,-5
72076,2
72080,4
72084,4
72088,-4
72092,-1
72096,3
72100,-5
72104,-1
72108,2
72112,-2
72116,4
72120,1
72124,4
72128,-5
72132,3
72136,-3
72140,1
72144,-1
72148,4
72152,5
72156,0
72160,-3
72164,4
72168,-2
72172,-1
72176,-5
72180,5
72184,3
72188,0
72192,0
72196,-4
72200,3
72204,-5
72208,3
72212,-3
72216,3
72220,1
72224,1
72228,0
72232,0
72236,-5
72240,4
72244,-1
72248,-5
72252,1
72256,-3
72260,2
72264,5
72268,-4
72272,-3
72276,-5
72280,5
72284,1
72288,2
72292,2
72296,-4
72300,1
72304,1
72308,-2
72312,-4
72316,-2
72320,3
72324,2
72328,5
72332,3
72336,3
72340,1
72344,1
72348,-4
72352,-2
72356,3
72360,-5
72364,0
72368,3
72372,-3
72376,3
72380,4
72384,4
72388,1
72392,2
72396,5
72400,-3
72404,-3
72408,2
72412,4
72416,2
72420,-3
72424,-5
72428,1
72432,5
72436,-2
72440,-5
72444,-1
72448,1
72452,2
72456,-2
72460,0
72464,-1
72468,2
72472,-3
72476,-1
72480,0
72484,1
72488,4
72492,-1
72496,2
72500,3
72504,-2
72508,-5
72512,0
72516,-5
72520,1
72524,-3
72528,4
72532,-4
72536,-1
72540,1
72544,5
72548,3
72552,2
72556,3
72560,5
72564,-2
72568,2
72572,3
72576,0
72580,1
72584,-2
72588,-3
72592,-2
72596,0
72600,2
72604,0
72608,-3
72612,1
72616,3
72620,4
72624,2
72628,1
72632,4
72636,3
72640,4
72644,1
72648,3
72652,-4
72656,1
72660,1
72664,0
72668,-1
72672,-3
72676,1
72680,-5
72684,-1
72688,-5
72692,-5
72696,-4
72700,-5
72704,-4
72708,5
72712,1
72716,3
72720,4
72724,0
72728,5
72732,3
72736,3
72740,5
72744,2
72748,-1
72752,-4
72756,-5
72760,5
72764,0
72768,-4
72772,3
72776,0
72780,4
72784,-3
72788,-1
72792,-1
72796,1
72800,-4
72804,-1
72808,-3
72812,2
72816,-3
72820,-3
72824,-1
72828,5
72832,-1
72836,-3
72840,3
72844,-3
72848,3
72852,-2
72856,-4
72860,-1
72864,-5
72868,2
72872,-5
72876,-3
72880,-3
72884,-2
72888,1
72892,3
72896,0
72900,-5
72904,4
72908,5
72912,-1
72916,-5
72920,3
72924,-2
72928,5
72932,-3
72936,2
72940,-2
72944,1
72948,-4
72952,-4
72956,4
72960,-3
72964,2
72968,-2
72972,2
72976,-2
72980,1
72984,4
72988,-3
72992,-1
72996,1
73000,3
73004,-5
73008,4
73012,-5
73016,-2
73020,1
73024,3
73028,-5
73032,-5
73036,-3
73040,1
73044,-3
73048,-3
73052,-2
73056,-4
73060,-1
73064,-1
73068,3
73072,2
73076,-5
73080,1
73084,0
73088,0
73092,-1
73096,3
73100,0
73104,-4
73108,-2
73112,-5
73116,2
73120,-1
73124,5
73128,-1
73132,3
73136,4
73140,1
73144,-1
73148,-4
73152,4
73156,2
73160,2
73164,1
73168,-4
73172,-5
73176,1
73180,5
73184,2
73188,0
73192,5
73196,-5
73200,-5
73204,0
73208,-3
73212,-3
73216,2
73220,-4
73224,-3
73228,0
73232,-1
73236,2
73240,3
73244,-2
73248,-2
73252,-4
73256,-4
73260,0
73264,-1
73268,2
73272,2
73276,-2
73280,3
73284,4
73288,-3
73292,-5
73296,-1
73300,4
73304,-5
73308,-3
73312,-1
73316,0
73320,-3
73324,3
73328,-5
73332,3
73336,-5
73340,-5
73344,1
73348,5
73352,1
73356,2
73360,-5
73364,1
73368,4
73372,-5
73376,0
73380,4
73384,4
73388,1
73392,1
73396,-4
73400,4
73404,-1
73408,-4
73412,1
73416,-5
73420,-2
73424,-3
73428,-3
73432,-2
73436,3
73440,4
73444,-2
73448,0
73452,-2
73456,5
73460,-5
73464,2
73468,0
73472,0
73476,-4
73480,2
73484,-4
73488,-4
73492,3
73496,1
73500,3
73504,-4
73508,2
73512,-1
73516,-5
73520,0
73524,2
73528,4
73532,3
73536,3
73540,5
73544,3
73548,1
73552,5
73556,-2
73560,-5
73564,1
73568,-3
73572,5
73576,2
73580,-5
73584,-2
73588,0
73592,1
73596,-4
73600,5
73604,-5
73608,4
73612,-5
73616,-4
73620,4
73624,0
73628,5
73632,-2
73636,-4
73640,3
73644,-5
73648,1
73652,-3
73656,1
73660,-5
73664,-1
73668,0
73672,-5
73676,-4
73680,-5
73684,3
73688,3
73692,4
73696,-3
73700,4
73704,1
73708,4
73712,1
73716,-5
73720,-4
73724,4
73728,-3
73732,2
73736,-2
73740,-4
73744,-5
73748,5
73752,0
73756,2
73760,-5
73764,-2
73768,4
73772,2
73776,0
73780,-1
73784,0
73788,-4
73792,1
73796,-3
73800,-3
73804,3
73808,5
73812,-4
73816,5
73820,1
73824,1
73828,-1
73832,-1
73836,2
73840,3
73844,-5
73848,4
73852,0
73856,4
73860,5
73864,-5
73868,-3
73872,5
73876,5
73880,5
73884,-5
73888,4
73892,4
73896,-2
73900,3
73904,-2
73908,0
73912,-5
73916,-1
73920,-2
73924,5
73928,4
73932,-2
73936,-5
73940,3
73944,1
73948,-5
73952,2
73956,5
73960,-4
73964,1
73968,3
73972,0
73976,1
73980,-5
73984,1
73988,2
73992,4
73996,-4
74000,3
74004,5
74008,1
74012,4
74016,4
74020,-1
74024,4
74028,-4
74032,-1
74036,5
74040,5
74044,-5
74048,3
74052,2
74056,-1
74060,4
74064,-4
74068,4
74072,-2
74076,3
74080,2
74084,2
74088,5
74092,1
74096,-3
74100,-2
74104,1
74108,-4
74112,1
74116,-4
74120,-3
74124,2
74128,-5
74132,5
74136,-5
74140,-1
74144,1
74148,0
74152,5
74156,-2
74160,0
74164,2
74168,-3
74172,-1
74176,4
74180,-2
74184,-2
74188,1
74192,-2
74196,4
74200,-5
74204,3
74208,2
74212,-3
74216,0
74220,2
74224,1
74228,2
74232,1
74236,3
74240,-5
74244,0
74248,5
74252,-3
74256,1
74260,4
74264,-3
74268,3
74272,0
74276,-3
74280,-5
74284,-5
74288,-4
74292,2
74296,5
74300,3
74304,3
74308,-5
74312,1
74316,-2
74320,2
74324,-4
74328,5
74332,-5
74336,5
74340,-5
74344,3
74348,5
74352,-2
74356,-5
74360,-1
74364,-3
74368,-5
74372,-1
74376,3
74380,0
74384,3
74388,-2
74392,5
74396,-1
74400,5
74404,-3
74408,3
74412,2
74416,-3
74420,-5
74424,-3
74428,-1
74432,3
74436,2
74440,0
74444,-2
74448,3
74452,-1
74456,-1
74460,5
74464,-4
74468,1
74472,2
74476,2
74480,3
74484,-4
74488,-2
74492,0
74496,5
74500,1
74504,-5
74508,5
74512,0
74516,3
74520,3
74524,-2
74528,3
74532,2
74536,5
74540,-4
74544,-1
74548,2
74552,2
74556,0
74560,3
74564,1
74568,0
74572,-1
74576,3
74580,-1
74584,-4
74588,-4
74592,4
74596,-2
74600,-2
74604,-5
74608,-3
74612,-2
74616,-5
74620,-1
74624,-1
74628,0
74632,1
74636,-1
74640,-1
74644,2
74648,2
74652,-1
74656,4
74660,1
74664,2
74668,-4
74672,-2
74676,3
74680,-2
74684,1
74688,-2
74692,-1
74696,-3
74700,5
74704,-2
74708,3
74712,-5
74716,5
74720,2
74724,-1
74728,-2
74732,0
74736,-5
74740,0
74744,4
74748,4
74752,-3
74756,2
74760,4
74764,0
74768,3
74772,-1
74776,4
74780,2
74784,3
74788,0
74792,5
74796,-2
74800,-1
74804,4
74808,2
74812,-4
74816,4
74820,2
74824,1
74828,-2
74832,-2
74836,3
74840,-4
74844,0
74848,0
74852,3
74856,1
74860,-1
74864,3
74868,-3
74872,-1
74876,1
74880,-1
74884,-3
74888,2
74892,-4
74896,2
74900,5
74904,2
74908,-1
74912,-3
74916,4
74920,-1
74924,-5
74928,5
74932,2
74936,2
74940,0
74944,3
74948,-3
74952,-2
74956,1
74960,-1
74964,1
74968,-4
74972,1
74976,5
74980,5
74984,3
74988,-2
74992,1
74996,5
75000,-4
75004,-5
75008,-3
75012,2
75016,2
75020,2
75024,3
75028,-2
75032,2
75036,-4
75040,5
75044,-3
75048,-5
75052,2
75056,-4
75060,3
75064,-4
75068,-3
75072,0
75076,-5
75080,4
75084,-5
75088,-1
75092,-2
75096,-2
75100,-4
75104,4
75108,-2
75112,2
75116,-5
75120,-3
75124,-5
75128,-4
75132,-3
75136,-5
75140,-3
75144,0
75148,-1
75152,0
75156,1
75160,-1
75164,-4
75168,-2
75172,1
75176,-1
75180,-4
75184,3
75188,-5
75192,-3
75196,5
75200,-2
75204,4
75208,-3
75212,3
75216,4
75220,-1
75224,-4
75228,3
75232,1
75236,2
75240,2
75244,2
75248,5
75252,0
75256,1
75260,-1
75264,-3
75268,-3
75272,-1
75276,5
75280,1
75284,-1
75288,3
75292,-3
75296,-1
75300,-2
75304,3
75308,1
75312,0
75316,-2
75320,-4
75324,-5
75328,5
75332,1
75336,4
75340,-1
75344,4
75348,-4
75352,-5
75356,3
75360,1
75364,-2
75368,1
75372,5
75376,-1
75380,-5
75384,3
75388,-5
75392,-1
75396,2
75400,-5
75404,-3
75408,0
75412,-4
75416,-3
75420,0
75424,-2
75428,-3
75432,-2
75436,-3
75440,5
75444,-3
75448,2
75452,3
75456,-5
75460,-3
75464,-1
75468,4
75472,-2
75476,-2
75480,-2
75484,-1
75488,-2
75492,-5
75496,-2
75500,2
75504,-2
75508,-1
75512,1
75516,3
75520,3
75524,-2
75528,-5
75532,-4
75536,-5
75540,-1
75544,1
75548,-1
75552,1
75556,5
75560,3
75564,1
75568,1
75572,5
75576,-1
75580,-4
75584,1
75588,2
75592,-2
75596,2
75600,1
75604,4
75608,-5
75612,4
75616,-1
75620,1
75624,4
75628,0
75632,0
75636,4
75640,3
75644,2
75648,-2
75652,-4
75656,-3
75660,0
75664,-4
75668,2
75672,3
75676,2
75680,5
75684,-2
75688,3
75692,-3
75696,-3
75700,3
75704,1
75708,3
75712,2
75716,-1
75720,3
75724,0
75728,3
75732,-5
75736,3
75740,1
75744,-3
75748,4
75752,2
75756,1
75760,0
75764,5
75768,0
75772,1
75776,1
75780,0
75784,3
75788,-3
75792,3
75796,2
75800,1
75804,0
75808,1
75812,-2
75816,-5
75820,-2
75824,3
75828,-2
75832,4
75836,-3
75840,5
75844,-1
75848,-2
75852,-4
75856,5
75860,3
75864,2
75868,1
75872,1
75876,4
75880,-5
75884,0
75888,-2
75892,-4
75896,-3
75900,5
75904,1
75908,5
75912,-4
75916,-3
75920,-2
75924,3
75928,2
75932,-4
75936,-4
75940,2
75944,-2
75948,2
75952,3
75956,1
75960,-3
75964,-1
75968,5
75972,0
75976,4
75980,5
75984,-2
75988,1
75992,5
75996,-1
76000,-4
76004,5
76008,5
76012,-3
76016,0
76020,-2
76024,2
76028,5
76032,3
76036,2
76040,-2
76044,0
76048,1
76052,4
76056,1
76060,-2
76064,2
76068,3
76072,1
76076,-2
76080,2
76084,-4
76088,2
76092,1
76096,-2
76100,2
76104,5
76108,-3
76112,-3
76116,-2
76120,0
76124,-5
76128,0
76132,0
76136,3
76140,2
76144,-1
76148,-5
76152,-3
76156,-3
76160,-3
76164,5
76168,0
76172,3
76176,4
76180,4
76184,3
76188,-3
76192,5
76196,-3
76200,-2
76204,4
76208,4
76212,1
76216,5
76220,1
76224,-2
76228,-3
76232,2
76236,1
76240,4
76244,-3
76248,0
76252,-1
76256,1
76260,3
76264,0
76268,-2
76272,-4
76276,0
76280,5
76284,0
76288,-1
76292,2
76296,5
76300,3
76304,-5
76308,-4
76312,1
76316,3
76320,-1
76324,5
76328,-1
76332,5
76336,0
76340,5
76344,0
76348,-5
76352,-1
76356,-4
76360,4
76364,4
76368,-1
76372,-1
76376,2
76380,-2
76384,0
76388,3
76392,-4
76396,2
76400,2
76404,-5
76408,3
76412,-2
76416,3
76420,1
76424,0
76428,0
76432,-5
76436,4
76440,-2
76444,-4
76448,5
76452,4
76456,-4
76460,-5
76464,2
76468,-4
76472,-2
76476,4
76480,5
76484,-2
76488,4
76492,-1
76496,2
76500,-5
76504,-1
76508,3
76512,3
76516,-4
76520,-5
76524,-2
76528,2
76532,-1
76536,4
76540,0
76544,-3
76548,-3
76552,-2
76556,-4
76560,-5
76564,-1
76568,-5
76572,-5
76576,-3
76580,-1
76584,-5
76588,-2
76592,3
76596,0
76600,-1
76604,4
76608,-3
76612,3
76616,1
76620,-3
76624,4
76628,-2
76632,-3
76636,3
76640,1
76644,-4
76648,5
76652,-4
76656,3
76660,3
76664,-4
76668,-4
76672,-3
76676,0
76680,-5
76684,-4
76688,-4
76692,1
76696,2
76700,4
76704,-2
76708,-5
76712,3
76716,0
76720,5
76724,-4
76728,-1
76732,1
76736,-3
76740,1
76744,5
76748,3
76752,1
76756,-4
76760,-1
76764,-4
76768,4
76772,1
76776,-2
76780,-5
76784,-5
76788,3
76792,-4
76796,5
76800,2
76804,3
76808,-5
76812,1
76816,1
76820,2
76824,1
76828,-5
76832,-3
76836,2
76840,-5
76844,-3
76848,5
76852,-4
76856,3
76860,0
76864,0
76868,3
76872,0
76876,2
76880,0
76884,-4
76888,-4
76892,-2
76896,5
76900,1
76904,3
76908,-3
76912,-2
76916,5
76920,-1
76924,-1
76928,-1
76932,-2
76936,2
76940,3
76944,4
76948,2
76952,-5
76956,-3
76960,1
76964,-4
76968,0
76972,0
76976,-4
76980,-1
76984,-1
76988,5
76992,0
76996,1
77000,3
77004,1
77008,-3
77012,1
77016,3
77020,5
77024,5
77028,-4
77032,2
77036,4
77040,-5
77044,2
77048,0
77052,3
77056,1
77060,-2
77064,5
77068,-1
77072,0
77076,5
77080,5
77084,1
77088,-3
77092,-2
77096,3
77100,-1
77104,3
77108,-1
77112,0
77116,3
77120,-5
77124,-1
77128,1
77132,3
77136,-5
77140,-2
77144,-2
77148,0
77152,1
77156,3
77160,-4
77164,-3
77168,-5
77172,0
77176,-2
77180,4
77184,5
77188,3
77192,5
77196,-4
77200,5
77204,5
77208,4
77212,-1
77216,-2
77220,2
77224,0
77228,-5
77232,2
77236,3
77240,1
77244,0
77248,4
77252,1
77256,-1
77260,-5
77264,-2
77268,-3
77272,-2
77276,1
77280,-2
77284,-3
77288,5
77292,-5
77296,-2
77300,5
77304,1
77308,5
77312,-1
77316,-3
77320,4
77324,-3
77328,2
77332,3
77336,4
77340,5
77344,0
77348,2
77352,3
77356,4
77360,-1
77364,4
77368,-2
77372,-5
77376,-1
77380,-4
77384,-1
77388,3
77392,-2
77396,4
77400,-5
77404,1
77408,-2
77412,-1
77416,3
77420,3
77424,0
77428,4
77432,5
77436,5
77440,-4
77444,1
77448,-4
77452,-5
77456,-1
77460,5
77464,-5
77468,4
77472,-1
77476,-3
77480,0
77484,3
77488,-4
77492,1
77496,-3
77500,-3
77504,0
77508,-3
77512,-1
77516,-2
77520,1
77524,0
77528,-3
77532,1
77536,-3
77540,-2
77544,3
77548,-2
77552,1
77556,1
77560,3
77564,-2
77568,-1
77572,0
77576,-2
77580,-4
77584,0
77588,4
77592,-2
77596,-2
77600,1
77604,0
77608,0
77612,5
77616,0
77620,0
77624,-5
77628,-5
77632,3
77636,-2
77640,2
77644,1
77648,-2
77652,-3
77656,-1
77660,-5
77664,-1
77668,2
77672,-3
77676,-5
77680,-3
77684,-3
77688,5
77692,-4
77696,4
77700,4
77704,-4
77708,3
77712,-5
77716,1
77720,-3
77724,-3
77728,2
77732,-4
77736,-4
77740,-1
77744,-5
77748,1
77752,3
77756,0
77760,0
77764,3
77768,4
77772,5
77776,4
77780,0
77784,-5
77788,3
77792,0
77796,5
77800,1
77804,-2
77808,-4
77812,5
77816,-2
77820,3
77824,-5
77828,1
77832,-1
77836,5
77840,2
77844,3
77848,5
77852,-4
77856,-2
77860,-2
77864,-3
77868,-1
77872,4
77876,1
77880,-3
77884,-3
77888,-1
77892,5
77896,-3
77900,3
77904,2
77908,0
77912,5
77916,2
77920,2
77924,-4
77928,-3
77932,4
77936,3
77940,-4
77944,4
77948,1
77952,-4
77956,3
77960,-3
77964,0
77968,-3
77972,-3
77976,0
77980,1
77984,1
77988,5
77992,2
77996,-3
78000,-5
78004,1
78008,-2
78012,-4
78016,-3
78020,-2
78024,0
78028,2
78032,-2
78036,-5
78040,-5
78044,4
78048,-1
78052,5
78056,4
78060,2
78064,4
78068,5
78072,-2
78076,-2
78080,-5
78084,0
78088,-1
78092,-4
78096,-1
78100,-4
78104,-1
78108,-4
78112,-5
78116,5
78120,1
78124,5
78128,-4
78132,1
78136,2
78140,5
78144,-1
78148,-3
78152,-5
78156,-2
78160,-1
78164,2
78168,0
78172,-4
78176,5
78180,-4
78184,-4
78188,-1
78192,5
78196,1
78200,-2
78204,0
78208,-5
78212,-1
78216,-4
78220,-1
78224,-4
78228,-3
78232,-5
78236,-2
78240,2
78244,4
78248,5
78252,1
78256,-4
78260,3
78264,2
78268,4
78272,-1
78276,-4
78280,2
78284,1
78288,5
78292,1
78296,3
78300,2
78304,2
78308,5
78312,4
78316,5
78320,-2
78324,4
78328,4
78332,-1
78336,0
78340,-5
78344,1
78348,3
78352,3
78356,3
78360,-2
78364,-2
78368,5
78372,-1
78376,4
78380,-1
78384,0
78388,-3
78392,1
78396,-3
78400,-1
78404,4
78408,-2
78412,-5
78416,-4
78420,3
78424,-5
78428,-3
78432,0
78436,2
78440,2
78444,1
78448,-3
78452,1
78456,3
78460,-2
78464,0
78468,-1
78472,1
78476,-4
78480,-4
78484,-3
78488,-4
78492,-2
78496,-5
78500,1
78504,-4
78508,-5
78512,-2
78516,-4
78520,0
78524,1
78528,5
78532,3
78536,4
78540,5
78544,4
78548,-3
78552,5
78556,2
78560,-2
78564,-5
78568,-2
78572,4
78576,3
78580,3
78584,-2
78588,-2
78592,-3
78596,-1
78600,3
78604,-4
78608,-3
78612,-1
78616,-3
78620,-3
78624,-4
78628,4
78632,-3
78636,0
78640,-2
78644,2
78648,0
78652,1
78656,-3
78660,-5
78664,2
78668,-2
78672,4
78676,4
78680,-3
78684,0
78688,1
78692,-1
78696,5
78700,-5
78704,2
78708,-1
78712,-2
78716,4
78720,5
78724,3
78728,4
78732,1
78736,2
78740,-2
78744,-5
78748,2
78752,-5
78756,1
78760,5
78764,3
78768,-4
78772,1
78776,-5
78780,-4
78784,3
78788,-1
78792,2
78796,-2
78800,-4
78804,-4
78808,1
78812,2
78816,-4
78820,-2
78824,-1
78828,3
78832,2
78836,4
78840,-1
78844,0
78848,-1
78852,5
78856,0
78860,-1
78864,4
78868,-5
78872,2
78876,-2
78880,-5
78884,-3
78888,3
78892,-3
78896,0
78900,0
78904,4
78908,3
78912,5
78916,-1
78920,1
78924,-3
78928,-3
78932,3
78936,-5
78940,3
78944,-1
78948,-3
78952,3
78956,-2
78960,4
78964,3
78968,3
78972,-5
78976,-5
78980,-2
78984,2
78988,2
78992,-2
78996,-4
79000,3
79004,-3
79008,5
79012,3
79016,0
79020,-3
79024,5
79028,-5
79032,-1
79036,-4
79040,5
79044,-3
79048,1
79052,-1
79056,1
79060,1
79064,5
79068,-4
79072,-3
79076,-3
79080,1
79084,1
79088,2
79092,4
79096,-5
79100,-4
79104,-3
79108,5
79112,-5
79116,-4
79120,1
79124,-4
79128,0
79132,2
79136,-4
79140,0
79144,-2
79148,0
79152,-3
79156,4
79160,5
79164,4
79168,-4
79172,-2
79176,3
79180,0
79184,3
79188,-5
79192,-3
79196,-5
79200,1
79204,-4
79208,3
79212,0
79216,-2
79220,-3
79224,0
79228,2
79232,-1
79236,1
79240,-5
79244,4
79248,5
79252,-2
79256,-3
79260,-4
79264,-3
79268,5
79272,4
79276,5
79280,-2
79284,0
79288,4
79292,3
79296,-4
79300,1
79304,4
79308,0
79312,-3
79316,-1
79320,-3
79324,0
79328,2
79332,-2
79336,0
79340,-3
79344,-5
79348,3
79352,2
79356,-1
79360,4
79364,2
79368,0
79372,-5
79376,-2
79380,-2
79384,2
79388,-5
79392,5
79396,5
79400,-1
79404,2
79408,-1
79412,0
79416,5
79420,1
79424,-5
79428,-5
79432,-2
79436,-4
79440,-3
79444,-2
79448,3
79452,2
79456,-1
79460,5
79464,1
79468,4
79472,4
79476,4
79480,1
79484,3
79488,5
79492,5
79496,-3
79500,-1
79504,3
79508,5
79512,-3
79516,-3
79520,-5
79524,5
79528,-3
79532,1
79536,2
79540,0
79544,5
79548,3
79552,-2
79556,1
79560,-2
79564,-4
79568,-5
79572,-1
79576,0
79580,-1
79584,5
79588,0
79592,2
79596,0
79600,-5
79604,5
79608,-1
79612,4
79616,-4
79620,-3
79624,0
79628,5
79632,-2
79636,-3
79640,2
79644,0
79648,-2
79652,-5
79656,1
79660,0
79664,1
79668,3
79672,-1
79676,-2
79680,5
79684,-2
79688,3
79692,2
79696,-3
79700,1
79704,5
79708,-5
79712,0
79716,1
79720,5
79724,5
79728,2
79732,3
79736,-2
79740,1
79744,-1
79748,0
79752,-2
79756,-3
79760,-4
79764,-5
79768,0
79772,0
79776,3
79780,1
79784,4
79788,-2
79792,2
79796,-4
79800,3
79804,3
79808,-4
79812,4
79816,5
79820,5
79824,3
79828,-5
79832,4
79836,-2
79840,1
79844,1
79848,-3
79852,4
79856,1
79860,2
79864,3
79868,-1
79872,3
79876,3
79880,2
79884,2
79888,3
79892,-5
79896,-3
79900,-2
79904,3
79908,5
79912,5
79916,-4
79920,0
79924,-4
79928,5
79932,2
79936,-5
79940,-1
79944,5
79948,1
79952,-3
79956,-4
79960,-5
79964,-1
79968,0
79972,0
79976,-3
79980,-5
79984,-1
79988,-4
79992,-5
79996,-3
80000,2
80004,2
80008,0
80012,-3
80016,3
80020,-3
80024,-1
80028,1
80032,3
80036,0
80040,0
80044,-2
80048,3
80052,1
80056,-1
80060,-1
80064,-3
80068,5
80072,-4
80076,-3
80080,0
80084,-1
80088,-5
80092,4
80096,0
80100,-1
80104,3
80108,0
80112,4
80116,1
80120,5
80124,-5
80128,-3
80132,2
80136,4
80140,1
80144,-2
80148,1
80152,5
80156,2
80160,-2
80164,-3
80168,5
80172,-1
80176,-5
80180,-5
80184,-2
80188,0
80192,-3
80196,-5
80200,1
80204,-4
80208,4
80212,1
80216,3
80220,-4
80224,-3
80228,4
80232,5
80236,4
80240,2
80244,5
80248,-1
80252,4
80256,4
80260,-4
80264,3
80268,3
80272,3
80276,2
80280,0
80284,-1
80288,0
80292,3
80296,4
80300,3
80304,-2
80308,1
80312,-5
80316,3
80320,4
80324,-4
80328,-3
80332,-3
80336,1
80340,0
80344,1
80348,-2
80352,4
80356,-1
80360,2
80364,-4
80368,2
80372,1
80376,2
80380,0
80384,5
80388,-3
80392,4
80396,-4
80400,5
80404,1
80408,0
80412,3
80416,-5
80420,1
80424,-3
80428,4
80432,3
80436,-1
80440,1
80444,-4
80448,-2
80452,1
80456,0
80460,5
80464,0
80468,-5
80472,5
80476,0
80480,1
80484,4
80488,5
80492,0
80496,5
80500,-2
80504,2
80508,-3
80512,-2
80516,-3
80520,3
80524,-5
80528,2
80532,-1
80536,-4
80540,-1
80544,0
80548,-4
80552,-3
80556,-4
80560,3
80564,0
80568,2
80572,4
80576,3
80580,-2
80584,-2
80588,5
80592,-5
80596,5
80600,4
80604,-2
80608,1
80612,1
80616,5
80620,1
80624,-1
80628,3
80632,4
80636,3
80640,5
80644,-5
80648,4
80652,-3
80656,-5
80660,2
80664,-5
80668,-2
80672,-5
80676,-3
80680,2
80684,-1
80688,2
80692,5
80696,-5
80700,0
80704,0
80708,5
80712,2
80716,1
80720,2
80724,1
80728,-5
80732,5
80736,4
80740,-2
80744,4
80748,4
80752,-5
80756,-2
80760,3
80764,-2
80768,4
80772,-4
80776,-5
80780,0
80784,-5
80788,-2
80792,-5
80796,0
80800,3
80804,-1
80808,3
80812,0
80816,4
80820,3
80824,3
80828,3
80832,-2
80836,-5
80840,5
80844,4
80848,-3
80852,4
80856,1
80860,-5
80864,-4
80868,1
80872,4
80876,3
80880,-1
80884,-1
80888,5
80892,0
80896,5
80900,-2
80904,4
80908,-4
80912,-1
80916,2
80920,-5
80924,1
80928,4
80932,-1
80936,1
80940,-3
80944,-2
80948,4
80952,-5
80956,0
80960,3
80964,-3
80968,-1
80972,-5
80976,4
80980,1
80984,-4
80988,4
80992,-2
80996,-5
81000,-5
81004,-5
81008,-5
81012,-2
81016,-1
81020,1
81024,-4
81028,-2
81032,-3
81036,0
81040,2
81044,5
81048,-4
81052,2
81056,-4
81060,5
81064,-1
81068,1
81072,-3
81076,-1
81080,-3
81084,2
81088,-2
81092,5
81096,-4
81100,5
81104,5
81108,1
81112,-5
81116,-1
81120,4
81124,-4
81128,-3
81132,4
81136,-3
81140,4
81144,-1
81148,0
81152,0
81156,-1
81160,-4
81164,0
81168,3
81172,-1
81176,-3
81180,-5
81184,-3
81188,-3
81192,5
81196,2
81200,0
81204,4
81208,-2
81212,1
81216,-2
81220,5
81224,2
81228,-1
81232,4
81236,-4
81240,4
81244,-4
81248,-5
81252,2
81256,-1
81260,-1
81264,3
81268,2
81272,-5
81276,-4
81280,-5
81284,5
81288,3
81292,2
81296,-4
81300,-5
81304,-4
81308,0
81312,-4
81316,0
81320,-2
81324,0
81328,-1
81332,1
81336,0
81340,1
81344,-3
81348,3
81352,0
81356,4
81360,-4
81364,-4
81368,-5
81372,4
81376,-2
81380,-1
81384,-2
81388,5
81392,4
81396,-5
81400,4
81404,3
81408,3
81412,4
81416,-3
81420,5
81424,-1
81428,-5
81432,5
81436,5
81440,-3
81444,5
81448,5
81452,1
81456,0
81460,4
81464,-5
81468,-1
81472,-5
81476,5
81480,-5
81484,-1
81488,4
81492,-3
81496,-2
81500,-3
81504,1
81508,-3
81512,-2
81516,4
81520,5
81524,4
81528,-5
81532,3
81536,-3
81540,5
81544,-4
81548,-1
81552,5
81556,-1
81560,-3
81564,-5
81568,4
81572,1
81576,2
81580,1
81584,-1
81588,2
81592,-2
81596,0
81600,4
81604,-5
81608,-3
81612,1
81616,-3
81620,-2
81624,-2
81628,2
81632,4
81636,2
81640,0
81644,2
81648,3
81652,5
81656,0
81660,1
81664,5
81668,3
81672,-3
81676,-3
81680,0
81684,2
81688,-5
81692,4
81696,0
81700,-4
81704,4
81708,1
81712,5
81716,3
81720,4
81724,5
81728,-3
81732,0
81736,-2
81740,2
81744,5
81748,-4
81752,-5
81756,-5
81760,-5
81764,-2
81768,-4
81772,0
81776,4
81780,3
81784,3
81788,5
81792,-2
81796,2
81800,5
81804,-4
81808,-1
81812,3
81816,1
81820,-1
81824,0
81828,1
81832,5
81836,-5
81840,3
81844,-3
81848,-2
81852,-4
81856,0
81860,3
81864,5
81868,-3
81872,-5
81876,4
81880,-5
81884,4
81888,4
81892,-3
81896,3
81900,3
81904,2
81908,3
81912,-1
81916,5
81920,-2
81924,-4
81928,-3
81932,-4
81936,0
81940,-1
81944,1
81948,2
81952,4
81956,0
81960,4
81964,5
81968,-1
81972,4
81976,-1
81980,-5
81984,-4
81988,5
81992,-3
81996,-4
82000,2
82004,1
82008,3
82012,5
82016,-4
82020,-4
82024,1
82028,2
82032,-1
82036,-3
82040,4
82044,-4
82048,0
82052,-2
82056,1
82060,3
82064,-5
82068,2
82072,-1
82076,0
82080,1
82084,-5
82088,0
82092,3
82096,3
82100,-1
82104,-2
82108,0
82112,0
82116,-3
82120,-3
82124,4
82128,0
82132,-3
82136,-1
82140,0
82144,2
82148,-4
82152,-4
82156,3
82160,2
82164,-1
82168,5
82172,3
82176,-2
82180,-3
82184,-4
82188,4
82192,-3
82196,-3
82200,3
82204,1
82208,4
82212,1
82216,-4
82220,-3
82224,5
82228,5
82232,-3
82236,-3
82240,-3
82244,-2
82248,2
82252,-5
82256,-1
82260,-5
82264,5
82268,-2
82272,-4
82276,-4
82280,-5
82284,1
82288,5
82292,5
82296,4
82300,0
82304,-3
82308,-5
82312,4
82316,1
82320,5
82324,1
82328,0
82332,1
82336,2
82340,-1
82344,1
82348,-2
82352,3
82356,-1
82360,-4
82364,-4
82368,3
82372,4
82376,-1
82380,3
82384,-4
82388,1
82392,-3
82396,-1
82400,2
82404,5
82408,4
82412,4
82416,4
82420,4
82424,4
82428,-3
82432,5
82436,-5
82440,-4
82444,5
82448,-1
82452,5
82456,5
82460,3
82464,3
82468,-2
82472,0
82476,2
82480,1
82484,5
82488,3
82492,1
82496,2
82500,-5
82504,4
82508,4
82512,1
82516,-1
82520,-1
82524,3
82528,-3
82532,1
82536,1
82540,0
82544,-1
82548,-1
82552,4
82556,2
82560,1
82564,5
82568,-5
82572,2
82576,5
82580,-4
82584,-2
82588,-2
82592,-5
82596,4
82600,-3
82604,4
82608,4
82612,-5
82616,2
82620,0
82624,-1
82628,5
82632,3
82636,-1
82640,0
82644,-3
82648,-5
82652,2
82656,-2
82660,5
82664,-3
82668,-2
82672,0
82676,-1
82680,5
82684,1
82688,3
82692,1
82696,5
82700,1
82704,-4
82708,-2
82712,5
82716,-2
82720,-2
82724,4
82728,5
82732,1
82736,-1
82740,4
82744,3
82748,-5
82752,-2
82756,4
82760,2
82764,-4
82768,5
82772,-4
82776,3
82780,3
82784,-4
82788,0
82792,-1
82796,3
82800,-5
82804,4
82808,1
82812,4
82816,1
82820,-5
82824,-3
82828,-1
82832,1
82836,5
82840,1
82844,-2
82848,-5
82852,-4
82856,1
82860,2
82864,3
82868,3
82872,-3
82876,-1
82880,-5
82884,4
82888,-5
82892,0
82896,-3
82900,0
82904,3
82908,4
82912,-5
82916,-5
82920,5
82924,5
82928,2
82932,-4
82936,-4
82940,1
82944,-2
82948,-1
82952,4
82956,3
82960,3
82964,-1
82968,-3
82972,2
82976,2
82980,-1
82984,-3
82988,-1
82992,-1
82996,-2
83000,-1
83004,2
83008,5
83012,-5
83016,-4
83020,1
83024,4
83028,-2
83032,-5
83036,-1
83040,-5
83044,0
83048,5
83052,3
83056,4
83060,5
83064,0
83068,-4
83072,1
83076,1
83080,-2
83084,1
83088,4
83092,-1
83096,5
83100,5
83104,5
83108,-2
83112,-2
83116,-2
83120,3
83124,-2
83128,2
83132,5
83136,2
83140,-3
83144,4
83148,-5
83152,5
83156,3
83160,-1
83164,4
83168,4
83172,5
83176,3
83180,-4
83184,-4
83188,0
83192,-3
83196,-2
83200,1
83204,-1
83208,-2
83212,-1
83216,1
83220,5
83224,0
83228,-2
83232,-4
83236,-2
83240,1
83244,3
83248,2
83252,-5
83256,4
83260,4
83264,-1
83268,-5
83272,-4
83276,4
83280,-4
83284,2
83288,2
83292,2
83296,-1
83300,4
83304,-2
83308,-3
83312,0
83316,-2
83320,0
83324,4
83328,4
83332,-2
83336,-5
83340,0
83344,-1
83348,3
83352,-5
83356,1
83360,-4
83364,-5
83368,2
83372,0
83376,3
83380,-5
83384,-4
83388,1
83392,5
83396,-1
83400,-3
83404,-4
83408,-4
83412,2
83416,-4
83420,5
83424,4
83428,-3
83432,-3
83436,1
83440,0
83444,-3
83448,5
83452,-2
83456,5
83460,-5
83464,1
83468,1
83472,2
83476,0
83480,2
83484,5
83488,3
83492,-4
83496,-4
83500,-5
83504,-5
83508,5
83512,5
83516,0
83520,2
83524,-5
83528,1
83532,-1
83536,0
83540,4
83544,3
83548,5
83552,1
83556,4
83560,-3
83564,-1
83568,4
83572,5
83576,1
83580,1
83584,4
83588,5
83592,4
83596,4
83600,1
83604,2
83608,2
83612,-2
83616,-2
83620,5
83624,-2
83628,0
83632,1
83636,1
83640,-5
83644,-4
83648,5
83652,3
83656,3
83660,-1
83664,-2
83668,5
83672,1
83676,-4
83680,5
83684,-2
83688,2
83692,1
83696,-3
83700,1
83704,-2
83708,-3
83712,1
83716,2
83720,-2
83724,-5
83728,5
83732,-4
83736,-3
83740,2
83744,1
83748,3
83752,-5
83756,3
83760,-4
83764,0
83768,5
83772,-3
83776,-4
83780,-4
83784,-3
83788,0
83792,-4
83796,-2
83800,-1
83804,0
83808,0
83812,4
83816,2
83820,-3
83824,-4
83828,0
83832,2
83836,0
83840,-4
83844,0
83848,-4
83852,-2
83856,-4
83860,5
83864,-4
83868,-4
83872,-4
83876,2
83880,-2
83884,4
83888,2
83892,1
83896,-2
83900,0
83904,-3
83908,-2
83912,-5
83916,0
83920,0
83924,4
83928,5
83932,4
83936,-5
83940,4
83944,3
83948,2
83952,-4
83956,-2
83960,0
83964,-5
83968,0
83972,4
83976,0
83980,5
83984,-2
83988,2
83992,-3
83996,0
84000,4
84004,5
84008,-5
84012,-3
84016,-5
84020,5
84024,-1
84028,0
84032,-3
84036,-4
84040,0
84044,4
84048,-1
84052,-5
84056,3
84060,2
84064,3
84068,-5
84072,-4
84076,1
84080,-5
84084,-1
84088,4
84092,5
84096,-5
84100,-5
84104,4
84108,-4
84112,-3
84116,2
84120,-3
84124,5
84128,-5
84132,5
84136,-5
84140,-3
84144,-4
84148,-2
84152,-4
84156,1
84160,1
84164,1
84168,-2
84172,5
84176,4
84180,3
84184,-3
84188,-4
84192,1
84196,-5
84200,-5
84204,2
84208,1
84212,-1
84216,-5
84220,-5
84224,1
84228,-2
84232,-4
84236,1
84240,1
84244,2
84248,2
84252,4
84256,-4
84260,4
84264,5
84268,0
84272,-5
84276,-1
84280,2
84284,-3
84288,-1
84292,5
84296,-5
84300,2
84304,5
84308,-1
84312,1
84316,0
84320,3
84324,-1
84328,-4
84332,0
84336,-5
84340,3
84344,0
84348,-4
84352,3
84356,5
84360,-2
84364,-4
84368,1
84372,-1
84376,-5
84380,-4
84384,-3
84388,2
84392,-3
84396,-4
84400,2
84404,-4
84408,-4
84412,-4
84416,5
84420,2
84424,1
84428,-3
84432,3
84436,4
84440,-2
84444,2
84448,2
84452,-5
84456,-4
84460,5
84464,-4
84468,-2
84472,4
84476,1
84480,-1
84484,5
84488,0
84492,0
84496,0
84500,0
84504,0
84508,-3
84512,-3
84516,-2
84520,5
84524,5
84528,0
84532,5
84536,-3
84540,-3
84544,2
84548,-5
84552,2
84556,3
84560,4
84564,0
84568,3
84572,0
84576,2
84580,2
84584,-2
84588,-2
84592,0
84596,5
84600,0
84604,3
84608,-3
84612,4
84616,-5
84620,2
84624,-5
84628,2
84632,-3
84636,4
84640,1
84644,1
84648,4
84652,-4
84656,1
84660,4
84664,-4
84668,5
84672,-3
84676,-1
84680,3
84684,3
84688,-4
84692,-2
84696,-5
84700,3
84704,-4
84708,-3
84712,-1
84716,4
84720,0
84724,3
84728,3
84732,1
84736,-3
84740,-4
84744,-2
84748,-2
84752,-3
84756,0
84760,1
84764,0
84768,-1
84772,-2
84776,2
84780,-1
84784,2
84788,3
84792,1
84796,3
84800,5
84804,2
84808,-4
84812,-5
84816,3
84820,-5
84824,-4
84828,1
84832,4
84836,0
84840,-1
84844,0
84848,-3
84852,5
84856,2
84860,5
84864,5
84868,-4
84872,-4
84876,-5
84880,4
84884,4
84888,2
84892,5
84896,0
84900,-5
84904,5
84908,-1
84912,5
84916,-4
84920,-4
84924,-2
84928,-5
84932,0
84936,4
84940,5
84944,3
84948,0
84952,0
84956,-2
84960,1
84964,-5
84968,4
84972,3
84976,5
84980,-4
84984,-3
84988,0
84992,2
84996,2
85000,0
85004,-5
85008,5
85012,4
85016,5
85020,-5
85024,2
85028,-3
85032,-3
85036,0
85040,-1
85044,-5
85048,5
85052,3
85056,5
85060,2
85064,4
85068,-1
85072,1
85076,-3
85080,4
85084,3
85088,-5
85092,2
85096,-5
85100,3
85104,5
85108,1
85112,2
85116,-2
85120,0
85124,-4
85128,3
85132,5
85136,3
85140,2
85144,2
85148,-4
85152,-1
85156,5
85160,-5
85164,4
85168,-4
85172,-4
85176,3
85180,-3
85184,2
85188,2
85192,-1
85196,-3
85200,0
85204,2
85208,2
85212,-2
85216,-1
85220,-5
85224,2
85228,5
85232,2
85236,-1
85240,-4
85244,-4
85248,4
85252,5
85256,2
85260,-1
85264,4
85268,3
85272,2
85276,1
85280,-2
85284,0
85288,3
85292,-4
85296,3
85300,-3
85304,-5
85308,-5
85312,4
85316,0
85320,3
85324,-2
85328,5
85332,0
85336,2
85340,-2
85344,0
85348,1
85352,-4
85356,2
85360,1
85364,2
85368,-5
85372,5
85376,-4
85380,-1
85384,-1
85388,1
85392,-1
85396,3
85400,1
85404,-1
85408,0
85412,4
85416,-3
85420,1
85424,-1
85428,0
85432,-3
85436,0
85440,0
85444,-2
85448,-2
85452,-4
85456,-2
85460,2
85464,0
85468,-5
85472,0
85476,1
85480,-2
85484,4
85488,4
85492,4
85496,-2
85500,-4
85504,3
85508,4
85512,1
85516,5
85520,0
85524,-1
85528,4
85532,5
85536,0
85540,2
85544,4
85548,-2
85552,0
85556,-3
85560,3
85564,3
85568,-5
85572,-4
85576,1
85580,-4
85584,2
85588,-2
85592,1
85596,3
85600,-2
85604,-4
85608,5
85612,5
85616,0
85620,-3
85624,-3
85628,0
85632,-4
85636,-5
85640,3
85644,-5
85648,-5
85652,1
85656,4
85660,0
85664,-5
85668,4
85672,2
85676,-2
85680,1
85684,2
85688,4
85692,-2
85696,3
85700,-3
85704,-4
85708,2
85712,-5
85716,-2
85720,-2
85724,3
85728,4
85732,-1
85736,4
85740,-3
85744,3
85748,0
85752,-5
85756,4
85760,1
85764,-3
85768,3
85772,2
85776,-4
85780,-5
85784,0
85788,5
85792,-1
85796,3
85800,-1
85804,3
85808,5
85812,-3
85816,-1
85820,-1
85824,3
85828,5
85832,-3
85836,-4
85840,5
85844,0
85848,3
85852,1
85856,-3
85860,1
85864,2
85868,-2
85872,5
85876,2
85880,-1
85884,4
85888,-3
85892,1
85896,-2
85900,-3
85904,-5
85908,-1
85912,-3
85916,4
85920,2
85924,-4
85928,5
85932,4
85936,5
85940,4
85944,-2
85948,0
85952,4
85956,2
85960,4
85964,-5
85968,-3
85972,-3
85976,-2
85980,2
85984,-2
85988,5
85992,1
85996,-3
86000,-2
86004,-2
86008,1
86012,-2
86016,-5
86020,-4
86024,-1
86028,-5
86032,-2
86036,3
86040,-2
86044,3
86048,-2
86052,-4
86056,0
86060,2
86064,-4
86068,2
86072,5
86076,-5
86080,0
86084,4
86088,-2
86092,-1
86096,0
86100,0
86104,3
86108,-1
86112,-5
86116,3
86120,5
86124,5
86128,3
86132,3
86136,-5
86140,1
86144,-5
86148,2
86152,-5
86156,5
86160,4
86164,-3
86168,2
86172,3
86176,3
86180,1
86184,-3
86188,2
86192,0
86196,-2
86200,1
86204,2
86208,5
86212,2
86216,0
86220,-2
86224,3
86228,3
86232,-4
86236,1
86240,5
86244,-5
86248,5
86252,-3
86256,4
86260,-5
86264,-5
86268,-5
86272,-2
86276,3
86280,5
86284,5
86288,1
86292,2
86296,4
86300,1
86304,5
86308,1
86312,-2
86316,-3
86320,-1
86324,-2
86328,4
86332,5
86336,-2
86340,-3
86344,-1
86348,3
86352,5
86356,3
86360,-5
86364,1
86368,-1
86372,1
86376,-1
86380,5
86384,-2
86388,-4
86392,2
86396,-5
86400,-2
86404,1
86408,-5
86412,5
86416,0
86420,-5
86424,0
86428,-5
86432,-2
86436,2
86440,1
86444,-4
86448,-1
86452,5
86456,-3
86460,0
86464,-4
86468,3
86472,0
86476,4
86480,4
86484,-2
86488,1
86492,-3
86496,4
86500,4
86504,5
86508,-1
86512,-3
86516,-1
86520,-4
86524,4
86528,4
86532,5
86536,2
86540,1
86544,2
86548,1
86552,2
86556,-2
86560,-4
86564,4
86568,-2
86572,2
86576,2
86580,4
86584,-5
86588,2
86592,2
86596,-5
86600,-1
86604,2
86608,-5
86612,5
86616,0
86620,1
86624,1
86628,1
86632,0
86636,-4
86640,-5
86644,3
86648,-5
86652,-5
86656,0
86660,2
86664,1
86668,5
86672,-1
86676,-4
86680,-3
86684,-1
86688,4
86692,-5
86696,2
86700,2
86704,0
86708,4
86712,-3
86716,0
86720,1
86724,-1
86728,-3
86732,2
86736,3
86740,0
86744,0
86748,-1
86752,-4
86756,-2
86760,-4
86764,-2
86768,5
86772,0
86776,-4
86780,-5
86784,-3
86788,2
86792,3
86796,4
86800,4
86804,4
86808,0
86812,0
86816,-3
86820,1
86824,0
86828,-5
86832,-5
86836,-3
86840,-5
86844,0
86848,-1
86852,0
86856,-1
86860,-2
86864,-2
86868,5
86872,-4
86876,-3
86880,-3
86884,0
86888,-4
86892,2
86896,5
86900,-5
86904,-4
86908,-4
86912,-1
86916,4
86920,4
86924,-2
86928,3
86932,4
86936,-4
86940,0
86944,2
86948,0
86952,-5
86956,-2
86960,-5
86964,4
86968,-1
86972,-3
86976,3
86980,-5
86984,2
86988,5
86992,4
86996,4
87000,-3
87004,-1
87008,4
87012,-1
87016,-3
87020,-5
87024,0
87028,-2
87032,-5
87036,3
87040,-3
87044,1
87048,4
87052,2
87056,-4
87060,4
87064,-4
87068,3
87072,-1
87076,-1
87080,0
87084,0
87088,5
87092,3
87096,0
87100,-5
87104,-5
87108,-3
87112,0
87116,-3
87120,-3
87124,-1
87128,5
87132,0
87136,-2
87140,1
87144,-2
87148,-5
87152,-3
87156,2
87160,-4
87164,4
87168,-4
87172,5
87176,4
87180,3
87184,-3
87188,-1
87192,2
87196,0
87200,-1
87204,2
87208,3
87212,-2
87216,0
87220,-5
87224,-3
87228,5
87232,-5
87236,-5
87240,2
87244,3
87248,2
87252,-1
87256,1
87260,-5
87264,-4
87268,-5
87272,5
87276,-2
87280,0
87284,-3
87288,5
87292,-4
87296,-2
87300,-2
87304,5
87308,-5
87312,-2
87316,2
87320,4
87324,5
87328,0
87332,0
87336,-4
87340,-5
87344,-5
87348,-2
87352,4
87356,0
87360,-3
87364,3
87368,-5
87372,3
87376,-1
87380,-5
87384,-2
87388,0
87392,-4
87396,-1
87400,-3
87404,3
87408,4
87412,3
87416,3
87420,0
87424,0
87428,-1
87432,-5
87436,-5
87440,4
87444,1
87448,1
87452,4
87456,1
87460,0
87464,1
87468,4
87472,-2
87476,5
87480,3
87484,-5
87488,-2
87492,-2
87496,5
87500,-2
87504,-4
87508,1
87512,4
87516,-2
87520,5
87524,2
87528,0
87532,-2
87536,0
87540,-2
87544,-1
87548,-1
87552,-2
87556,-1
87560,-4
87564,-3
87568,2
87572,2
87576,0
87580,-3
87584,-1
87588,1
87592,3
87596,5
87600,1
87604,-2
87608,4
87612,1
87616,2
87620,-4
87624,-1
87628,-1
87632,5
87636,2
87640,1
87644,1
87648,-3
87652,1
87656,-3
87660,-4
87664,-4
87668,3
87672,0
87676,0
87680,0
87684,3
87688,2
87692,-3
87696,0
87700,4
87704,0
87708,-3
87712,-2
87716,-4
87720,-3
87724,4
87728,-1
87732,4
87736,3
87740,2
87744,2
87748,5
87752,0
87756,-3
87760,0
87764,-1
87768,-5
87772,-2
87776,2
87780,2
87784,2
87788,3
87792,-1
87796,3
87800,5
87804,5
87808,-4
87812,-5
87816,0
87820,2
87824,2
87828,3
87832,3
87836,5
87840,5
87844,3
87848,4
87852,-5
87856,0
87860,2
87864,-5
87868,-1
87872,-1
87876,5
87880,4
87884,5
87888,0
87892,3
87896,0
87900,-3
87904,5
87908,4
87912,-2
87916,3
87920,-5
87924,-2
87928,-5
87932,-2
87936,-5
87940,-2
87944,3
87948,5
87952,-3
87956,-1
87960,5
87964,2
87968,-5
87972,-2
87976,0
87980,2
87984,-3
87988,0
87992,0
87996,-3
88000,-3
88004,0
88008,3
88012,-5
88016,1
88020,-4
88024,3
88028,4
88032,5
88036,-3
88040,-3
88044,2
88048,3
88052,4
88056,1
88060,4
88064,1
88068,-2
88072,5
88076,3
88080,-1
88084,0
88088,-1
88092,-3
88096,2
88100,1
88104,-4
88108,-1
88112,2
88116,-1
88120,2
88124,-1
88128,-3
88132,-1
88136,-4
88140,-5
88144,2
88148,-5
88152,-3
88156,2
88160,-2
88164,-1
88168,-3
88172,-1
88176,-4
88180,-4
88184,-4
88188,-2
88192,0
88196,-4
88200,-2
88204,2
88208,-4
88212,4
88216,5
88220,-2
88224,1
88228,3
88232,4
88236,3
88240,0
88244,0
88248,3
88252,3
88256,4
88260,-3
88264,0
88268,0
88272,4
88276,-3
88280,4
88284,-5
88288,4
88292,2
88296,-2
88300,2
88304,-3
88308,3
88312,2
88316,0
88320,3
88324,-2
88328,-4
88332,4
88336,4
88340,-2
88344,2
88348,0
88352,0
88356,3
88360,2
88364,-4
88368,2
88372,3
88376,-3
88380,0
88384,5
88388,5
88392,-4
88396,-3
88400,5
88404,0
88408,-4
88412,2
88416,5
88420,0
88424,4
88428,4
88432,3
88436,0
88440,4
88444,3
88448,5
88452,2
88456,-3
88460,-1
88464,-4
88468,-5
88472,1
88476,-5
88480,4
88484,0
88488,5
88492,5
88496,4
88500,-3
88504,-1
88508,-1
88512,0
88516,2
88520,-2
88524,2
88528,-4
88532,-2
88536,0
88540,-5
88544,-5
88548,-2
88552,-3
88556,3
88560,-2
88564,1
88568,2
88572,-2
88576,-4
88580,3
88584,-3
88588,3
88592,-1
88596,5
88600,-5
88604,-4
88608,0
88612,-4
88616,-3
88620,-2
88624,-1
88628,-4
88632,-5
88636,-4
88640,-5
88644,-1
88648,-3
88652,-2
88656,4
88660,-3
88664,1
88668,3
88672,5
88676,2
88680,3
88684,-5
88688,2
88692,2
88696,-5
88700,-5
88704,1
88708,-4
88712,2
88716,-4
88720,1
88724,0
88728,-2
88732,1
88736,-4
88740,-5
88744,2
88748,4
88752,-2
88756,3
88760,-1
88764,1
88768,-3
88772,5
88776,1
88780,2
88784,-2
88788,-5
88792,-2
88796,4
88800,5
88804,4
88808,-2
88812,4
88816,2
88820,3
88824,-2
88828,-3
88832,0
88836,4
88840,0
88844,4
88848,0
88852,1
88856,5
88860,0
88864,-1
88868,2
88872,2
88876,-2
88880,3
88884,4
88888,2
88892,-3
88896,4
88900,-1
88904,-5
88908,3
88912,0
88916,-2
88920,-2
88924,-5
88928,-3
88932,-4
88936,-2
88940,2
88944,-5
88948,2
88952,1
88956,0
88960,1
88964,-4
88968,-1
88972,5
88976,-5
88980,1
88984,4
88988,0
88992,5
88996,5
89000,1
89004,-3
89008,1
89012,-4
89016,-2
89020,1
89024,-1
89028,0
89032,-5
89036,0
89040,1
89044,-5
89048,-1
89052,-2
89056,1
89060,-5
89064,-5
89068,-2
89072,-2
89076,5
89080,1
89084,-2
89088,5
89092,1
89096,-1
89100,-5
89104,3
89108,2
89112,1
89116,3
89120,-5
89124,-4
89128,0
89132,4
89136,2
89140,-4
89144,1
89148,-5
89152,-1
89156,-4
89160,2
89164,3
89168,-4
89172,-3
89176,3
89180,-2
89184,2
89188,3
89192,2
89196,1
89200,2
89204,0
89208,3
89212,-3
89216,3
89220,2
89224,-4
89228,-4
89232,-3
89236,2
89240,-2
89244,4
89248,4
89252,-2
89256,-2
89260,-2
89264,-1
89268,5
89272,-5
89276,2
89280,-5
89284,1
89288,2
89292,5
89296,-2
89300,-4
89304,2
89308,0
89312,-4
89316,-1
89320,-3
89324,5
89328,2
89332,-4
89336,-5
89340,-5
89344,-2
89348,4
89352,5
89356,1
89360,-3
89364,-4
89368,3
89372,3
89376,-1
89380,-4
89384,2
89388,3
89392,-4
89396,-2
89400,5
89404,-2
89408,0
89412,2
89416,-5
89420,-1
89424,1
89428,-5
89432,0
89436,0
89440,5
89444,1
89448,2
89452,3
89456,2
89460,-4
89464,5
89468,2
89472,4
89476,-4
89480,5
89484,3
89488,-5
89492,-1
89496,-3
89500,-3
89504,1
89508,4
89512,5
89516,-5
89520,2
89524,-3
89528,-4
89532,-5
89536,3
89540,1
89544,-4
89548,-1
89552,-1
89556,2
89560,5
89564,-2
89568,5
89572,4
89576,2
89580,2
89584,2
89588,0
89592,4
89596,5
89600,-2
89604,-2
89608,3
89612,1
89616,-5
89620,4
89624,3
89628,2
89632,-1
89636,-3
89640,-4
89644,-3
89648,4
89652,-4
89656,-5
89660,3
89664,0
89668,4
89672,-3
89676,0
89680,4
89684,1
89688,5
89692,4
89696,4
89700,-3
89704,5
89708,-5
89712,-2
89716,3
89720,-3
89724,3
89728,1
89732,-4
89736,-4
89740,4
89744,-2
89748,5
89752,2
89756,-3
89760,5
89764,-3
89768,1
89772,1
89776,4
89780,5
89784,0
89788,-1
89792,1
89796,0
89800,-5
89804,3
89808,-1
89812,4
89816,3
89820,2
89824,4
89828,-1
89832,5
89836,0
89840,-5
89844,1
89848,-5
89852,-5
89856,0
89860,-3
89864,5
89868,4
89872,1
89876,2
89880,-2
89884,-3
89888,5
89892,-1
89896,-5
89900,-5
89904,-3
89908,-1
89912,3
89916,3
89920,4
89924,-4
89928,4
89932,-4
89936,2
89940,-1
89944,1
89948,4
89952,-2
89956,3
89960,-4
89964,3
89968,0
89972,-3
89976,-5
89980,-3
89984,3
89988,3
89992,-1
89996,-4
90000,1
90004,-5
90008,5
90012,4
90016,5
90020,-1
90024,4
90028,-4
90032,-1
90036,0
90040,-1
90044,5
90048,3
90052,0
90056,-5
90060,-2
90064,-1
90068,5
90072,3
90076,-4
90080,2
90084,2
90088,-1
90092,-1
90096,5
90100,-2
90104,-2
90108,-3
90112,2
90116,3
90120,-5
90124,4
90128,-5
90132,-1
90136,-1
90140,0
90144,3
90148,0
90152,-1
90156,-5
90160,5
90164,4
90168,-5
90172,-3
90176,3
90180,-2
90184,-4
90188,4
90192,-1
90196,2
90200,0
90204,-5
90208,4
90212,3
90216,5
90220,-4
90224,1
90228,1
90232,-3
90236,-4
90240,3
90244,1
90248,-1
90252,4
90256,4
90260,4
90264,-1
90268,5
90272,2
90276,2
90280,-3
90284,5
90288,-1
90292,0
90296,-4
90300,1
90304,-3
90308,1
90312,-1
90316,-3
90320,-3
90324,5
90328,-3
90332,3
90336,-4
90340,1
90344,0
90348,-4
90352,4
90356,-2
90360,-4
90364,-3
90368,0
90372,4
90376,3
90380,5
90384,0
90388,-1
90392,2
90396,-1
90400,3
90404,-4
90408,4
90412,-3
90416,5
90420,-5
90424,-3
90428,2
90432,0
90436,5
90440,-1
90444,-3
90448,5
90452,3
90456,-2
90460,-1
90464,-3
90468,1
90472,-1
90476,2
90480,3
90484,2
90488,4
90492,3
90496,-5
90500,3
90504,-1
90508,-4
90512,4
90516,-2
90520,-3
90524,0
90528,1
90532,5
90536,4
90540,-3
90544,-3
90548,4
90552,4
90556,-2
90560,5
90564,-1
90568,4
90572,0
90576,3
90580,4
90584,-3
90588,0
90592,0
90596,1
90600,5
90604,2
90608,5
90612,4
90616,-1
90620,3
90624,1
90628,3
90632,4
90636,-4
90640,4
90644,5
90648,-4
90652,3
90656,-4
90660,-4
90664,-1
90668,-4
90672,1
90676,1
90680,2
90684,-1
90688,0
90692,0
90696,1
90700,5
90704,4
90708,3
90712,0
90716,3
90720,5
90724,-1
90728,-5
90732,0
90736,-4
90740,1
90744,0
90748,-2
90752,3
90756,4
90760,0
90764,-3
90768,-1
90772,5
90776,1
90780,-5
90784,-1
90788,2
90792,4
90796,5
90800,-5
90804,-2
90808,-5
90812,4
90816,4
90820,0
90824,-5
90828,-4
90832,4
90836,0
90840,0
90844,-5
90848,-2
90852,4
90856,5
90860,4
90864,5
90868,-4
90872,1
90876,-3
90880,-5
90884,2
90888,5
90892,1
90896,0
90900,-3
90904,-5
90908,-2
90912,4
90916,1
90920,-2
90924,2
90928,-5
90932,-4
90936,-3
90940,4
90944,3
90948,-1
90952,2
90956,0
90960,2
90964,4
90968,3
90972,-2
90976,-4
90980,1
90984,-1
90988,2
90992,1
90996,2
91000,0
91004,-5
91008,5
91012,5
91016,5
91020,-5
91024,3
91028,-3
91032,2
91036,4
91040,0
91044,-1
91048,3
91052,4
91056,0
91060,-4
91064,1
91068,-1
91072,0
91076,-4
91080,5
91084,-3
91088,3
91092,2
91096,-5
91100,1
91104,0
91108,4
91112,4
91116,3
91120,-5
91124,-3
91128,-4
91132,0
91136,5
91140,-2
91144,-4
91148,-2
91152,0
91156,2
91160,-4
91164,5
91168,-5
91172,5
91176,-4
91180,-5
91184,-3
91188,0
91192,2
91196,5
91200,1
91204,-3
91208,-3
91212,-3
91216,0
91220,2
91224,-3
91228,-1
91232,-3
91236,-2
91240,0
91244,-4
91248,2
91252,-4
91256,1
91260,3
91264,2
91268,5
91272,-1
91276,-3
91280,4
91284,2
91288,-1
91292,-4
91296,4
91300,-4
91304,-4
91308,3
91312,-1
91316,1
91320,-2
91324,4
91328,4
91332,2
91336,-2
91340,5
91344,-5
91348,-2
91352,-4
91356,-3
91360,-3
91364,3
91368,-2
91372,-3
91376,1
91380,0
91384,3
91388,-4
91392,1
91396,4
91400,1
91404,0
91408,-1
91412,5
91416,-5
91420,2
91424,-5
91428,-3
91432,-2
91436,5
91440,-4
91444,5
91448,-4
91452,-3
91456,-4
91460,0
91464,3
91468,3
91472,-2
91476,0
91480,5
91484,3
91488,-2
91492,3
91496,-5
91500,-3
91504,-1
91508,-1
91512,2
91516,5
91520,-1
91524,-1
91528,4
91532,5
91536,4
91540,0
91544,1
91548,1
91552,-5
91556,5
91560,-2
91564,0
91568,4
91572,3
91576,-5
91580,1
91584,-2
91588,2
91592,-2
91596,3
91600,0
91604,-5
91608,5
91612,2
91616,1
91620,2
91624,-1
91628,-5
91632,-1
91636,-1
91640,-5
91644,-3
91648,0
91652,2
91656,5
91660,1
91664,1
91668,2
91672,4
91676,1
91680,-4
91684,4
91688,-2
91692,2
91696,5
91700,-3
91704,-5
91708,-5
91712,3
91716,-1
91720,-1
91724,-2
91728,2
91732,-5
91736,1
91740,-3
91744,3
91748,3
91752,-4
91756,-3
91760,5
91764,2
91768,-2
91772,0
91776,-5
91780,-4
91784,2
91788,1
91792,-4
91796,4
91800,-2
91804,4
91808,1
91812,3
91816,-1
91820,1
91824,0
91828,5
91832,-2
91836,-1
91840,-5
91844,-2
91848,-1
91852,-2
91856,4
91860,2
91864,-3
91868,-4
91872,5
91876,0
91880,5
91884,2
91888,4
91892,2
91896,-4
91900,5
91904,-5
91908,4
91912,-5
91916,0
91920,3
91924,-5
91928,-2
91932,1
91936,-2
91940,-5
91944,-3
91948,4
91952,-5
91956,-5
91960,2
91964,-2
91968,4
91972,2
91976,2
91980,-4
91984,1
91988,3
91992,-3
91996,-2
92000,-1
92004,-1
92008,4
92012,5
92016,-4
92020,-3
92024,-5
92028,-1
92032,3
92036,5
92040,-1
92044,-3
92048,3
92052,1
92056,-5
92060,-2
92064,4
92068,-1
92072,-3
92076,-2
92080,-2
92084,-2
92088,0
92092,3
92096,-3
92100,0
92104,0
92108,3
92112,3
92116,-5
92120,-4
92124,-2
92128,-3
92132,-3
92136,-3
92140,1
92144,-5
92148,3
92152,0
92156,-4
92160,2
92164,4
92168,-1
92172,0
92176,-3
92180,0
92184,5
92188,1
92192,5
92196,3
92200,0
92204,-5
92208,0
92212,-1
92216,5
92220,1
92224,-3
92228,2
92232,-1
92236,5
92240,0
92244,5
92248,4
92252,-5
92256,2
92260,-1
92264,4
92268,0
92272,-5
92276,4
92280,4
92284,1
92288,1
92292,-1
92296,-4
92300,-1
92304,2
92308,5
92312,-5
92316,4
92320,-2
92324,-5
92328,0
92332,-4
92336,1
92340,1
92344,0
92348,2
92352,0
92356,2
92360,3
92364,-2
92368,-5
92372,3
92376,0
92380,1
92384,-3
92388,-2
92392,4
92396,4
92400,-4
92404,4
92408,1
92412,-1
92416,0
92420,-4
92424,-3
92428,-4
92432,0
92436,3
92440,-2
92444,5
92448,4
92452,-2
92456,3
92460,-4
92464,-2
92468,-3
92472,-4
92476,2
92480,5
92484,-3
92488,4
92492,0
92496,4
92500,-1
92504,1
92508,4
92512,-3
92516,3
92520,-2
92524,4
92528,1
92532,-3
92536,3
92540,2
92544,0
92548,-4
92552,-5
92556,4
92560,2
92564,3
92568,5
92572,5
92576,5
92580,-3
92584,1
92588,3
92592,0
92596,-2
92600,2
92604,-2
92608,-2
92612,4
92616,5
92620,-5
92624,4
92628,4
92632,4
92636,-1
92640,4
92644,-2
92648,-5
92652,-2
92656,5
92660,1
92664,1
92668,2
92672,-1
92676,-5
92680,2
92684,4
92688,5
92692,-2
92696,0
92700,-4
92704,5
92708,4
92712,3
92716,5
92720,-2
92724,5
92728,2
92732,4
92736,1
92740,0
92744,0
92748,5
92752,3
92756,-1
92760,-2
92764,-3
92768,4
92772,2
92776,3
92780,1
92784,-4
92788,2
92792,-5
92796,3
92800,-1
92804,-4
92808,-3
92812,-2
92816,-4
92820,-5
92824,-4
92828,1
92832,-1
92836,-5
92840,-5
92844,0
92848,-2
92852,1
92856,1
92860,5
92864,0
92868,5
92872,-4
92876,-3
92880,-1
92884,4
92888,5
92892,5
92896,-5
92900,-5
92904,2
92908,-2
92912,-3
92916,5
92920,-3
92924,-2
92928,1
92932,4
92936,3
92940,-2
92944,5
92948,-1
92952,2
92956,2
92960,-5
92964,3
92968,1
92972,3
92976,5
92980,0
92984,-4
92988,4
92992,-4
92996,1
93000,-3
93004,4
93008,-2
93012,3
93016,-3
93020,-4
93024,-4
93028,5
93032,-3
93036,-3
93040,1
93044,1
93048,3
93052,-1
93056,-5
93060,-5
93064,2
93068,-5
93072,2
93076,2
93080,-1
93084,5
93088,-4
93092,2
93096,-1
93100,4
93104,-3
93108,-4
93112,2
93116,2
93120,-4
93124,1
93128,0
93132,-2
93136,-2
93140,-2
93144,1
93148,-4
93152,-4
93156,-3
93160,3
93164,-2
93168,1
93172,-1
93176,0
93180,3
93184,2
93188,2
93192,1
93196,-2
93200,0
93204,1
93208,0
93212,-1
93216,3
93220,-4
93224,-1
93228,-4
93232,-1
93236,4
93240,-5
93244,-3
93248,-5
93252,-3
93256,4
93260,2
93264,4
93268,-5
93272,-3
93276,0
93280,3
93284,0
93288,0
93292,0
93296,2
93300,-4
93304,0
93308,4
93312,-1
93316,-4
93320,-1
93324,-2
93328,-4
93332,3
93336,-2
93340,-1
93344,5
93348,2
93352,1
93356,-1
93360,-2
93364,-3
93368,2
93372,-3
93376,-1
93380,3
93384,-3
93388,3
93392,3
93396,-3
93400,-4
93404,-2
93408,1
93412,-2
93416,-2
93420,0
93424,2
93428,4
93432,4
93436,2
93440,3
93444,1
93448,-2
93452,2
93456,4
93460,-3
93464,2
93468,0
93472,-4
93476,5
93480,-3
93484,5
93488,4
93492,4
93496,0
93500,-2
93504,5
93508,-2
93512,4
93516,-1
93520,1
93524,0
93528,-4
93532,-4
93536,0
93540,0
93544,-2
93548,-1
93552,-4
93556,-4
93560,0
93564,0
93568,1
93572,-5
93576,-5
93580,5
93584,1
93588,5
93592,1
93596,-2
93600,4
93604,0
93608,4
93612,-4
93616,4
93620,4
93624,0
93628,2
93632,0
93636,-1
93640,-3
93644,-2
93648,3
93652,4
93656,-3
93660,3
93664,3
93668,-2
93672,-2
93676,2
93680,4
93684,-2
93688,2
93692,-5
93696,4
93700,4
93704,-4
93708,-2
93712,-4
93716,4
93720,3
93724,-1
93728,4
93732,1
93736,4
93740,-2
93744,-3
93748,-3
93752,2
93756,1
93760,-3
93764,4
93768,-4
93772,-4
93776,2
93780,4
93784,-2
93788,1
93792,0
93796,-4
93800,-3
93804,1
93808,-5
93812,1
93816,4
93820,-3
93824,0
93828,4
93832,-1
93836,1
93840,-2
93844,-4
93848,-4
93852,-5
93856,-5
93860,-1
93864,2
93868,-4
93872,0
93876,-1
93880,-4
93884,1
93888,-4
93892,-2
93896,4
93900,5
93904,1
93908,5
93912,4
93916,4
93920,3
93924,-3
93928,-2
93932,4
93936,-3
93940,-5
93944,3
93948,5
93952,-1
93956,4
93960,-2
93964,-4
93968,0
93972,1
93976,2
93980,-2
93984,2
93988,1
93992,2
93996,-5
94000,-2
94004,-2
94008,0
94012,2
94016,-4
94020,1
94024,-2
94028,-5
94032,-1
94036,4
94040,-1
94044,3
94048,-2
94052,4
94056,0
94060,-5
94064,-4
94068,-5
94072,-3
94076,-5
94080,-1
94084,-3
94088,-3
94092,3
94096,-3
94100,1
94104,-3
94108,5
94112,5
94116,4
94120,-4
94124,-1
94128,1
94132,-5
94136,1
94140,3
94144,1
94148,-3
94152,1
94156,-2
94160,3
94164,-2
94168,2
94172,-1
94176,-3
94180,-4
94184,1
94188,3
94192,-5
94196,3
94200,-2
94204,2
94208,3
94212,4
94216,-1
94220,-5
94224,-1
94228,-4
94232,-5
94236,1
94240,-1
94244,-3
94248,-4
94252,-2
94256,2
94260,-5
94264,-2
94268,5
94272,0
94276,-5
94280,3
94284,-1
94288,0
94292,-2
94296,2
94300,1
94304,-5
94308,-5
94312,1
94316,4
94320,3
94324,5
94328,-3
94332,-4
94336,4
94340,-5
94344,-5
94348,-5
94352,-2
94356,-3
94360,0
94364,5
94368,4
94372,0
94376,-2
94380,4
94384,2
94388,-5
94392,3
94396,0
94400,-1
94404,4
94408,2
94412,5
94416,-2
94420,-5
94424,5
94428,4
94432,-4
94436,0
94440,2
94444,-4
94448,4
94452,-4
94456,-3
94460,2
94464,5
94468,-1
94472,4
94476,4
94480,-2
94484,0
94488,-1
94492,-2
94496,3
94500,-3
94504,4
94508,-1
94512,0
94516,-5
94520,-4
94524,0
94528,-1
94532,4
94536,-1
94540,1
94544,0
94548,4
94552,5
94556,-4
94560,3
94564,-2
94568,0
94572,-2
94576,-3
94580,-2
94584,0
94588,-2
94592,2
94596,0
94600,3
94604,2
94608,5
94612,2
94616,-4
94620,5
94624,4
94628,0
94632,0
94636,2
94640,5
94644,-4
94648,-4
94652,-3
94656,-5
94660,-4
94664,-5
94668,3
94672,5
94676,4
94680,-5
94684,-5
94688,-4
94692,-4
94696,5
94700,-5
94704,5
94708,-1
94712,5
94716,-2
94720,-4
94724,5
94728,-4
94732,5
94736,-5
94740,-3
94744,4
94748,2
94752,-1
94756,-5
94760,-3
94764,0
94768,3
94772,-1
94776,-5
94780,1
94784,-2
94788,4
94792,-3
94796,4
94800,-5
94804,5
94808,-4
94812,-5
94816,1
94820,5
94824,2
94828,3
94832,-3
94836,-5
94840,-3
94844,-5
94848,-2
94852,-2
94856,-5
94860,0
94864,2
94868,-4
94872,4
94876,-2
94880,3
94884,-4
94888,0
94892,1
94896,0
94900,4
94904,3
94908,-4
94912,2
94916,0
94920,2
94924,5
94928,-3
94932,0
94936,-1
94940,-5
94944,-3
94948,5
94952,-4
94956,4
94960,3
94964,-5
94968,1
94972,1
94976,4
94980,-1
94984,-5
94988,-4
94992,-4
94996,1
95000,0
95004,0
95008,0
95012,-5
95016,-1
95020,-4
95024,-2
95028,-1
95032,-5
95036,0
95040,-4
95044,-2
95048,2
95052,-4
95056,-4
95060,-3
95064,-5
95068,1
95072,2
95076,4
95080,-2
95084,4
95088,5
95092,-5
95096,-4
95100,1
95104,-2
95108,2
95112,-2
95116,1
95120,-3
95124,-4
95128,-2
95132,1
95136,-1
95140,-4
95144,4
95148,-4
95152,0
95156,0
95160,-4
95164,2
95168,1
95172,-5
95176,-2
95180,-4
95184,-2
95188,-2
95192,4
95196,-4
95200,-3
95204,2
95208,4
95212,-3
95216,3
95220,-1
95224,1
95228,-2
95232,-2
95236,-1
95240,1
95244,1
95248,3
95252,-2
95256,4
95260,4
95264,1
95268,3
95272,2
95276,2
95280,-3
95284,2
95288,0
95292,-2
95296,5
95300,1
95304,5
95308,-2
95312,0
95316,2
95320,3
95324,-1
95328,-1
95332,0
95336,-3
95340,-2
95344,-3
95348,-4
95352,-3
95356,-3
95360,5
95364,5
95368,-2
95372,4
95376,1
95380,1
95384,-3
95388,-4
95392,0
95396,2
95400,3
95404,0
95408,2
95412,-2
95416,4
95420,-5
95424,1
95428,-4
95432,-3
95436,3
95440,5
95444,4
95448,-2
95452,5
95456,1
95460,2
95464,-3
95468,5
95472,5
95476,-1
95480,5
95484,0
95488,-2
95492,-2
95496,5
95500,-4
95504,5
95508,-4
95512,4
95516,-5
95520,2
95524,-3
95528,4
95532,-2
95536,1
95540,3
95544,0
95548,1
95552,-3
95556,-1
95560,-4
95564,4
95568,-4
95572,4
95576,-3
95580,-3
95584,-4
95588,4
95592,-5
95596,3
95600,1
95604,3
95608,0
95612,-2
95616,-5
95620,4
95624,4
95628,-2
95632,2
95636,-5
95640,-3
95644,4
95648,1
95652,5
95656,3
95660,0
95664,-2
95668,5
95672,-3
95676,4
95680,5
95684,1
95688,0
95692,1
95696,2
95700,-5
95704,-3
95708,-3
95712,1
95716,-4
95720,-5
95724,-1
95728,-2
95732,3
95736,0
95740,3
95744,-3
95748,5
95752,-2
95756,5
95760,-2
95764,-3
95768,-2
95772,1
95776,-4
95780,0
95784,1
95788,-3
95792,-2
95796,2
95800,-5
95804,-2
95808,-4
95812,5
95816,2
95820,2
95824,5
95828,3
95832,-2
95836,5
95840,4
95844,-1
95848,-1
95852,3
95856,-1
95860,-1
95864,-1
95868,5
95872,5
95876,4
95880,-2
95884,-4
95888,-2
95892,-4
95896,-5
95900,-3
95904,1
95908,4
95912,0
95916,-4
95920,2
95924,-3
95928,5
95932,1
95936,5
95940,3
95944,4
95948,0
95952,4
95956,4
95960,1
95964,1
95968,0
95972,2
95976,1
95980,-2
95984,0
95988,1
95992,0
95996,1
96000,4
96004,-5
96008,5
96012,1
96016,-2
96020,2
96024,4
96028,-4
96032,0
96036,0
96040,-2
96044,4
96048,-4
96052,2
96056,4
96060,4
96064,-3
96068,-4
96072,0
96076,1
96080,0
96084,-2
96088,0
96092,1
96096,3
96100,5
96104,-4
96108,3
96112,-4
96116,-3
96120,-1
96124,-1
96128,3
96132,1
96136,-3
96140,-5
96144,-2
96148,0
96152,4
96156,-5
96160,1
96164,-5
96168,3
96172,-3
96176,-5
96180,1
96184,-2
96188,0
96192,-2
96196,5
96200,-4
96204,-5
96208,-4
96212,-5
96216,-5
96220,-4
96224,2
96228,-1
96232,1
96236,5
96240,4
96244,2
96248,-3
96252,-1
96256,2
96260,4
96264,-4
96268,-5
96272,-4
96276,5
96280,0
96284,2
96288,-5
96292,-5
96296,-3
96300,-4
96304,-5
96308,-5
96312,-2
96316,-3
96320,3
96324,-5
96328,4
96332,-2
96336,5
96340,-2
96344,2
96348,2
96352,-5
96356,-2
96360,-3
96364,-1
96368,-4
96372,-5
96376,4
96380,-3
96384,-5
96388,2
96392,-1
96396,4
96400,-3
96404,-4
96408,0
96412,3
96416,1
96420,1
96424,3
96428,-4
96432,-3
96436,5
96440,3
96444,-5
96448,-5
96452,3
96456,-4
96460,2
96464,0
96468,2
96472,3
96476,-2
96480,4
96484,-1
96488,4
96492,5
96496,-5
96500,0
96504,5
96508,-1
96512,-3
96516,-2
96520,-5
96524,3
96528,0
96532,-1
96536,1
96540,4
96544,2
96548,0
96552,1
96556,2
96560,-4
96564,-2
96568,-2
96572,3
96576,-2
96580,4
96584,4
96588,-5
96592,-5
96596,-2
96600,5
96604,-1
96608,3
96612,5
96616,4
96620,1
96624,4
96628,-3
96632,5
96636,4
96640,1
96644,1
96648,2
96652,-1
96656,3
96660,-3
96664,5
96668,-3
96672,2
96676,2
96680,0
96684,3
96688,0
96692,1
96696,-3
96700,-3
96704,-2
96708,-3
96712,2
96716,-2
96720,2
96724,0
96728,2
96732,1
96736,3
96740,0
96744,-3
96748,3
96752,-2
96756,4
96760,3
96764,5
96768,-5
96772,3
96776,-4
96780,-3
96784,2
96788,2
96792,-4
96796,-1
96800,-2
96804,-3
96808,5
96812,-2
96816,1
96820,-4
96824,2
96828,4
96832,4
96836,4
96840,5
96844,3
96848,5
96852,-5
96856,2
96860,4
96864,-5
96868,4
96872,3
96876,-3
96880,2
96884,-3
96888,-2
96892,-1
96896,3
96900,0
96904,-4
96908,4
96912,-2
96916,2
96920,-5
96924,-4
96928,-3
96932,-4
96936,-4
96940,-3
96944,5
96948,-2
96952,-5
96956,5
96960,-1
96964,-1
96968,0
96972,4
96976,0
96980,3
96984,0
96988,1
96992,-1
96996,-1
97000,-4
97004,1
97008,1
97012,-4
97016,-3
97020,2
97024,0
97028,-5
97032,-4
97036,5
97040,1
97044,1
97048,-4
97052,5
97056,5
97060,4
97064,-4
97068,-1
97072,3
97076,3
97080,-1
97084,1
97088,-5
97092,5
97096,5
97100,-1
97104,3
97108,1
97112,2
97116,0
97120,5
97124,-2
97128,-3
97132,5
97136,2
97140,5
97144,1
97148,-5
97152,-3
97156,-3
97160,-4
97164,2
97168,-4
97172,-2
97176,0
97180,0
97184,-1
97188,-2
97192,3
97196,4
97200,-3
97204,5
97208,2
97212,5
97216,4
97220,-4
97224,-5
97228,-4
97232,4
97236,1
97240,-5
97244,-3
97248,-1
97252,5
97256,-4
97260,4
97264,-4
97268,2
97272,-2
97276,-1
97280,3
97284,-1
97288,1
97292,-3
97296,3
97300,-3
97304,2
97308,4
97312,-1
97316,2
97320,4
97324,4
97328,4
97332,-1
97336,1
97340,-4
97344,-4
97348,4
97352,-2
97356,-2
97360,4
97364,-5
97368,0
97372,5
97376,3
97380,-2
97384,-5
97388,-1
97392,-2
97396,1
97400,-3
97404,1
97408,-2
97412,2
97416,0
97420,1
97424,-5
97428,-3
97432,-4
97436,2
97440,-5
97444,-4
97448,2
97452,2
97456,1
97460,-4
97464,5
97468,-1
97472,1
97476,-1
97480,2
97484,0
97488,0
97492,-4
97496,1
97500,5
97504,-4
97508,-1
97512,-2
97516,3
97520,4
97524,0
97528,-4
97532,-3
97536,2
97540,-3
97544,1
97548,4
97552,4
97556,-4
97560,-3
97564,-5
97568,4
97572,4
97576,5
97580,2
97584,-5
97588,-3
97592,2
97596,3
97600,0
97604,-3
97608,-3
97612,2
97616,-1
97620,-2
97624,2
97628,1
97632,4
97636,2
97640,3
97644,2
97648,3
97652,0
97656,3
97660,2
97664,-5
97668,-2
97672,5
97676,-1
97680,4
97684,-2
97688,5
97692,-5
97696,1
97700,-5
97704,4
97708,1
97712,1
97716,-3
97720,3
97724,-2
97728,-3
97732,1
97736,4
97740,-5
97744,-4
97748,-5
97752,2
97756,5
97760,-1
97764,-5
97768,-4
97772,-3
97776,1
97780,-1
97784,0
97788,5
97792,-2
97796,-1
97800,-2
97804,-5
97808,-4
97812,5
97816,3
97820,-4
97824,3
97828,-2
97832,0
97836,0
97840,1
97844,-3
97848,5
97852,5
97856,4
97860,0
97864,-3
97868,-2
97872,-1
97876,-3
97880,0
97884,3
97888,4
97892,2
97896,2
97900,-1
97904,1
97908,-3
97912,2
97916,3
97920,0
97924,4
97928,3
97932,0
97936,0
97940,-3
97944,1
97948,3
97952,-3
97956,-1
97960,4
97964,-2
97968,-2
97972,2
97976,-4
97980,5
97984,5
97988,-5
97992,-2
97996,1
98000,2
98004,-4
98008,4
98012,3
98016,4
98020,-1
98024,3
98028,5
98032,-2
98036,-5
98040,2
98044,-3
98048,-4
98052,3
98056,-2
98060,5
98064,-2
98068,4
98072,0
98076,-2
98080,-3
98084,0
98088,2
98092,-3
98096,1
98100,0
98104,-4
98108,1
98112,-3
98116,1
98120,0
98124,-3
98128,5
98132,-5
98136,-1
98140,-2
98144,-2
98148,4
98152,-4
98156,4
98160,5
98164,-2
98168,1
98172,2
98176,0
98180,-4
98184,5
98188,-5
98192,2
98196,-5
98200,-1
98204,-3
98208,3
98212,0
98216,1
98220,0
98224,1
98228,4
98232,-2
98236,2
98240,-1
98244,5
98248,4
98252,-3
98256,2
98260,1
98264,5
98268,-1
98272,-3
98276,5
98280,-4
98284,0
98288,-5
98292,5
98296,-1
98300,-2
98304,5
98308,0
98312,2
98316,-1
98320,4
98324,3
98328,5
98332,0
98336,4
98340,4
98344,3
98348,-5
98352,3
98356,2
98360,5
98364,-1
98368,-1
98372,1
98376,-1
98380,4
98384,-2
98388,2
98392,-5
98396,-5
98400,2
98404,1
98408,-1
98412,1
98416,-3
98420,-2
98424,-4
98428,5
98432,4
98436,0
98440,-2
98444,-3
98448,4
98452,0
98456,-2
98460,-2
98464,0
98468,1
98472,4
98476,-5
98480,3
98484,-2
98488,0
98492,0
98496,2
98500,0
98504,-1
98508,0
98512,-2
98516,3
98520,-4
98524,5
98528,0
98532,4
98536,4
98540,1
98544,0
98548,2
98552,2
98556,-3
98560,3
98564,5
98568,2
98572,3
98576,-5
98580,-1
98584,-4
98588,-1
98592,-4
98596,5
98600,5
98604,-4
98608,3
98612,5
98616,-5
98620,1
98624,3
98628,4
98632,-3
98636,4
98640,5
98644,-3
98648,-2
98652,1
98656,-1
98660,-1
98664,-4
98668,-3
98672,2
98676,0
98680,-2
98684,5
98688,0
98692,-1
98696,-2
98700,1
98704,2
98708,-1
98712,3
98716,5
98720,-2
98724,-5
98728,1
98732,-2
98736,-1
98740,0
98744,0
98748,0
98752,5
98756,5
98760,1
98764,5
98768,1
98772,1
98776,3
98780,0
98784,1
98788,2
98792,-2
98796,-5
98800,5
98804,-5
98808,-4
98812,3
98816,0
98820,-1
98824,-4
98828,-2
98832,1
98836,3
98840,0
98844,-2
98848,4
98852,2
98856,3
98860,-3
98864,4
98868,0
98872,2
98876,3
98880,1
98884,-3
98888,-1
98892,5
98896,-1
98900,-1
98904,-1
98908,1
98912,-1
98916,-1
98920,-4
98924,5
98928,-5
98932,-2
98936,5
98940,-5
98944,1
98948,2
98952,-5
98956,-3
98960,2
98964,-1
98968,0
98972,0
98976,2
98980,1
98984,5
98988,3
98992,-4
98996,-4
99000,-5
99004,-3
99008,4
99012,3
99016,4
99020,-1
99024,4
99028,0
99032,-4
99036,3
99040,-2
99044,3
99048,2
99052,5
99056,0
99060,3
99064,0
99068,1
99072,3
99076,-3
99080,1
99084,-4
99088,1
99092,-5
99096,1
99100,-3
99104,1
99108,0
99112,2
99116,1
99120,-3
99124,-5
99128,3
99132,-5
99136,-5
99140,5
99144,-3
99148,-2
99152,-3
99156,4
99160,-5
99164,4
99168,2
99172,-3
99176,4
99180,1
99184,0
99188,-1
99192,-1
99196,-4
99200,0
99204,1
99208,4
99212,-2
99216,-5
99220,-4
99224,-4
99228,-5
99232,1
99236,2
99240,-2
99244,-5
99248,3
99252,-5
99256,5
99260,-1
99264,-2
99268,-2
99272,-5
99276,0
99280,4
99284,2
99288,1
99292,3
99296,1
99300,1
99304,3
99308,4
99312,1
99316,3
99320,3
99324,5
99328,5
99332,-5
99336,3
99340,-1
99344,-1
99348,4
99352,2
99356,3
99360,0
99364,-2
99368,2
99372,-4
99376,2
99380,-1
99384,4
99388,-5
99392,4
99396,0
99400,2
99404,4
99408,2
99412,-3
99416,-3
99420,-4
99424,1
99428,2
99432,3
99436,1
99440,-5
99444,2
99448,-2
99452,-4
99456,5
99460,2
99464,-2
99468,-5
99472,3
99476,-3
99480,4
99484,0
99488,3
99492,2
99496,-2
99500,5
99504,2
99508,1
99512,-3
99516,-3
99520,3
99524,3
99528,-3
99532,2
99536,-1
99540,5
99544,2
99548,0
99552,3
99556,3
99560,-4
99564,-2
99568,-4
99572,-3
99576,-2
99580,-4
99584,4
99588,5
99592,1
99596,-3
99600,0
99604,-1
99608,0
99612,-2
99616,-2
99620,5
99624,-2
99628,2
99632,2
99636,4
99640,-5
99644,-2
99648,2
99652,1
99656,4
99660,-1
99664,3
99668,-3
99672,-3
99676,2
99680,2
99684,-4
99688,2
99692,0
99696,-1
99700,-3
99704,-1
99708,-1
99712,1
99716,5
99720,0
99724,2
99728,-4
99732,3
99736,-5
99740,4
99744,1
99748,5
99752,2
99756,-1
99760,0
99764,0
99768,-2
99772,3
99776,3
99780,0
99784,-2
99788,-4
99792,1
99796,-4
99800,-4
99804,-3
99808,-4
99812,3
99816,0
99820,-2
99824,-1
99828,5
99832,3
99836,5
99840,1
99844,2
99848,3
99852,2
99856,-3
99860,4
99864,4
99868,1
99872,-1
99876,-3
99880,-4
99884,-4
99888,0
99892,5
99896,-1
99900,-1
99904,0
99908,-3
99912,-1
99916,-4
99920,-5
99924,0
99928,-5
99932,-1
99936,-2
99940,-1
99944,-4
99948,-2
99952,5
99956,-5
99960,3
99964,2
99968,1
99972,5
99976,4
99980,3
99984,5
99988,4
99992,-4
99996,5
100000,-4
100004,5
100008,-3
100012,3
100016,-1
100020,4
100024,5
100028,2
100032,2
100036,-4
100040,-1
100044,-3
100048,3
100052,4
100056,-5
100060,4
100064,-5
100068,1
100072,-4
100076,2
100080,1
100084,0
100088,4
100092,-3
100096,-2
100100,-1
100104,-2
100108,2
100112,4
100116,3
100120,-4
100124,3
100128,0
100132,0
100136,3
100140,-5
100144,-4
100148,-1
100152,2
100156,4
100160,4
100164,2
100168,-1
100172,-1
100176,-2
100180,-5
100184,-4
100188,-4
100192,4
100196,0
100200,0
100204,0
100208,-4
100212,4
100216,3
100220,-1
100224,-5
100228,-5
100232,-5
100236,3
100240,-3
100244,-3
100248,5
100252,-5
100256,-4
100260,-2
100264,1
100268,-3
100272,-4
100276,2
100280,-2
100284,2
100288,0
100292,-3
100296,-4
100300,2
100304,-2
100308,3
100312,1
100316,3
100320,5
100324,-2
100328,1
100332,1
100336,4
100340,-3
100344,-2
100348,-3
100352,-3
100356,3
100360,4
100364,-2
100368,1
100372,-2
100376,0
100380,5
100384,0
100388,2
100392,-2
100396,4
100400,-5
100404,-4
100408,-3
100412,-5
100416,0
100420,3
100424,-4
100428,-4
100432,4
100436,-5
100440,-2
100444,-2
100448,-2
100452,-1
100456,-1
100460,0
100464,3
100468,-2
100472,0
100476,3
100480,-1
100484,-2
100488,3
100492,5
100496,4
100500,1
100504,-2
100508,2
100512,2
100516,3
100520,1
100524,-3
100528,3
100532,0
100536,-5
100540,-5
100544,-1
100548,4
100552,-1
100556,-4
100560,3
100564,4
100568,1
100572,1
100576,-4
100580,4
100584,3
100588,-4
100592,-5
100596,-1
100600,-4
100604,1
100608,4
100612,3
100616,-2
100620,0
100624,3
100628,-2
100632,-1
100636,-1
100640,-3
100644,0
100648,0
100652,4
100656,3
100660,-4
100664,-1
100668,1
100672,-4
100676,5
100680,1
100684,0
100688,4
100692,-4
100696,-3
100700,-1
100704,-4
100708,2
100712,-1
100716,-3
100720,4
100724,5
100728,-4
100732,4
100736,-5
100740,-4
100744,-5
100748,5
100752,2
100756,0
100760,-2
100764,-4
100768,2
100772,-4
100776,1
100780,4
100784,3
100788,-4
100792,-3
100796,-1
100800,4
100804,2
100808,-3
100812,2
100816,-2
100820,-3
100824,-5
100828,-1
100832,1
100836,2
100840,-1
100844,-3
100848,-5
100852,5
100856,-2
100860,-5
100864,4
100868,-3
100872,3
100876,3
100880,2
100884,5
100888,-3
100892,-1
100896,-4
100900,-3
100904,3
100908,-3
100912,-4
100916,-3
100920,3
100924,0
100928,5
100932,4
100936,5
100940,-4
100944,-4
100948,-4
100952,1
100956,5
100960,-5
100964,0
100968,-3
100972,1
100976,5
100980,1
100984,0
100988,-2
100992,3
100996,0
101000,-5
101004,-3
101008,4
101012,-4
101016,0
101020,0
101024,-5
101028,5
101032,-5
101036,1
101040,4
101044,3
101048,-3
101052,5
101056,-2
101060,0
101064,0
101068,-5
101072,-1
101076,-1
101080,3
101084,3
101088,3
101092,5
101096,5
101100,-4
101104,-3
101108,1
101112,4
101116,0
101120,3
101124,-3
101128,1
101132,-4
101136,-2
101140,3
101144,-2
101148,1
101152,-5
101156,-2
101160,-3
101164,4
101168,4
101172,5
101176,4
101180,-1
101184,-1
101188,-4
101192,1
101196,-5
101200,1
101204,2
101208,1
101212,1
101216,-3
101220,3
101224,-1
101228,-3
101232,3
101236,4
101240,-5
101244,-5
101248,1
101252,3
101256,-5
101260,0
101264,-3
101268,-2
101272,-1
101276,2
101280,-2
101284,2
101288,5
101292,-4
101296,5
101300,3
101304,-3
101308,1
101312,4
101316,-1
101320,-5
101324,2
101328,0
101332,2
101336,2
101340,-1
101344,-1
101348,3
101352,-5
101356,3
101360,-2
101364,-5
101368,1
101372,5
101376,-2
101380,-2
101384,-1
101388,5
101392,-5
101396,-3
101400,-1
101404,4
101408,-1
101412,-3
101416,-5
101420,-5
101424,-2
101428,5
101432,-4
101436,-3
101440,2
101444,-4
101448,-4
101452,-4
101456,-1
101460,-1
101464,2
101468,-2
101472,3
101476,0
101480,0
101484,2
101488,3
101492,-5
101496,5
101500,1
101504,0
101508,1
101512,3
101516,4
101520,-4
101524,2
101528,5
101532,1
101536,-2
101540,-2
101544,2
101548,-2
101552,-5
101556,3
101560,-5
101564,0
101568,-3
101572,1
101576,-1
101580,-4
101584,-3
101588,5
101592,0
101596,-3
101600,3
101604,4
101608,-4
101612,-4
101616,2
101620,5
101624,-1
101628,1
101632,1
101636,-3
101640,2
101644,2
101648,5
101652,0
101656,0
101660,2
101664,-3
101668,5
101672,3
101676,-4
101680,-1
101684,3
101688,0
101692,1
101696,2
101700,2
101704,-5
101708,2
101712,2
101716,4
101720,1
101724,-5
101728,0
101732,-4
101736,-4
101740,-2
101744,1
101748,-5
101752,-5
101756,1
101760,3
101764,1
101768,1
101772,5
101776,-3
101780,3
101784,-5
101788,0
101792,0
101796,1
101800,4
101804,-3
101808,-5
101812,-3
101816,0
101820,-4
101824,5
101828,4
101832,3
101836,-3
101840,3
101844,3
101848,2
101852,-1
101856,-4
101860,-2
101864,-2
101868,-1
101872,3
101876,4
101880,-2
101884,1
101888,-3
101892,-2
101896,4
101900,2
101904,-2
101908,-4
101912,-4
101916,2
101920,3
101924,-1
101928,-3
101932,-5
101936,1
101940,-4
101944,-3
101948,0
101952,-4
101956,2
101960,2
101964,4
101968,-4
101972,4
101976,-3
101980,5
101984,4
101988,-1
101992,-1
101996,2
102000,4
102004,-2
102008,2
102012,-2
102016,-4
102020,-3
102024,1
102028,-1
102032,3
102036,-4
102040,3
102044,4
102048,4
102052,-1
102056,1
102060,3
102064,2
102068,4
102072,-5
102076,4
102080,0
102084,3
102088,2
102092,-5
102096,-1
102100,1
102104,2
102108,0
102112,5
102116,-4
102120,-1
102124,5
102128,1
102132,1
102136,0
102140,2
102144,-1
102148,5
102152,-5
102156,-2
102160,2
102164,3
102168,-1
102172,4
102176,-5
102180,4
102184,-5
102188,-3
102192,-3
102196,-5
102200,-3
102204,-4
102208,1
102212,1
102216,-4
102220,5
102224,0
102228,4
102232,-1
102236,4
102240,-2
102244,5
102248,2
102252,-3
102256,2
102260,2
102264,3
102268,-2
102272,-1
102276,4
102280,2
102284,-1
102288,-3
102292,-1
102296,2
102300,-5
102304,-2
102308,-2
102312,5
102316,1
102320,3
102324,-1
102328,3
102332,0
102336,3
102340,2
102344,-4
102348,3
102352,5
102356,-3
102360,-1
102364,-2
102368,-4
102372,3
102376,2
102380,-3
102384,4
102388,2
102392,-3
102396,4
102400,5
102404,4
102408,-4
102412,5
102416,-2
102420,-4
102424,1
102428,5
102432,-2
102436,3
102440,3
102444,0
102448,-4
102452,2
102456,-3
102460,0
102464,4
102468,0
102472,0
102476,1
102480,3
102484,5
102488,5
102492,-3
102496,4
102500,-5
102504,-4
102508,-1
102512,-5
102516,-5
102520,5
102524,-1
102528,4
102532,2
102536,3
102540,-2
102544,1
102548,-2
102552,-2
102556,3
102560,0
102564,5
102568,-1
102572,1
102576,-2
102580,2
102584,4
102588,-5
102592,1
102596,2
102600,0
102604,-3
102608,-1
102612,1
102616,3
102620,-2
102624,3
102628,-2
102632,1
102636,3
102640,5
102644,1
102648,4
102652,3
102656,-2
102660,1
102664,4
102668,1
102672,-2
102676,-2
102680,4
102684,-3
102688,4
102692,1
102696,-2
102700,-1
102704,-1
102708,-5
102712,5
102716,2
102720,2
102724,-2
102728,1
102732,1
102736,-3
102740,3
102744,3
102748,2
102752,2
102756,4
102760,5
102764,0
102768,1
102772,-5
102776,-5
102780,-5
102784,-4
102788,3
102792,-2
102796,3
102800,4
102804,3
102808,-1
102812,4
102816,0
102820,3
102824,-4
102828,4
102832,5
102836,1
102840,-3
102844,-2
102848,5
102852,-4
102856,-5
102860,0
102864,-1
102868,1
102872,-2
102876,0
102880,1
102884,-2
102888,-3
102892,-3
102896,2
102900,-3
102904,0
102908,-3
102912,0
102916,-2
102920,4
102924,-4
102928,2
102932,-3
102936,5
102940,0
102944,5
102948,5
102952,2
102956,0
102960,-1
102964,4
102968,-3
102972,0
102976,3
102980,-3
102984,-3
102988,-3
102992,2
102996,3
103000,3
103004,3
103008,0
103012,-5
103016,-5
103020,1
103024,1
103028,4
103032,-5
103036,1
103040,-3
103044,-4
103048,-4
103052,-1
103056,4
103060,3
103064,-3
103068,0
103072,-1
103076,3
103080,0
103084,4
103088,-3
103092,0
103096,4
103100,-3
103104,-1
103108,-5
103112,4
103116,-3
103120,5
103124,2
103128,-3
103132,2
103136,-4
103140,2
103144,2
103148,-1
103152,1
103156,-2
103160,-2
103164,-3
103168,0
103172,0
103176,5
103180,-5
103184,0
103188,1
103192,-2
103196,-3
103200,0
103204,-2
103208,4
103212,-1
103216,2
103220,5
103224,2
103228,3
103232,2
103236,-2
103240,-2
103244,-3
103248,3
103252,-1
103256,-2
103260,4
103264,2
103268,-5
103272,4
103276,3
103280,-4
103284,4
103288,-2
103292,-3
103296,-2
103300,1
103304,-5
103308,0
103312,-2
103316,0
103320,-4
103324,-3
103328,-2
103332,-5
103336,-2
103340,0
103344,-4
103348,-1
103352,0
103356,5
103360,-5
103364,0
103368,0
103372,1
103376,-4
103380,1
103384,0
103388,-1
103392,-3
103396,-3
103400,5
103404,4
103408,2
103412,0
103416,-2
103420,3
103424,0
103428,-2
103432,5
103436,-2
103440,0
103444,-4
103448,1
103452,1
103456,5
103460,-4
103464,-1
103468,-2
103472,-1
103476,-5
103480,1
103484,5
103488,-1
103492,-5
103496,4
103500,-3
103504,5
103508,-2
103512,5
103516,-1
103520,5
103524,1
103528,-3
103532,-2
103536,1
103540,-3
103544,-5
103548,-3
103552,1
103556,-2
103560,-5
103564,0
103568,1
103572,2
103576,2
103580,-2
103584,-3
103588,-3
103592,-1
103596,5
103600,4
103604,-4
103608,0
103612,5
103616,-5
103620,-5
103624,3
103628,-5
103632,1
103636,-5
103640,-2
103644,0
103648,-2
103652,3
103656,-5
103660,-5
103664,0
103668,0
103672,4
103676,1
103680,-1
103684,-5
103688,2
103692,5
103696,3
103700,3
103704,-1
103708,4
103712,-1
103716,5
103720,1
103724,0
103728,0
103732,-3
103736,3
103740,-1
103744,2
103748,4
103752,2
103756,1
103760,-5
103764,-1
103768,-5
103772,-2
103776,2
103780,-4
103784,4
103788,-5
103792,-4
103796,3
103800,-2
103804,2
103808,0
103812,-4
103816,0
103820,3
103824,0
103828,-2
103832,-4
103836,0
103840,3
103844,-1
103848,5
103852,-3
103856,-2
103860,-4
103864,4
103868,-1
103872,-5
103876,1
103880,-1
103884,1
103888,-1
103892,2
103896,2
103900,4
103904,5
103908,3
103912,-3
103916,-4
103920,0
103924,2
103928,-3
103932,-4
103936,1
103940,-4
103944,3
103948,1
103952,3
103956,3
103960,-4
103964,0
103968,0
103972,-3
103976,1
103980,0
103984,2
103988,4
103992,-2
103996,1
104000,3
104004,1
104008,4
104012,-1
104016,1
104020,0
104024,1
104028,-1
104032,-5
104036,-1
104040,-2
104044,5
104048,-1
104052,0
104056,-5
104060,-3
104064,1
104068,-3
104072,-4
104076,5
104080,-2
104084,-5
104088,-3
104092,5
104096,5
104100,1
104104,1
104108,0
104112,-5
104116,3
104120,4
104124,4
104128,1
104132,2
104136,3
104140,-4
104144,5
104148,5
104152,-3
104156,3
104160,1
104164,-3
104168,0
104172,4
104176,-5
104180,5
104184,-3
104188,3
104192,5
104196,-2
104200,-2
104204,4
104208,1
104212,5
104216,-2
104220,-1
104224,-3
104228,-1
104232,2
104236,1
104240,4
104244,-2
104248,-1
104252,-5
104256,0
104260,-5
104264,5
104268,2
104272,4
104276,1
104280,2
104284,-1
104288,5
104292,-5
104296,-3
104300,3
104304,-4
104308,-1
104312,-1
104316,-1
104320,4
104324,-4
104328,4
104332,-4
104336,2
104340,4
104344,1
104348,-1
104352,-1
104356,-3
104360,5
104364,-1
104368,-1
104372,-2
104376,0
104380,-5
104384,-2
104388,-3
104392,3
104396,-3
104400,4
104404,-3
104408,1
104412,-4
104416,-1
104420,3
104424,2
104428,-1
104432,5
104436,1
104440,-5
104444,0
104448,-2
104452,0
104456,4
104460,2
104464,3
104468,-5
104472,-2
104476,-2
104480,-1
104484,-2
104488,3
104492,-1
104496,5
104500,3
104504,-5
104508,-3
104512,2
104516,5
104520,3
104524,0
104528,4
104532,-5
104536,4
104540,1
104544,1
104548,0
104552,5
104556,-5
104560,3
104564,-2
104568,5
104572,-5
104576,0
104580,3
104584,-2
104588,5
104592,-3
104596,-3
104600,5
104604,-1
104608,1
104612,0
104616,1
104620,5
104624,5
104628,1
104632,-1
104636,4
104640,-1
104644,2
104648,-4
104652,5
104656,3
104660,3
104664,-1
104668,3
104672,-4
104676,-3
104680,-2
104684,4
104688,-4
104692,-4
104696,3
104700,2
104704,3
104708,3
104712,0
104716,-3
104720,3
104724,4
104728,-5
104732,-2
104736,4
104740,0
104744,-1
104748,-2
104752,4
104756,2
104760,5
104764,-4
104768,4
104772,5
104776,2
104780,5
104784,5
104788,0
104792,-5
104796,-3
104800,5
104804,-5
104808,-2
104812,-1
104816,4
104820,1
104824,2
104828,-2
104832,3
104836,1
104840,3
104844,2
104848,-1
104852,-3
104856,-1
104860,0
104864,0
104868,0
104872,1
104876,4
104880,-4
104884,0
104888,-3
104892,3
104896,2
104900,0
104904,4
104908,2
104912,-3
104916,-5
104920,-1
104924,1
104928,2
104932,0
104936,3
104940,-4
104944,4
104948,4
104952,-1
104956,5
104960,4
104964,1
104968,3
104972,2
104976,-5
104980,1
104984,5
104988,-1
104992,2
104996,-5
105000,-1
105004,3
105008,5
105012,-1
105016,-5
105020,0
105024,-4
105028,-2
105032,-4
105036,1
105040,-4
105044,-2
105048,1
105052,-2
105056,0
105060,1
105064,4
105068,4
105072,-3
105076,-4
105080,2
105084,-4
105088,3
105092,5
105096,-2
105100,-1
105104,-3
105108,5
105112,3
105116,1
105120,-5
105124,3
105128,0
105132,2
105136,-4
105140,-5
105144,-1
105148,5
105152,-1
105156,3
105160,4
105164,2
105168,-2
105172,5
105176,-1
105180,0
105184,1
105188,1
105192,-1
105196,-4
105200,-1
105204,-3
105208,-1
105212,-1
105216,-1
105220,0
105224,3
105228,-4
105232,1
105236,-5
105240,3
105244,3
105248,0
105252,5
105256,1
105260,-4
105264,5
105268,-3
105272,4
105276,-4
105280,-2
105284,-5
105288,5
105292,-1
105296,-4
105300,-3
105304,4
105308,-1
105312,5
105316,-1
105320,-1
105324,-1
105328,1
105332,4
105336,3
105340,-1
105344,-2
105348,-1
105352,-3
105356,-2
105360,-2
105364,0
105368,-2
105372,-5
105376,-3
105380,3
105384,-3
105388,-2
105392,1
105396,-5
105400,-2
105404,2
105408,-1
105412,3
105416,2
105420,2
105424,4
105428,-1
105432,-4
105436,4
105440,-5
105444,-1
105448,-1
105452,-4
105456,5
105460,4
105464,1
105468,-4
105472,5
105476,-5
105480,2
105484,1
105488,3
105492,-3
105496,5
105500,3
105504,2
105508,-2
105512,-4
105516,5
105520,-2
105524,0
105528,0
105532,0
105536,-4
105540,2
105544,2
105548,1
105552,-5
105556,1
105560,-2
105564,-4
105568,4
105572,-1
105576,-5
105580,3
105584,-5
105588,-5
105592,1
105596,1
105600,5
105604,-4
105608,2
105612,-3
105616,5
105620,-1
105624,-1
105628,3
105632,1
105636,-3
105640,-5
105644,-2
105648,5
105652,-4
105656,-3
105660,2
105664,1
105668,3
105672,5
105676,-3
105680,3
105684,5
105688,-5
105692,3
105696,1
105700,-3
105704,-4
105708,3
105712,2
105716,4
105720,-1
105724,3
105728,3
105732,1
105736,-2
105740,0
105744,-5
105748,-1
105752,2
105756,1
105760,3
105764,5
105768,3
105772,5
105776,4
105780,-2
105784,0
105788,3
105792,-4
105796,-5
105800,0
105804,0
105808,-3
105812,-5
105816,-4
105820,-3
105824,5
105828,4
105832,-1
105836,-2
105840,1
105844,-1
105848,-3
105852,-4
105856,3
105860,5
105864,-3
105868,-2
105872,0
105876,4
105880,5
105884,2
105888,-5
105892,-1
105896,-3
105900,0
105904,-3
105908,-4
105912,3
105916,1
105920,-4
105924,0
105928,-1
105932,-5
105936,-5
105940,4
105944,1
105948,-5
105952,0
105956,4
105960,-5
105964,2
105968,-4
105972,1
105976,5
105980,0
105984,4
105988,-4
105992,-3
105996,5
106000,0
106004,2
106008,2
106012,3
106016,-1
106020,-4
106024,5
106028,-1
106032,-4
106036,0
106040,0
106044,-5
106048,4
106052,5
106056,4
106060,5
106064,2
106068,-2
106072,-5
106076,2
106080,2
106084,-1
106088,-3
106092,-3
106096,2
106100,-4
106104,2
106108,2
106112,0
106116,-5
106120,-1
106124,3
106128,0
106132,2
106136,4
106140,5
106144,-4
106148,0
106152,2
106156,4
106160,2
106164,0
106168,-4
106172,4
106176,-2
106180,-1
106184,4
106188,-4
106192,5
106196,2
106200,2
106204,-1
106208,-2
106212,2
106216,-1
106220,2
106224,4
106228,-4
106232,-2
106236,-3
106240,-4
106244,2
106248,3
106252,-1
106256,1
106260,-1
106264,0
106268,-2
106272,-1
106276,2
106280,-4
106284,-3
106288,5
106292,-1
106296,-1
106300,0
106304,-4
106308,-4
106312,3
106316,-3
106320,5
106324,-5
106328,4
106332,-1
106336,-5
106340,-3
106344,-4
106348,2
106352,-3
106356,5
106360,-3
106364,2
106368,-4
106372,-3
106376,-1
106380,5
106384,2
106388,-3
106392,-3
106396,3
106400,-3
106404,0
106408,-4
106412,-5
106416,-5
106420,-1
106424,4
106428,5
106432,-3
106436,2
106440,-5
106444,1
106448,4
106452,0
106456,-5
106460,-5
106464,2
106468,1
106472,-3
106476,4
106480,3
106484,3
106488,4
106492,3
106496,5
106500,-5
106504,2
106508,-4
106512,4
106516,2
106520,1
106524,-1
106528,-1
106532,5
106536,4
106540,-2
106544,-1
106548,-3
106552,-4
106556,2
106560,-2
106564,-5
106568,3
106572,-3
106576,5
106580,4
106584,-1
106588,5
106592,-1
106596,-4
106600,3
106604,1
106608,2
106612,3
106616,2
106620,3
106624,1
106628,4
106632,5
106636,2
106640,2
106644,1
106648,0
106652,-1
106656,-4
106660,-5
106664,2
106668,-2
106672,-2
106676,-3
106680,-3
106684,-5
106688,3
106692,0
106696,-4
106700,1
106704,5
106708,-3
106712,3
106716,-4
106720,1
106724,-2
106728,-4
106732,-1
106736,2
106740,-1
106744,5
106748,5
106752,2
106756,1
106760,5
106764,-1
106768,1
106772,-5
106776,-1
106780,-4
106784,-4
106788,-4
106792,1
106796,-5
106800,2
106804,0
106808,1
106812,-4
106816,4
106820,2
106824,1
106828,0
106832,-1
106836,-4
106840,2
106844,-3
106848,-4
106852,-4
106856,-5
106860,-4
106864,-3
106868,-3
106872,5
106876,4
106880,-4
106884,1
106888,2
106892,-5
106896,-5
106900,0
106904,-2
106908,-2
106912,-1
106916,-3
106920,4
106924,1
106928,-1
106932,-4
106936,-5
106940,4
106944,4
106948,4
106952,3
106956,0
106960,-1
106964,2
106968,-2
106972,5
106976,0
106980,-2
106984,2
106988,4
106992,-3
106996,0
107000,0
107004,-4
107008,4
107012,2
107016,-4
107020,1
107024,4
107028,2
107032,-5
107036,4
107040,2
107044,-1
107048,-3
107052,-4
107056,1
107060,-5
107064,-4
107068,-2
107072,-1
107076,0
107080,4
107084,-2
107088,1
107092,2
107096,-2
107100,2
107104,5
107108,5
107112,-2
107116,-5
107120,4
107124,-2
107128,4
107132,3
107136,-5
107140,5
107144,4
107148,4
107152,4
107156,-1
107160,5
107164,4
107168,-5
107172,-3
107176,-5
107180,3
107184,3
107188,2
107192,5
107196,4
107200,1
107204,-3
107208,-3
107212,-1
107216,-4
107220,1
107224,-3
107228,-5
107232,-2
107236,-3
107240,-4
107244,-1
107248,5
107252,1
107256,-5
107260,-4
107264,1
107268,-2
107272,1
107276,2
107280,4
107284,0
107288,5
107292,-2
107296,3
107300,2
107304,-4
107308,1
107312,-3
107316,-1
107320,3
107324,0
107328,-4
107332,-4
107336,3
107340,-4
107344,3
107348,-4
107352,-1
107356,-5
107360,5
107364,5
107368,5
107372,-4
107376,2
107380,5
107384,3
107388,-4
107392,-2
107396,-5
107400,-5
107404,-3
107408,-2
107412,3
107416,-5
107420,4
107424,4
107428,-3
107432,-4
107436,3
107440,0
107444,1
107448,1
107452,3
107456,1
107460,3
107464,5
107468,-5
107472,0
107476,1
107480,-5
107484,1
107488,2
107492,4
107496,-5
107500,-5
107504,5
107508,2
107512,5
107516,3
107520,-5
107524,-1
107528,-3
107532,-2
107536,-2
107540,-2
107544,0
107548,4
107552,5
107556,4
107560,-4
107564,-2
107568,-2
107572,1
107576,-1
107580,-2
107584,1
107588,5
107592,-1
107596,0
107600,1
107604,-1
107608,1
107612,-1
107616,5
107620,-1
107624,0
107628,-3
107632,-2
107636,3
107640,1
107644,-4
107648,-1
107652,0
107656,-2
107660,4
107664,4
107668,-3
107672,-3
107676,4
107680,-5
107684,5
107688,5
107692,2
107696,3
107700,4
107704,2
107708,4
107712,5
107716,0
107720,-4
107724,2
107728,-5
107732,-4
107736,1
107740,4
107744,4
107748,1
107752,4
107756,5
107760,-3
107764,4
107768,3
107772,1
107776,5
107780,0
107784,4
107788,-4
107792,-5
107796,-3
107800,5
107804,5
107808,1
107812,-4
107816,5
107820,-4
107824,-1
107828,-1
107832,3
107836,4
107840,-1
107844,-5
107848,0
107852,-4
107856,5
107860,2
107864,-4
107868,5
107872,3
107876,-4
107880,5
107884,3
107888,-2
107892,-1
107896,-1
107900,-5
107904,-4
107908,5
107912,2
107916,-2
107920,5
107924,2
107928,0
107932,-2
107936,-5
107940,5
107944,2
107948,5
107952,-3
107956,2
107960,4
107964,-5
107968,-1
107972,3
107976,2
107980,5
107984,-1
107988,-5
107992,0
107996,-4
108000,3
108004,-2
108008,4
108012,-1
108016,0
108020,-4
108024,3
108028,-5
108032,-4
108036,-5
108040,-4
108044,-1
108048,-1
108052,-5
108056,1
108060,5
108064,1
108068,4
108072,5
108076,-2
108080,-3
108084,-3
108088,4
108092,1
108096,-2
108100,-2
108104,0
108108,0
108112,-4
108116,5
108120,1
108124,4
108128,-5
108132,4
108136,0
108140,-2
108144,-1
108148,2
108152,-3
108156,1
108160,3
108164,4
108168,3
108172,-5
108176,-1
108180,-1
108184,4
108188,4
108192,-4
108196,3
108200,5
108204,-3
108208,-5
108212,-1
108216,1
108220,5
108224,-5
108228,3
108232,2
108236,-3
108240,2
108244,5
108248,-1
108252,2
108256,-5
108260,4
108264,-5
108268,-1
108272,-1
108276,0
108280,-5
108284,-3
108288,3
108292,2
108296,-2
108300,-1
108304,4
108308,3
108312,-1
108316,-3
108320,5
108324,-5
108328,1
108332,-1
108336,2
108340,-4
108344,4
108348,5
108352,-4
108356,0
108360,2
108364,-2
108368,-5
108372,3
108376,-3
108380,0
108384,5
108388,4
108392,1
108396,-2
108400,1
108404,-1
108408,-4
108412,2
108416,-4
108420,2
108424,4
108428,-1
108432,0
108436,3
108440,-1
108444,-2
108448,4
108452,5
108456,-4
108460,4
108464,2
108468,2
108472,-2
108476,4
108480,-4
108484,-2
108488,-4
108492,4
108496,-5
108500,0
108504,0
108508,0
108512,2
108516,3
108520,5
108524,-1
108528,2
108532,4
108536,1
108540,-2
108544,-4
108548,-2
108552,4
108556,0
108560,4
108564,-4
108568,3
108572,5
108576,2
108580,-1
108584,-5
108588,2
108592,3
108596,4
108600,1
108604,0
108608,3
108612,-3
108616,-5
108620,4
108624,-4
108628,2
108632,-3
108636,-1
108640,3
108644,-5
108648,-4
108652,1
108656,0
108660,0
108664,1
108668,0
108672,-4
108676,1
108680,5
108684,0
108688,3
108692,5
108696,1
108700,-2
108704,-1
108708,-3
108712,-4
108716,3
108720,-2
108724,0
108728,3
108732,3
108736,-2
108740,0
108744,-1
108748,-2
108752,-4
108756,3
108760,-3
108764,0
108768,-3
108772,4
108776,-3
108780,-4
108784,-5
108788,-3
108792,4
108796,-3
108800,0
108804,-2
108808,-4
108812,-4
108816,-3
108820,-4
108824,-5
108828,-3
108832,-2
108836,4
108840,4
108844,-4
108848,5
108852,-1
108856,5
108860,-4
108864,-2
108868,5
108872,5
108876,-5
108880,-1
108884,4
108888,3
108892,-5
108896,-1
108900,-2
108904,-4
108908,1
108912,-5
108916,2
108920,-2
108924,2
108928,5
108932,-2
108936,0
108940,4
108944,-5
108948,4
108952,-3
108956,5
108960,-3
108964,3
108968,-2
108972,0
108976,2
108980,2
108984,4
108988,-2
108992,-5
108996,3
109000,-5
109004,5
109008,-1
109012,3
109016,1
109020,4
109024,-4
109028,5
109032,1
109036,-3
109040,-2
109044,0
109048,3
109052,4
109056,1
109060,1
109064,-3
109068,0
109072,0
109076,5
109080,-3
109084,-3
109088,-4
109092,2
109096,3
109100,-2
109104,-4
109108,5
109112,-5
109116,-1
109120,-2
109124,0
109128,-5
109132,1
109136,-1
109140,-5
109144,5
109148,2
109152,-4
109156,-5
109160,-2
109164,5
109168,-2
109172,-3
109176,1
109180,1
109184,-4
109188,1
109192,-5
109196,5
109200,3
109204,-1
109208,1
109212,3
109216,2
109220,-5
109224,-5
109228,5
109232,0
109236,-1
109240,-4
109244,4
109248,2
109252,5
109256,0
109260,-5
109264,5
109268,5
109272,-3
109276,5
109280,-4
109284,-1
109288,-2
109292,-2
109296,5
109300,-2
109304,1
109308,-2
109312,1
109316,-4
109320,1
109324,-2
109328,-4
109332,0
109336,-5
109340,-1
109344,-4
109348,2
109352,-5
109356,5
109360,5
109364,5
109368,-5
109372,0
109376,-4
109380,-3
109384,4
109388,-1
109392,3
109396,-3
109400,5
109404,4
109408,2
109412,-5
109416,-2
109420,-4
109424,2
109428,-2
109432,4
109436,3
109440,-3
109444,1
109448,5
109452,3
109456,-4
109460,-2
109464,-3
109468,1
109472,5
109476,0
109480,0
109484,0
109488,3
109492,-4
109496,2
109500,1
109504,2
109508,-2
109512,3
109516,2
109520,1
109524,4
109528,-1
109532,3
109536,2
109540,4
109544,3
109548,5
109552,5
109556,-5
109560,4
109564,-5
109568,-1
109572,3
109576,5
109580,-3
109584,-1
109588,-1
109592,-3
109596,0
109600,3
109604,3
109608,1
109612,-2
109616,1
109620,2
109624,0
109628,-1
109632,0
109636,-4
109640,1
109644,0
109648,4
109652,1
109656,-5
109660,-4
109664,-3
109668,-2
109672,3
109676,2
109680,2
109684,4
109688,0
109692,1
109696,2
109700,4
109704,3
109708,-5
109712,-4
109716,2
109720,-2
109724,5
109728,0
109732,-2
109736,4
109740,4
109744,1
109748,-3
109752,-3
109756,-5
109760,-5
109764,1
109768,-1
109772,-2
109776,4
109780,-1
109784,-3
109788,2
109792,5
109796,-1
109800,-5
109804,1
109808,-5
109812,-2
109816,1
109820,-4
109824,1
109828,5
109832,4
109836,3
109840,-5
109844,5
109848,2
109852,4
109856,3
109860,0
109864,0
109868,-1
109872,-1
109876,-3
109880,5
109884,-5
109888,0
109892,-2
109896,-1
109900,2
109904,-1
109908,2
109912,5
109916,4
109920,-1
109924,-2
109928,0
109932,-3
109936,2
109940,2
109944,1
109948,-3
109952,-4
109956,-3
109960,-4
109964,2
109968,2
109972,-5
109976,1
109980,-3
109984,3
109988,0
109992,0
109996,-1
110000,4
110004,-2
110008,1
110012,3
110016,1
110020,4
110024,-3
110028,-2
110032,3
110036,-4
110040,5
110044,-4
110048,2
110052,3
110056,-3
110060,-2
110064,-5
110068,0
110072,-4
110076,-4
110080,-1
110084,5
110088,-2
110092,-5
110096,5
110100,2
110104,-3
110108,5
110112,-5
110116,1
110120,0
110124,5
110128,4
110132,-5
110136,-4
110140,-5
110144,-4
110148,-2
110152,-5
110156,2
110160,-3
110164,4
110168,-3
110172,1
110176,-4
110180,4
110184,-5
110188,2
110192,3
110196,-1
110200,-3
110204,3
110208,-2
110212,-2
110216,1
110220,1
110224,4
110228,-4
110232,-4
110236,-2
110240,-3
110244,-3
110248,-4
110252,1
110256,3
110260,-4
110264,-5
110268,-3
110272,-1
110276,5
110280,3
110284,-4
110288,-3
110292,-4
110296,-2
110300,3
110304,5
110308,-5
110312,0
110316,-1
110320,0
110324,-2
110328,5
110332,-1
110336,5
110340,4
110344,3
110348,-3
110352,2
110356,-1
110360,5
110364,-3
110368,3
110372,5
110376,5
110380,-5
110384,-1
110388,5
110392,3
110396,0
110400,-1
110404,0
110408,-4
110412,-2
110416,-4
110420,-1
110424,4
110428,3
110432,5
110436,0
110440,4
110444,1
110448,-3
110452,-5
110456,5
110460,-1
110464,-5
110468,-3
110472,3
110476,5
110480,5
110484,-1
110488,-3
110492,-3
110496,4
110500,3
110504,-2
110508,1
110512,-3
110516,2
110520,1
110524,-2
110528,4
110532,-5
110536,-3
110540,3
110544,-5
110548,-5
110552,-1
110556,-2
110560,5
110564,-1
110568,5
110572,4
110576,3
110580,2
110584,0
110588,1
110592,3
110596,2
110600,0
110604,1
110608,-4
110612,-4
110616,-4
110620,2
110624,-3
110628,-2
110632,-3
110636,2
110640,-5
110644,5
110648,-5
110652,2
110656,5
110660,0
110664,-1
110668,-4
110672,2
110676,-1
110680,-5
110684,-4
110688,5
110692,3
110696,5
110700,-3
110704,-5
110708,5
110712,-3
110716,-3
110720,-5
110724,5
110728,2
110732,-2
110736,-2
110740,-1
110744,-5
110748,-4
110752,-4
110756,5
110760,-3
110764,5
110768,3
110772,4
110776,-4
110780,-1
110784,2
110788,-4
110792,5
110796,5
110800,-5
110804,3
110808,-2
110812,0
110816,-2
110820,5
110824,5
110828,-5
110832,3
110836,4
110840,-4
110844,2
110848,3
110852,-1
110856,0
110860,-1
110864,4
110868,-3
110872,-2
110876,4
110880,5
110884,3
110888,0
110892,-5
110896,0
110900,1
110904,-4
110908,-5
110912,-2
110916,-1
110920,4
110924,2
110928,5
110932,-4
110936,-1
110940,1
110944,-2
110948,2
110952,2
110956,-2
110960,-4
110964,-3
110968,5
110972,0
110976,1
110980,3
110984,4
110988,-4
110992,5
110996,1
111000,1
111004,3
111008,-4
111012,-4
111016,0
111020,-4
111024,-4
111028,2
111032,-1
111036,-2
111040,-5
111044,0
111048,4
111052,-1
111056,1
111060,1
111064,-2
111068,4
111072,-4
111076,4
111080,-4
111084,-5
111088,1
111092,-2
111096,-3
111100,-1
111104,2
111108,0
111112,3
111116,-3
111120,1
111124,-1
111128,4
111132,-5
111136,-1
111140,-5
111144,-4
111148,5
111152,-1
111156,-5
111160,1
111164,-1
111168,0
111172,4
111176,2
111180,-2
111184,-5
111188,-2
111192,-5
111196,5
111200,1
111204,3
111208,-1
111212,4
111216,-3
111220,1
111224,-2
111228,0
111232,5
111236,-4
111240,-3
111244,1
111248,0
111252,-1
111256,-4
111260,-5
111264,-2
111268,-3
111272,3
111276,-2
111280,-5
111284,-4
111288,4
111292,-4
111296,-1
111300,4
111304,5
111308,-3
111312,-3
111316,-1
111320,1
111324,-2
111328,0
111332,-2
111336,2
111340,2
111344,-5
111348,-1
111352,-4
111356,-3
111360,-1
111364,1
111368,4
111372,2
111376,-1
111380,3
111384,1
111388,-1
111392,1
111396,-1
111400,3
111404,0
111408,3
111412,-1
111416,-5
111420,1
111424,2
111428,-1
111432,-4
111436,1
111440,-3
111444,0
111448,0
111452,-4
111456,-1
111460,-5
111464,-5
111468,-4
111472,-2
111476,0
111480,-2
111484,-5
111488,3
111492,4
111496,0
111500,5
111504,-5
111508,0
111512,3
111516,-5
111520,-3
111524,1
111528,1
111532,4
111536,-2
111540,2
111544,0
111548,-4
111552,4
111556,4
111560,1
111564,1
111568,4
111572,1
111576,0
111580,-5
111584,-5
111588,-2
111592,4
111596,3
111600,5
111604,5
111608,-3
111612,2
111616,3
111620,1
111624,-3
111628,5
111632,5
111636,5
111640,-1
111644,-3
111648,4
111652,-5
111656,0
111660,-2
111664,5
111668,5
111672,-3
111676,-1
111680,2
111684,5
111688,-3
111692,-1
111696,-3
111700,4
111704,-5
111708,1
111712,2
111716,-1
111720,-3
111724,3
111728,4
111732,-3
111736,2
111740,0
111744,3
111748,-2
111752,-2
111756,3
111760,-2
111764,2
111768,1
111772,5
111776,5
111780,-4
111784,-5
111788,-4
111792,-1
111796,5
111800,-3
111804,2
111808,-2
111812,4
111816,3
111820,-4
111824,1
111828,1
111832,0
111836,2
111840,2
111844,0
111848,-4
111852,-5
111856,-3
111860,4
111864,4
111868,4
111872,5
111876,-5
111880,3
111884,-3
111888,5
111892,-2
111896,4
111900,-4
111904,1
111908,-4
111912,-4
111916,2
111920,-5
111924,4
111928,5
111932,-2
111936,2
111940,5
111944,4
111948,-4
111952,-4
111956,-4
111960,0
111964,-5
111968,0
111972,1
111976,-3
111980,-4
111984,2
111988,0
111992,4
111996,1
112000,-3
112004,1
112008,5
112012,3
112016,-3
112020,-1
112024,-2
112028,-4
112032,5
112036,-5
112040,1
112044,4
112048,4
112052,-2
112056,4
112060,-4
112064,0
112068,5
112072,2
112076,3
112080,-1
112084,5
112088,5
112092,-1
112096,-5
112100,1
112104,-5
112108,-5
112112,2
112116,-1
112120,-1
112124,4
112128,4
112132,-3
112136,-5
112140,3
112144,1
112148,-1
112152,5
112156,5
112160,-5
112164,-3
112168,-4
112172,-5
112176,2
112180,2
112184,4
112188,2
112192,-2
112196,-2
112200,-4
112204,1
112208,3
112212,-5
112216,-3
112220,5
112224,0
112228,4
112232,-4
112236,2
112240,5
112244,1
112248,-1
112252,5
112256,-4
112260,4
112264,-3
112268,-3
112272,0
112276,-5
112280,1
112284,4
112288,-4
112292,-4
112296,5
112300,-1
112304,3
112308,-4
112312,3
112316,-4
112320,-2
112324,1
112328,0
112332,-3
112336,-5
112340,2
112344,-2
112348,1
112352,1
112356,-4
112360,-2
112364,-3
112368,-3
112372,3
112376,1
112380,-4
112384,-1
112388,2
112392,-1
112396,-4
112400,0
112404,1
112408,4
112412,4
112416,-2
112420,3
112424,1
112428,0
112432,1
112436,-5
112440,-3
112444,-2
112448,2
112452,4
112456,-3
112460,-5
112464,-1
112468,-3
112472,-5
112476,-1
112480,0
112484,5
112488,3
112492,3
112496,-2
112500,0
112504,1
112508,-5
112512,5
112516,1
112520,-2
112524,-5
112528,0
112532,0
112536,0
112540,-5
112544,1
112548,-5
112552,-5
112556,2
112560,1
112564,3
112568,-2
112572,-5
112576,-2
112580,-2
112584,5
112588,-2
112592,-2
112596,0
112600,1
112604,-3
112608,1
112612,4
112616,0
112620,-4
112624,-2
112628,1
112632,3
112636,1
112640,2
112644,4
112648,-2
112652,-3
112656,-4
112660,-4
112664,-4
112668,-3
112672,5
112676,0
112680,3
112684,-3
112688,1
112692,5
112696,1
112700,2
112704,1
112708,-1
112712,4
112716,-2
112720,4
112724,4
112728,3
112732,-2
112736,-4
112740,-5
112744,2
112748,4
112752,-1
112756,0
112760,-4
112764,3
112768,-3
112772,5
112776,-3
112780,3
112784,2
112788,-4
112792,3
112796,1
112800,1
112804,3
112808,4
112812,-5
112816,1
112820,5
112824,1
112828,2
112832,-1
112836,-1
112840,-3
112844,-3
112848,2
112852,-1
112856,5
112860,-4
112864,-4
112868,1
112872,-5
112876,-1
112880,-4
112884,0
112888,2
112892,-1
112896,-3
112900,-3
112904,-5
112908,-2
112912,1
112916,-4
112920,3
112924,4
112928,4
112932,4
112936,2
112940,-5
112944,4
112948,-1
112952,-2
112956,3
112960,3
112964,2
112968,-5
112972,5
112976,3
112980,4
112984,3
112988,-2
112992,4
112996,2
113000,4
113004,-2
113008,-5
113012,1
113016,0
113020,-1
113024,0
113028,-5
113032,-5
113036,3
113040,0
113044,5
113048,2
113052,5
113056,3
113060,1
113064,4
113068,1
113072,0
113076,0
113080,-2
113084,0
113088,0
113092,-3
113096,-4
113100,1
113104,4
113108,-2
113112,-5
113116,-2
113120,4
113124,1
113128,-4
113132,0
113136,2
113140,-2
113144,3
113148,-1
113152,5
113156,-5
113160,1
113164,2
113168,5
113172,-5
113176,3
113180,1
113184,-5
113188,1
113192,2
113196,3
113200,-1
113204,4
113208,-4
113212,1
113216,3
113220,-5
113224,-4
113228,0
113232,5
113236,-4
113240,2
113244,-3
113248,-5
113252,1
113256,5
113260,-5
113264,3
113268,-5
113272,3
113276,4
113280,3
113284,3
113288,5
113292,5
113296,-4
113300,3
113304,-5
113308,2
113312,-3
113316,-1
113320,-1
113324,-2
113328,0
113332,-2
113336,-2
113340,4
113344,5
113348,3
113352,5
113356,2
113360,0
113364,0
113368,2
113372,1
113376,2
113380,3
113384,-4
113388,-1
113392,5
113396,5
113400,4
113404,-2
113408,-4
113412,0
113416,2
113420,5
113424,1
113428,-5
113432,-2
113436,4
113440,4
113444,-5
113448,-4
113452,4
113456,5
113460,-2
113464,-2
113468,5
113472,1
113476,5
113480,-4
113484,-2
113488,-5
113492,0
113496,0
113500,1
113504,-1
113508,3
113512,2
113516,-1
113520,0
113524,3
113528,3
113532,2
113536,0
113540,0
113544,3
113548,-1
113552,1
113556,5
113560,-5
113564,4
113568,-4
113572,-3
113576,1
113580,-4
113584,0
113588,1
113592,-5
113596,-5
113600,2
113604,3
113608,0
113612,-3
113616,-5
113620,1
113624,4
113628,-1
113632,5
113636,-4
113640,0
113644,-3
113648,0
113652,3
113656,4
113660,4
113664,2
113668,-1
113672,-3
113676,-4
113680,2
113684,-4
113688,0
113692,-2
113696,-2
113700,-3
113704,1
113708,-3
113712,5
113716,-4
113720,-3
113724,-4
113728,2
113732,3
113736,-5
113740,3
113744,-2
113748,5
113752,4
113756,0
113760,-2
113764,-1
113768,1
113772,-3
113776,-2
113780,2
113784,3
113788,1
113792,2
113796,4
113800,-2
113804,5
113808,3
113812,-5
113816,-1
113820,3
113824,-4
113828,-1
113832,-2
113836,0
113840,-4
113844,0
113848,-1
113852,2
113856,-5
113860,5
113864,5
113868,-3
113872,0
113876,5
113880,-5
113884,-3
113888,-2
113892,5
113896,2
113900,-1
113904,-3
113908,4
113912,3
113916,-4
113920,0
113924,-3
113928,-5
113932,-2
113936,4
113940,-4
113944,-1
113948,0
113952,3
113956,3
113960,1
113964,1
113968,-2
113972,-3
113976,-5
113980,-1
113984,-3
113988,5
113992,2
113996,-4
114000,1
114004,-2
114008,-3
114012,-2
114016,3
114020,1
114024,-3
114028,-4
114032,2
114036,2
114040,-2
114044,2
114048,0
114052,1
114056,2
114060,-2
114064,5
114068,2
114072,-2
114076,4
114080,-3
114084,5
114088,-4
114092,0
114096,-5
114100,0
114104,-5
114108,3
114112,-2
114116,-3
114120,-2
114124,3
114128,-4
114132,1
114136,4
114140,-5
114144,5
114148,-1
114152,-3
114156,4
114160,4
114164,-4
114168,0
114172,5
114176,3
114180,2
114184,-1
114188,-4
114192,5
114196,1
114200,4
114204,2
114208,2
114212,-5
114216,-5
114220,1
114224,0
114228,-5
114232,-2
114236,-1
114240,5
114244,1
114248,-5
114252,0
114256,-3
114260,-3
114264,-5
114268,3
114272,3
114276,0
114280,-4
114284,-3
114288,2
114292,5
114296,-2
114300,-2
114304,1
114308,-3
114312,5
114316,-3
114320,-2
114324,3
114328,-4
114332,2
114336,2
114340,3
114344,-5
114348,4
114352,-3
114356,0
114360,5
114364,-1
114368,-1
114372,1
114376,-1
114380,3
114384,1
114388,1
114392,3
114396,0
114400,0
114404,1
114408,1
114412,-2
114416,2
114420,2
114424,0
114428,3
114432,0
114436,0
114440,-2
114444,-2
114448,5
114452,1
114456,-5
114460,1
114464,0
114468,4
114472,-4
114476,-2
114480,1
114484,2
114488,-1
114492,-2
114496,-2
114500,3
114504,-3
114508,-4
114512,-5
114516,-4
114520,-1
114524,0
114528,-5
114532,-3
114536,1
114540,4
114544,3
114548,5
114552,-1
114556,-1
114560,0
114564,-2
114568,-3
114572,-3
114576,1
114580,-5
114584,4
114588,5
114592,0
114596,0
114600,2
114604,4
114608,-5
114612,4
114616,4
114620,-5
114624,4
114628,3
114632,-2
114636,-2
114640,-5
114644,-5
114648,1
114652,-3
114656,1
114660,0
114664,-4
114668,-1
114672,0
114676,-1
114680,-1
114684,-4
114688,-1
114692,4
114696,1
114700,-3
114704,-2
114708,-5
114712,-2
114716,0
114720,-4
114724,3
114728,3
114732,1
114736,2
114740,3
114744,-1
114748,-1
114752,2
114756,4
114760,-1
114764,-1
114768,1
114772,-4
114776,-1
114780,1
114784,-4
114788,-4
114792,-1
114796,0
114800,0
114804,-3
114808,-4
114812,5
114816,2
114820,-3
114824,-3
114828,-3
114832,-5
114836,-1
114840,1
114844,2
114848,-3
114852,-2
114856,0
114860,-1
114864,0
114868,-5
114872,0
114876,5
114880,1
114884,-1
114888,4
114892,-5
114896,-2
114900,-5
114904,-2
114908,-5
114912,-5
114916,5
114920,-4
114924,5
114928,5
114932,4
114936,5
114940,0
114944,-2
114948,-3
114952,2
114956,1
114960,-3
114964,3
114968,-4
114972,5
114976,3
114980,1
114984,5
114988,0
114992,4
114996,5
115000,-2
115004,5
115008,4
115012,0
115016,-1
115020,-5
115024,-3
115028,-1
115032,0
115036,-3
115040,-3
115044,-3
115048,-5
115052,5
115056,4
115060,-3
115064,3
115068,-4
115072,3
115076,-1
115080,-2
115084,5
115088,-5
115092,3
115096,1
115100,1
115104,-4
115108,-5
115112,3
115116,3
115120,-2
115124,-3
115128,5
115132,-1
115136,5
115140,5
115144,1
115148,5
115152,-4
115156,-3
115160,-2
115164,5
115168,-5
115172,3
115176,5
115180,3
115184,0
115188,-3
115192,3
115196,-4
115200,0
115204,1
115208,5
115212,0
115216,0
115220,2
115224,2
115228,-3
115232,-4
115236,3
115240,1
115244,-2
115248,0
115252,5
115256,1
115260,0
115264,-1
115268,3
115272,-3
115276,3
115280,5
115284,-2
115288,0
115292,2
115296,-4
115300,-5
115304,-2
115308,1
115312,-5
115316,4
115320,0
115324,-1
115328,4
115332,-5
115336,-2
115340,3
115344,-5
115348,0
115352,-5
115356,-5
115360,-2
115364,0
115368,-5
115372,-2
115376,1
115380,-4
115384,1
115388,-2
115392,-3
115396,-2
115400,-5
115404,0
115408,-2
115412,5
115416,-5
115420,-5
115424,-4
115428,3
115432,1
115436,-5
115440,4
115444,-1
115448,2
115452,5
115456,-3
115460,-2
115464,-1
115468,-5
115472,-1
115476,4
115480,1
115484,2
115488,5
115492,-3
115496,-1
115500,1
115504,-2
115508,-4
115512,-5
115516,-4
115520,1
115524,5
115528,-5
115532,-2
115536,1
115540,-4
115544,-1
115548,-2
115552,3
115556,1
115560,-1
115564,0
115568,5
115572,2
115576,-4
115580,5
115584,-3
115588,3
115592,2
115596,4
115600,-4
115604,5
115608,-4
115612,-1
115616,-5
115620,-2
115624,-4
115628,3
115632,3
115636,-4
115640,-5
115644,1
115648,4
115652,-1
115656,-3
115660,3
115664,3
115668,-2
115672,-3
115676,-3
115680,-5
115684,-1
115688,3
115692,-2
115696,-3
115700,1
115704,-4
115708,5
115712,-2
115716,-5
115720,-4
115724,-2
115728,1
115732,4
115736,4
115740,2
115744,1
115748,2
115752,1
115756,-5
115760,4
115764,4
115768,4
115772,4
115776,1
115780,3
115784,5
115788,3
115792,2
115796,0
115800,1
115804,-4
115808,-5
115812,-4
115816,-5
115820,4
115824,-2
115828,-5
115832,1
115836,-3
115840,4
115844,-1
115848,-4
115852,3
115856,0
115860,0
115864,-2
115868,-1
115872,2
115876,2
115880,4
115884,-4
115888,0
115892,-4
115896,-5
115900,0
115904,4
115908,4
115912,1
115916,3
115920,-1
115924,-3
115928,2
115932,-4
115936,0
115940,-1
115944,4
115948,-3
115952,-4
115956,4
115960,-2
115964,-3
115968,-5
115972,1
115976,3
115980,0
115984,-3
115988,5
115992,5
115996,0
116000,-2
116004,4
116008,2
116012,4
116016,-5
116020,-3
116024,5
116028,-4
116032,2
116036,0
116040,-5
116044,-3
116048,1
116052,-1
116056,2
116060,5
116064,0
116068,-3
116072,-4
116076,-5
116080,1
116084,-1
116088,-2
116092,4
116096,1
116100,0
116104,-4
116108,0
116112,-4
116116,-5
116120,-2
116124,-2
116128,5
116132,-5
116136,0
116140,2
116144,-5
116148,5
116152,4
116156,-2
116160,1
116164,0
116168,2
116172,2
116176,4
116180,2
116184,-5
116188,-4
116192,3
116196,0
116200,4
116204,-2
116208,-4
116212,5
116216,-4
116220,-5
116224,-4
116228,-5
116232,5
116236,-1
116240,-4
116244,0
116248,1
116252,5
116256,2
116260,-1
116264,1
116268,-3
116272,-5
116276,-1
116280,-5
116284,2
116288,1
116292,-5
116296,-5
116300,1
116304,-3
116308,1
116312,-3
116316,4
116320,-3
116324,5
116328,0
116332,5
116336,-3
116340,-1
116344,1
116348,3
116352,0
116356,-2
116360,-4
116364,4
116368,5
116372,1
116376,-5
116380,4
116384,-4
116388,2
116392,0
116396,-2
116400,5
116404,-5
116408,-4
116412,-4
116416,4
116420,-3
116424,3
116428,4
116432,4
116436,-2
116440,5
116444,5
116448,1
116452,-2
116456,-1
116460,2
116464,-2
116468,0
116472,-1
116476,-2
116480,3
116484,1
116488,5
116492,-2
116496,3
116500,-1
116504,3
116508,-2
116512,0
116516,0
116520,-4
116524,-5
116528,-5
116532,-1
116536,0
116540,-5
116544,-1
116548,1
116552,2
116556,4
116560,-3
116564,-4
116568,-4
116572,5
116576,1
116580,4
116584,-5
116588,-1
116592,-5
116596,3
116600,-3
116604,1
116608,-4
116612,3
116616,4
116620,3
116624,-1
116628,0
116632,-5
116636,-2
116640,4
116644,1
116648,2
116652,5
116656,5
116660,4
116664,0
116668,-2
116672,-3
116676,-4
116680,-5
116684,3
116688,3
116692,-2
116696,0
116700,0
116704,-4
116708,-5
116712,-3
116716,-5
116720,-4
116724,-2
116728,-3
116732,1
116736,-4
116740,0
116744,-4
116748,2
116752,1
116756,-1
116760,-2
116764,-5
116768,4
116772,5
116776,2
116780,2
116784,2
116788,2
116792,2
116796,-4
116800,2
116804,-5
116808,4
116812,0
116816,2
116820,-2
116824,1
116828,-1
116832,-1
116836,2
116840,1
116844,-4
116848,-2
116852,0
116856,5
116860,-3
116864,-4
116868,2
116872,1
116876,-3
116880,4
116884,5
116888,-3
116892,1
116896,5
116900,-5
116904,1
116908,-5
116912,5
116916,-2
116920,0
116924,-4
116928,2
116932,-3
116936,-1
116940,0
116944,-3
116948,-2
116952,3
116956,-4
116960,5
116964,0
116968,2
116972,5
116976,0
116980,-1
116984,-3
116988,-4
116992,2
116996,0
117000,4
117004,-1
117008,-5
117012,1
117016,1
117020,-5
117024,3
117028,-4
117032,-2
117036,5
117040,-4
117044,-4
117048,-1
117052,-3
117056,-5
117060,-3
117064,4
117068,1
117072,4
117076,-4
117080,0
117084,3
117088,-2
117092,-3
117096,4
117100,1
117104,0
117108,3
117112,-1
117116,0
117120,2
117124,4
117128,-5
117132,2
117136,5
117140,3
117144,-5
117148,3
117152,1
117156,-3
117160,5
117164,3
117168,4
117172,-5
117176,3
117180,-4
117184,5
117188,-1
117192,-4
117196,1
117200,0
117204,4
117208,2
117212,0
117216,-5
117220,-1
117224,-2
117228,-1
117232,2
117236,5
117240,-1
117244,4
117248,3
117252,-4
117256,-3
117260,1
117264,-4
117268,-5
117272,-2
117276,4
117280,3
117284,-4
117288,-3
117292,5
117296,-2
117300,3
117304,-4
117308,4
117312,0
117316,3
117320,-5
117324,-3
117328,-2
117332,2
117336,3
117340,2
117344,1
117348,0
117352,0
117356,4
117360,-3
117364,-3
117368,-5
117372,-3
117376,-1
117380,5
117384,2
117388,4
117392,-1
117396,5
117400,5
117404,-1
117408,-1
117412,4
117416,-2
117420,-5
117424,-1
117428,-4
117432,0
117436,-3
117440,-3
117444,-4
117448,-2
117452,-5
117456,3
117460,2
117464,-3
117468,0
117472,2
117476,3
117480,1
117484,-5
117488,2
117492,3
117496,5
117500,-2
117504,2
117508,-2
117512,-1
117516,-1
117520,0
117524,1
117528,-4
117532,-2
117536,-5
117540,-2
117544,5
117548,4
117552,-3
117556,-4
117560,5
117564,-4
117568,-5
117572,-3
117576,5
117580,-3
117584,-5
117588,-2
117592,-5
117596,1
117600,0
117604,0
117608,0
117612,-5
117616,3
117620,-5
117624,3
117628,-5
117632,1
117636,4
117640,0
117644,1
117648,4
117652,0
117656,-2
117660,-2
117664,2
117668,4
117672,2
117676,4
117680,2
117684,-4
117688,3
117692,1
117696,4
117700,-4
117704,2
117708,0
117712,2
117716,2
117720,3
117724,5
117728,-1
117732,-5
117736,5
117740,-4
117744,1
117748,1
117752,2
117756,-2
117760,4
117764,4
117768,5
117772,3
117776,-5
117780,4
117784,0
117788,-1
117792,3
117796,1
117800,1
117804,-2
117808,-1
117812,-3
117816,3
117820,0
117824,-3
117828,2
117832,-5
117836,-5
117840,0
117844,-2
117848,2
117852,3
117856,2
117860,5
117864,0
117868,5
117872,-3
117876,-1
117880,-2
117884,5
117888,-2
117892,-1
117896,-2
117900,5
117904,-2
117908,-2
117912,-1
117916,5
117920,4
117924,-4
117928,5
117932,1
117936,5
117940,2
117944,1
117948,-5
117952,4
117956,-4
117960,3
117964,-3
117968,2
117972,1
117976,-4
117980,-1
117984,0
117988,-3
117992,-1
117996,4
118000,-5
118004,5
118008,0
118012,3
118016,3
118020,1
118024,-2
118028,4
118032,2
118036,2
118040,-1
118044,2
118048,4
118052,4
118056,-1
118060,1
118064,-1
118068,-4
118072,-5
118076,-2
118080,1
118084,2
118088,2
118092,-4
118096,1
118100,-3
118104,-2
118108,2
118112,5
118116,-5
118120,3
118124,-2
118128,-5
118132,4
118136,2
118140,-5
118144,-2
118148,4
118152,3
118156,3
118160,-2
118164,1
118168,-2
118172,3
118176,5
118180,-4
118184,1
118188,-4
118192,2
118196,-1
118200,-2
118204,5
118208,-5
118212,-2
118216,1
118220,-5
118224,-1
118228,0
118232,1
118236,5
118240,5
118244,1
118248,-2
118252,-4
118256,-3
118260,-4
118264,0
118268,0
118272,-3
118276,2
118280,-2
118284,1
118288,-4
118292,4
118296,-2
118300,2
118304,-4
118308,-5
118312,-4
118316,4
118320,2
118324,-2
118328,-3
118332,-5
118336,-2
118340,-1
118344,3
118348,-5
118352,5
118356,-4
118360,-2
118364,-4
118368,1
118372,4
118376,3
118380,-5
118384,-1
118388,4
118392,2
118396,-5
118400,1
118404,3
118408,-2
118412,0
118416,-1
118420,-5
118424,3
118428,-5
118432,0
118436,-1
118440,-5
118444,-2
118448,2
118452,2
118456,-5
118460,-3
118464,4
118468,-1
118472,2
118476,3
118480,1
118484,3
118488,2
118492,2
118496,2
118500,1
118504,-4
118508,2
118512,-1
118516,-5
118520,1
118524,-5
118528,-4
118532,-5
118536,-1
118540,4
118544,3
118548,-2
118552,-2
118556,3
118560,-4
118564,0
118568,3
118572,-5
118576,3
118580,2
118584,-4
118588,-3
118592,4
118596,-1
118600,4
118604,0
118608,2
118612,2
118616,0
118620,5
118624,1
118628,2
118632,-1
118636,-2
118640,3
118644,4
118648,-4
118652,-1
118656,0
118660,-2
118664,-3
118668,-2
118672,1
118676,-3
118680,4
118684,-1
118688,4
118692,2
118696,1
118700,3
118704,-4
118708,-3
118712,1
118716,-1
118720,5
118724,4
118728,2
118732,-2
118736,5
118740,4
118744,5
118748,3
118752,3
118756,-5
118760,2
118764,-5
118768,-1
118772,4
118776,-5
118780,5
118784,-5
118788,5
118792,3
118796,2
118800,-1
118804,-1
118808,4
118812,1
118816,-4
118820,-3
118824,-1
118828,5
118832,1
118836,-4
118840,2
118844,-5
118848,-5
118852,4
118856,3
118860,-4
118864,-2
118868,2
118872,-2
118876,5
118880,-2
118884,0
118888,-4
118892,-1
118896,0
118900,-1
118904,5
118908,5
118912,-5
118916,2
118920,2
118924,-3
118928,5
118932,5
118936,5
118940,4
118944,4
118948,0
118952,4
118956,2
118960,2
118964,1
118968,-3
118972,3
118976,1
118980,1
118984,2
118988,-3
118992,5
118996,4
119000,3
119004,5
119008,-5
119012,-5
119016,-5
119020,-4
119024,1
119028,3
119032,2
119036,0
119040,-2
119044,0
119048,-4
119052,4
119056,-2
119060,2
119064,4
119068,4
119072,3
119076,0
119080,0
119084,3
119088,-2
119092,-4
119096,0
119100,-2
119104,5
119108,-3
119112,3
119116,2
119120,3
119124,5
119128,1
119132,1
119136,-5
119140,4
119144,2
119148,-4
119152,-5
119156,-5
119160,3
119164,4
119168,1
119172,-5
119176,-2
119180,0
119184,-4
119188,4
119192,0
119196,3
119200,-3
119204,5
119208,4
119212,-2
119216,-5
119220,-1
119224,-3
119228,-3
119232,4
119236,-2
119240,-1
119244,1
119248,-1
119252,4
119256,-4
119260,4
119264,-4
119268,-4
119272,5
119276,2
119280,5
119284,-2
119288,-5
119292,-4
119296,3
119300,3
119304,-4
119308,3
119312,0
119316,3
119320,4
119324,-4
119328,5
119332,5
119336,3
119340,5
119344,2
119348,4
119352,5
119356,3
119360,3
119364,3
119368,-5
119372,-4
119376,-2
119380,5
119384,1
119388,0
119392,-5
119396,-4
119400,-5
119404,4
119408,1
119412,-1
119416,2
119420,4
119424,-3
119428,0
119432,-5
119436,5
119440,-3
119444,0
119448,1
119452,-5
119456,0
119460,4
119464,1
119468,5
119472,-4
119476,0
119480,-4
119484,0
119488,-2
119492,-3
119496,5
119500,-2
119504,-1
119508,-2
119512,-1
119516,3
119520,-1
119524,4
119528,2
119532,-3
119536,0
119540,4
119544,-5
119548,2
119552,-2
119556,1
119560,2
119564,3
119568,2
119572,2
119576,5
119580,-5
119584,4
119588,-4
119592,-3
119596,-4
119600,-2
119604,-5
119608,5
119612,-1
119616,-4
119620,-1
119624,1
119628,-3
119632,2
119636,-5
119640,-3
119644,-2
119648,5
119652,3
119656,5
119660,5
119664,1
119668,2
119672,-5
119676,-1
119680,-1
119684,0
119688,2
119692,-2
119696,5
119700,5
119704,4
119708,4
119712,-4
119716,5
119720,5
119724,3
119728,4
119732,0
119736,3
119740,2
119744,-5
119748,2
119752,-1
119756,-3
119760,5
119764,-3
119768,4
119772,-5
119776,0
119780,5
119784,-1
119788,3
119792,2
119796,-2
119800,3
119804,-3
119808,2
119812,-1
119816,-5
119820,1
119824,0
119828,1
119832,3
119836,4
119840,1
119844,-4
119848,0
119852,4
119856,1
119860,-2
119864,1
119868,-1
119872,1
119876,0
119880,1
119884,-3
119888,5
119892,1
119896,0
119900,2
119904,4
119908,-3
119912,4
119916,-3
119920,-5
119924,-2
119928,-3
119932,1
119936,-4
119940,1
119944,3
119948,5
119952,-2
119956,-4
119960,-2
119964,5
119968,3
119972,4
119976,4
119980,-2
119984,-5
119988,3
119992,-4
119996,3
120000,1
120004,2
120008,-2
120012,4
120016,-2
120020,0
120024,0
120028,-2
120032,0
120036,3
120040,1
120044,5
120048,-1
120052,4
120056,-5
120060,-4
120064,-3
120068,-4
120072,0
120076,-3
120080,-3
120084,-2
120088,-2
120092,-5
120096,-5
120100,-1
120104,5
120108,0
120112,2
120116,5
120120,5
120124,2
120128,-2
120132,-4
120136,5
120140,-5
120144,-2
120148,3
120152,5
120156,5
120160,-4
120164,-2
120168,3
120172,0
120176,5
120180,5
120184,3
120188,-3
120192,3
120196,2
120200,-3
120204,-2
120208,5
120212,3
120216,2
120220,-4
120224,-2
120228,0
120232,-4
120236,-4
120240,-2
120244,0
120248,4
120252,3
120256,-3
120260,-3
120264,4
120268,3
120272,4
120276,3
120280,5
120284,-4
120288,2
120292,-1
120296,3
120300,5
120304,-4
120308,3
120312,-1
120316,0
120320,3
120324,3
120328,5
120332,-1
120336,-4
120340,-1
120344,4
120348,-1
120352,-5
120356,1
120360,-3
120364,-1
120368,-1
120372,-3
120376,0
120380,-2
120384,3
120388,-3
120392,4
120396,-5
120400,-1
120404,3
120408,3
120412,-4
120416,4
120420,-4
120424,-3
120428,1
120432,-2
120436,5
120440,-2
120444,-2
120448,-4
120452,5
120456,-4
120460,1
120464,-1
120468,3
120472,5
120476,-5
120480,4
120484,3
120488,-2
120492,-1
120496,-2
120500,2
120504,-5
120508,-1
120512,3
120516,5
120520,-2
120524,-3
120528,5
120532,4
120536,-1
120540,-1
120544,2
120548,-1
120552,4
120556,1
120560,-1
120564,5
120568,-2
120572,-1
120576,-5
120580,1
120584,-3
120588,-1
120592,-3
120596,5
120600,-5
120604,5
120608,-1
120612,5
120616,4
120620,3
120624,5
120628,4
120632,-4
120636,5
120640,-2
120644,2
120648,1
120652,-2
120656,-2
120660,3
120664,2
120668,-2
120672,-5
120676,2
120680,2
120684,-5
120688,1
120692,1
120696,-4
120700,-4
120704,-1
120708,2
120712,4
120716,3
120720,5
120724,-1
120728,-1
120732,2
120736,0
120740,-3
120744,-3
120748,-1
120752,0
120756,-2
120760,-1
120764,5
120768,1
120772,-1
120776,5
120780,-1
120784,-2
120788,-1
120792,1
120796,4
120800,5
120804,0
120808,0
120812,-3
120816,-2
120820,-1
120824,-4
120828,2
120832,-5
120836,4
120840,-5
120844,-1
120848,0
120852,1
120856,-5
120860,5
120864,1
120868,1
120872,-2
120876,1
120880,-2
120884,-2
120888,5
120892,-1
120896,4
120900,2
120904,-3
120908,4
120912,-5
120916,3
120920,5
120924,-5
120928,4
120932,5
120936,-3
120940,-2
120944,-5
120948,0
120952,4
120956,0
120960,-1
120964,-2
120968,-3
120972,3
120976,-5
120980,-1
120984,5
120988,1
120992,1
120996,-1
121000,-1
121004,1
121008,1
121012,0
121016,3
121020,2
121024,0
121028,-2
121032,1
121036,-5
121040,-3
121044,-3
121048,-2
121052,-5
121056,-1
121060,-5
121064,-3
121068,4
121072,1
121076,2
121080,4
121084,-5
121088,4
121092,4
121096,-5
121100,-1
121104,-1
121108,-1
121112,-4
121116,-2
121120,-5
121124,1
121128,-3
121132,-4
121136,-1
121140,1
121144,2
121148,3
121152,3
121156,3
121160,-4
121164,3
121168,-4
121172,2
121176,5
121180,1
121184,0
121188,-4
121192,-3
121196,4
121200,-2
121204,-1
121208,4
121212,3
121216,1
121220,4
121224,-5
121228,-3
121232,4
121236,5
121240,-2
121244,-4
121248,4
121252,5
121256,4
121260,2
121264,-4
121268,1
121272,1
121276,2
121280,-4
121284,-4
121288,0
121292,-4
121296,-4
121300,-1
121304,5
121308,0
121312,-1
121316,-1
121320,0
121324,-2
121328,4
121332,5
121336,-4
121340,0
121344,-3
121348,-1
121352,-3
121356,-2
121360,-5
121364,-1
121368,3
121372,5
121376,-3
121380,0
121384,-1
121388,-4
121392,-3
121396,-1
121400,0
121404,-1
121408,0
121412,4
121416,2
121420,0
121424,-4
121428,3
121432,1
121436,4
121440,-2
121444,4
121448,1
121452,-1
121456,-4
121460,2
121464,3
121468,-1
121472,-5
121476,-1
121480,2
121484,-3
121488,5
121492,-5
121496,-1
121500,-2
121504,5
121508,-5
121512,1
121516,-4
121520,4
121524,-4
121528,-2
121532,2
121536,0
121540,3
121544,1
121548,5
121552,-2
121556,0
121560,-5
121564,2
121568,-3
121572,5
121576,2
121580,-3
121584,0
121588,3
121592,5
121596,1
121600,1
121604,-4
121608,-2
121612,5
121616,5
121620,-3
121624,-1
121628,-1
121632,-1
121636,-5
121640,2
121644,0
121648,3
121652,0
121656,1
121660,0
121664,5
121668,5
121672,2
121676,-4
121680,5
121684,-3
121688,2
121692,5
121696,4
121700,2
121704,-2
121708,1
121712,-4
121716,-2
121720,0
121724,2
121728,5
121732,-1
121736,-5
121740,5
121744,4
121748,-1
121752,0
121756,-4
121760,-3
121764,-1
121768,3
121772,-5
121776,-1
121780,-4
121784,-4
121788,-1
121792,-4
121796,1
121800,5
121804,3
121808,5
121812,0
121816,2
121820,5
121824,-2
121828,3
121832,5
121836,2
121840,-1
121844,4
121848,-1
121852,-4
121856,-5
121860,1
121864,-4
121868,2
121872,2
121876,1
121880,1
121884,2
121888,3
121892,1
121896,1
121900,3
121904,-3
121908,5
121912,3
121916,-3
121920,-2
121924,-4
121928,4
121932,-3
121936,2
121940,5
121944,-4
121948,5
121952,4
121956,5
121960,-1
121964,0
121968,-1
121972,-5
121976,-3
121980,-4
121984,5
121988,-5
121992,4
121996,-4
122000,1
122004,4
122008,-1
122012,-4
122016,0
122020,4
122024,-2
122028,0
122032,5
122036,3
122040,-3
122044,0
122048,5
122052,-3
122056,-3
122060,3
122064,-1
122068,-1
122072,-4
122076,-4
122080,-5
122084,1
122088,2
122092,4
122096,0
122100,0
122104,-2
122108,0
122112,1
122116,-1
122120,-5
122124,1
122128,1
122132,2
122136,-5
122140,3
122144,-4
122148,0
122152,3
122156,2
122160,5
122164,-3
122168,1
122172,5
122176,2
122180,0
122184,-2
122188,-1
122192,-5
122196,3
122200,-5
122204,-1
122208,1
122212,0
122216,-2
122220,2
122224,0
122228,-3
122232,5
122236,3
122240,-4
122244,-2
122248,-1
122252,5
122256,4
122260,5
122264,5
122268,4
122272,3
122276,2
122280,4
122284,3
122288,3
122292,-3
122296,5
122300,0
122304,1
122308,-5
122312,-4
122316,4
122320,0
122324,2
122328,3
122332,-2
122336,2
122340,-2
122344,4
122348,5
122352,4
122356,-2
122360,-5
122364,-5
122368,1
122372,-1
122376,-2
122380,-5
122384,-4
122388,2
122392,-1
122396,-2
122400,-3
122404,-5
122408,0
122412,4
122416,2
122420,0
122424,0
122428,-3
122432,-3
122436,-5
122440,0
122444,4
122448,-3
122452,3
122456,-3
122460,-3
122464,1
122468,3
122472,0
122476,2
122480,-1
122484,5
122488,-4
122492,4
122496,-4
122500,2
122504,4
122508,4
122512,-1
122516,-2
122520,3
122524,4
122528,-5
122532,3
122536,0
122540,-1
122544,-3
122548,3
122552,1
122556,1
122560,5
122564,3
122568,3
122572,1
122576,-2
122580,5
122584,0
122588,0
122592,4
122596,2
122600,-2
122604,5
122608,5
122612,-1
122616,-2
122620,3
122624,-4
122628,-5
122632,0
122636,-5
122640,5
122644,5
122648,-1
122652,3
122656,4
122660,0
122664,5
122668,2
122672,1
122676,4
122680,4
122684,4
122688,5
122692,-2
122696,-3
122700,4
122704,2
122708,1
122712,5
122716,1
122720,-1
122724,-1
122728,0
122732,-4
122736,-5
122740,-4
122744,2
122748,0
122752,-3
122756,0
122760,-2
122764,-3
122768,-2
122772,0
122776,0
122780,0
122784,0
122788,-4
122792,-3
122796,2
122800,5
122804,-2
122808,5
122812,3
122816,-5
122820,1
122824,-5
122828,1
122832,-1
122836,-2
122840,-3
122844,5
122848,-5
122852,5
122856,-1
122860,1
122864,-1
122868,2
122872,-4
122876,-3
122880,2
122884,4
122888,-1
122892,4
122896,3
122900,-5
122904,-4
122908,5
122912,4
122916,-4
122920,0
122924,-5
122928,0
122932,-1
122936,5
122940,-2
122944,-2
122948,-5
122952,-4
122956,-4
122960,0
122964,4
122968,4
122972,2
122976,3
122980,3
122984,3
122988,4
122992,-1
122996,-1
123000,-4
123004,3
123008,4
123012,5
123016,4
123020,5
123024,-4
123028,3
123032,5
123036,-1
123040,5
123044,2
123048,2
123052,5
123056,-2
123060,-4
123064,-3
123068,-5
123072,5
123076,0
123080,0
123084,2
123088,-2
123092,-4
123096,0
123100,-4
123104,0
123108,-5
123112,0
123116,-5
123120,0
123124,1
123128,1
123132,-1
123136,5
123140,-4
123144,-5
123148,1
123152,-3
123156,3
123160,4
123164,-1
123168,5
123172,1
123176,-2
123180,0
123184,3
123188,2
123192,2
123196,5
123200,1
123204,-2
123208,-3
123212,-2
123216,5
123220,3
123224,5
123228,-4
123232,-5
123236,-5
123240,0
123244,-5
123248,1
123252,2
123256,-4
123260,5
123264,-1
123268,-3
123272,1
123276,-4
123280,-4
123284,-2
123288,4
123292,4
123296,2
123300,-4
123304,-2
123308,2
123312,-3
123316,1
123320,1
123324,-2
123328,5
123332,4
123336,-2
123340,3
123344,-1
123348,1
123352,5
123356,-5
123360,-1
123364,-5
123368,0
123372,2
123376,-3
123380,-5
123384,0
123388,-3
123392,1
123396,-2
123400,5
123404,4
123408,-2
123412,5
123416,3
123420,2
123424,2
123428,3
123432,1
123436,-2
123440,-3
123444,-1
123448,2
123452,-3
123456,3
123460,1
123464,4
123468,0
123472,0
123476,0
123480,-2
123484,3
123488,3
123492,-1
123496,0
123500,4
123504,-2
123508,5
123512,3
123516,0
123520,-5
123524,-4
123528,3
123532,4
123536,-3
123540,-5
123544,-5
123548,-1
123552,4
123556,1
123560,-1
123564,-1
123568,3
123572,1
123576,0
123580,3
123584,2
123588,2
123592,3
123596,0
123600,0
123604,-4
123608,0
123612,5
123616,0
123620,2
123624,4
123628,-2
123632,-2
123636,1
123640,1
123644,-5
123648,-5
123652,-3
123656,5
123660,4
123664,0
123668,2
123672,1
123676,2
123680,-1
123684,-4
123688,3
123692,2
123696,4
123700,1
123704,2
123708,2
123712,5
123716,3
123720,1
123724,-1
123728,-1
123732,-2
123736,3
123740,-5
123744,-1
123748,-5
123752,0
123756,-4
123760,3
123764,-1
123768,2
123772,-1
123776,-1
123780,1
123784,2
123788,3
123792,1
123796,-2
123800,5
123804,5
123808,-1
123812,-3
123816,1
123820,-3
123824,5
123828,-2
123832,1
123836,4
123840,1
123844,5
123848,3
123852,-2
123856,-4
123860,1
123864,3
123868,1
123872,-2
123876,2
123880,3
123884,-5
123888,5
123892,-3
123896,-3
123900,0
123904,-3
123908,4
123912,4
123916,0
123920,-3
123924,-2
123928,3
123932,1
123936,-1
123940,5
123944,3
123948,3
123952,1
123956,1
123960,-3
123964,-2
123968,2
123972,-1
123976,-3
123980,3
123984,4
123988,1
123992,1
123996,0
124000,3
124004,5
124008,-4
124012,-1
124016,-5
124020,-4
124024,-2
124028,0
124032,4
124036,-2
124040,-3
124044,0
124048,-3
124052,-3
124056,4
124060,2
124064,3
124068,-1
124072,-1
124076,3
124080,5
124084,2
124088,0
124092,2
124096,0
124100,-1
124104,3
124108,-1
124112,-1
124116,-5
124120,-3
124124,-4
124128,-2
124132,-2
124136,-3
124140,-1
124144,5
124148,-5
124152,-4
124156,5
124160,-4
124164,-3
124168,4
124172,4
124176,3
124180,3
124184,-4
124188,4
124192,0
124196,-2
124200,3
124204,0
124208,-1
124212,-3
124216,2
124220,-4
124224,-3
124228,1
124232,0
124236,-3
124240,3
124244,4
124248,-3
124252,-3
124256,-4
124260,1
124264,5
124268,3
124272,-3
124276,-4
124280,-1
124284,4
124288,-1
124292,-5
124296,0
124300,-5
124304,-2
124308,1
124312,0
124316,-2
124320,4
124324,0
124328,-4
124332,-4
124336,-2
124340,-5
124344,0
124348,0
124352,-4
124356,1
124360,5
124364,-2
124368,-5
124372,-5
124376,-5
124380,0
124384,4
124388,-3
124392,-1
124396,3
124400,0
124404,1
124408,-5
124412,5
124416,1
124420,0
124424,5
124428,0
124432,-2
124436,-1
124440,1
124444,5
124448,-3
124452,-2
124456,-5
124460,-2
124464,5
124468,2
124472,5
124476,-4
124480,-5
124484,3
124488,0
124492,3
124496,5
124500,-4
124504,4
124508,-5
124512,0
124516,0
124520,3
124524,-5
124528,5
124532,5
124536,0
124540,1
124544,0
124548,-3
124552,-2
124556,-1
124560,4
124564,-5
124568,-5
124572,3
124576,-3
124580,3
124584,2
124588,0
124592,-4
124596,-5
124600,2
124604,-3
124608,1
124612,4
124616,0
124620,5
124624,4
124628,-2
124632,2
124636,-1
124640,3
124644,-1
124648,-3
124652,5
124656,2
124660,3
124664,5
124668,-3
124672,0
124676,-3
124680,-2
124684,-3
124688,0
124692,5
124696,-1
124700,-3
124704,4
124708,4
124712,-1
124716,5
124720,4
124724,2
124728,-2
124732,-1
124736,2
124740,0
124744,0
124748,-2
124752,1
124756,-3
124760,-4
124764,4
124768,5
124772,5
124776,0
124780,1
124784,-5
124788,5
124792,4
124796,-2
124800,1
124804,-4
124808,0
124812,-5
124816,2
124820,1
124824,-4
124828,-5
124832,-4
124836,0
124840,4
124844,-4
124848,1
124852,-4
124856,0
124860,5
124864,-4
124868,3
124872,4
124876,5
124880,2
124884,-5
124888,-1
124892,-1
124896,4
124900,-2
124904,1
124908,4
124912,4
124916,1
124920,5
124924,-3
124928,2
124932,-3
124936,2
124940,-1
124944,-2
124948,3
124952,5
124956,-2
124960,-1
124964,-2
124968,-3
124972,5
124976,1
124980,3
124984,4
124988,5
124992,4
124996,2
125000,4
125004,-1
125008,-5
125012,3
125016,1
125020,-4
125024,-1
125028,4
125032,-4
125036,0
125040,-3
125044,4
125048,5
125052,3
125056,4
125060,3
125064,0
125068,5
125072,-1
125076,2
125080,-5
125084,-3
125088,-2
125092,-4
125096,4
125100,2
125104,0
125108,-2
125112,2
125116,-4
125120,-1
125124,-2
125128,3
125132,-2
125136,0
125140,3
125144,-1
125148,1
125152,3
125156,-4
125160,2
125164,-4
125168,3
125172,-5
125176,2
125180,4
125184,0
125188,-1
125192,2
125196,3
125200,-2
125204,4
125208,1
125212,3
125216,-2
125220,-4
125224,-2
125228,5
125232,2
125236,0
125240,-3
125244,-2
125248,-4
125252,-5
125256,3
125260,3
125264,-2
125268,-1
125272,2
125276,4
125280,0
125284,4
125288,-2
125292,-1
125296,-2
125300,1
125304,5
125308,-5
125312,-3
125316,-2
125320,-2
125324,4
125328,2
125332,0
125336,3
125340,-1
125344,3
125348,-3
125352,-1
125356,-2
125360,-2
125364,-3
125368,1
125372,4
125376,3
125380,-2
125384,5
125388,-4
125392,2
125396,-5
125400,5
125404,-5
125408,2
125412,-4
125416,2
125420,3
125424,-1
125428,-4
125432,-4
125436,-1
125440,0
125444,1
125448,3
125452,0
125456,-1
125460,-3
125464,-4
125468,3
125472,-2
125476,-1
125480,0
125484,1
125488,3
125492,-3
125496,3
125500,4
125504,-2
125508,2
125512,-4
125516,1
125520,-4
125524,-3
125528,4
125532,2
125536,-1
125540,-3
125544,-2
125548,1
125552,3
125556,-5
125560,3
125564,-4
125568,-3
125572,-3
125576,-3
125580,5
125584,1
125588,0
125592,-3
125596,-2
125600,-4
125604,5
125608,-2
125612,2
125616,5
125620,-3
125624,0
125628,3
125632,-2
125636,5
125640,-5
125644,-4
125648,2
125652,-1
125656,-5
125660,-4
125664,5
125668,2
125672,-1
125676,-4
125680,5
125684,2
125688,5
125692,-3
125696,2
125700,-4
125704,5
125708,1
125712,5
125716,0
125720,0
125724,-1
125728,3
125732,0
125736,1
125740,-3
125744,-3
125748,1
125752,-1
125756,-2
125760,-3
125764,-3
125768,5
125772,1
125776,1
125780,5
125784,4
125788,-2
125792,3
125796,4
125800,-2
125804,3
125808,5
125812,-5
125816,4
125820,-5
125824,-1
125828,2
125832,-5
125836,-3
125840,-2
125844,-1
125848,1
125852,-4
125856,-3
125860,-4
125864,-4
125868,2
125872,1
125876,-4
125880,-3
125884,-5
125888,-5
125892,-2
125896,-2
125900,1
125904,-5
125908,1
125912,-5
125916,1
125920,-5
125924,4
125928,-5
125932,1
125936,-3
125940,-5
125944,4
125948,4
125952,-4
125956,-4
125960,-2
125964,5
125968,0
125972,4
125976,-1
125980,-5
125984,-3
125988,-2
125992,-2
125996,-4
126000,0
126004,5
126008,1
126012,-5
126016,5
126020,-2
126024,-1
126028,-2
126032,-1
126036,4
126040,-4
126044,3
126048,-3
126052,-3
126056,-2
126060,0
126064,-2
126068,-4
126072,2
126076,3
126080,0
126084,-1
126088,-5
126092,-1
126096,1
126100,3
126104,-2
126108,4
126112,5
126116,5
126120,5
126124,4
126128,3
126132,-3
126136,-5
126140,3
126144,1
126148,1
126152,0
126156,5
126160,1
126164,0
126168,5
126172,2
126176,-4
126180,0
126184,-4
126188,-3
126192,-3
126196,3
126200,-3
126204,-3
126208,-3
126212,5
126216,5
126220,5
126224,-5
126228,5
126232,-4
126236,4
126240,-4
126244,1
126248,0
126252,-5
126256,2
126260,-2
126264,2
126268,-5
126272,4
126276,2
126280,0
126284,-4
126288,-3
126292,-3
126296,-3
126300,1
126304,2
126308,-5
126312,3
126316,-5
126320,-4
126324,1
126328,-3
126332,-5
126336,-5
126340,-4
126344,1
126348,1
126352,-3
126356,0
126360,4
126364,1
126368,1
126372,-1
126376,0
126380,-4
126384,2
126388,-2
126392,3
126396,3
126400,-3
126404,-3
126408,-5
126412,-1
126416,0
126420,2
126424,3
126428,-4
126432,1
126436,-2
126440,2
126444,-1
126448,1
126452,-5
126456,2
126460,2
126464,-5
126468,-1
126472,3
126476,4
126480,-2
126484,-3
126488,1
126492,2
126496,-2
126500,-3
126504,-2
126508,1
126512,5
126516,-4
126520,-1
126524,1
126528,-3
126532,5
126536,3
126540,0
126544,0
126548,-5
126552,3
126556,0
126560,-4
126564,-1
126568,0
126572,-5
126576,-2
126580,0
126584,0
126588,5
126592,-4
126596,5
126600,-1
126604,-3
126608,5
126612,1
126616,-1
126620,-2
126624,-3
126628,-1
126632,-1
126636,2
126640,2
126644,4
126648,3
126652,5
126656,-1
126660,-3
126664,0
126668,2
126672,-5
126676,-3
126680,2
126684,-2
126688,0
126692,-3
126696,-1
126700,5
126704,2
126708,-5
126712,0
126716,-2
126720,-4
126724,-2
126728,-2
126732,0
126736,-4
126740,-1
126744,0
126748,0
126752,-1
126756,0
126760,4
126764,-4
126768,3
126772,2
126776,2
126780,-2
126784,5
126788,4
126792,-5
126796,3
126800,-1
126804,1
126808,-3
126812,-4
126816,2
126820,5
126824,-2
126828,-2
126832,0
126836,-2
126840,5
126844,-2
126848,4
126852,1
126856,-3
126860,-2
126864,4
126868,1
126872,0
126876,-1
126880,0
126884,1
126888,-3
126892,0
126896,5
126900,0
126904,1
126908,-1
126912,-1
126916,-5
126920,1
126924,1
126928,3
126932,-5
126936,0
126940,-4
126944,0
126948,4
126952,5
126956,-5
126960,-4
126964,-4
126968,5
126972,2
126976,4
126980,0
126984,4
126988,5
126992,-3
126996,1
127000,-1
127004,3
127008,0
127012,5
127016,-4
127020,4
127024,-4
127028,-2
127032,-4
127036,-1
127040,5
127044,-4
127048,1
127052,0
127056,-1
127060,-4
127064,3
127068,2
127072,1
127076,-4
127080,5
127084,1
127088,1
127092,5
127096,-3
127100,4
127104,-3
127108,1
127112,-1
127116,-4
127120,-5
127124,4
127128,-5
127132,3
127136,4
127140,-5
127144,-3
127148,1
127152,-2
127156,0
127160,4
127164,0
127168,2
127172,1
127176,3
127180,5
127184,3
127188,2
127192,-3
127196,-3
127200,-3
127204,-4
127208,4
127212,0
127216,-4
127220,-4
127224,0
127228,-4
127232,0
127236,4
127240,-3
127244,-2
127248,-1
127252,4
127256,-4
127260,-2
127264,3
127268,5
127272,0
127276,-3
127280,-5
127284,-4
127288,-1
127292,-1
127296,-2
127300,-1
127304,-2
127308,3
127312,2
127316,4
127320,2
127324,-1
127328,-4
127332,-1
127336,1
127340,-3
127344,-5
127348,-5
127352,5
127356,2
127360,3
127364,-5
127368,1
127372,2
127376,5
127380,4
127384,-4
127388,0
127392,-4
127396,-4
127400,2
127404,-5
127408,1
127412,4
127416,5
127420,0
127424,-1
127428,-3
127432,-4
127436,-3
127440,-2
127444,0
127448,-5
127452,4
127456,5
127460,-5
127464,0
127468,-5
127472,-4
127476,-5
127480,-4
127484,-1
127488,-5
127492,2
127496,-1
127500,-2
127504,3
127508,-1
127512,-1
127516,-3
127520,3
127524,4
127528,-4
127532,-2
127536,-3
127540,2
127544,-3
127548,-2
127552,-5
127556,-4
127560,-1
127564,3
127568,-4
127572,1
127576,4
127580,-2
127584,-5
127588,-1
127592,1
127596,3
127600,-1
127604,-4
127608,0
127612,-5
127616,-5
127620,1
127624,-4
127628,-4
127632,1
127636,-2
127640,-2
127644,-4
127648,0
127652,1
127656,0
127660,4
127664,5
127668,5
127672,5
127676,2
127680,4
127684,1
127688,3
127692,-4
127696,3
127700,0
127704,2
127708,1
127712,-3
127716,-2
127720,-2
127724,3
127728,4
127732,4
127736,-2
127740,3
127744,3
127748,-5
127752,1
127756,-2
127760,5
127764,1
127768,2
127772,5
127776,-3
127780,-5
127784,-1
127788,3
127792,-4
127796,-4
127800,5
127804,-4
127808,1
127812,-5
127816,0
127820,-5
127824,2
127828,-3
127832,-3
127836,-4
127840,-3
127844,3
127848,-2
127852,-3
127856,4
127860,2
127864,-4
127868,2
127872,-1
127876,-1
127880,-4
127884,5
127888,4
127892,-2
127896,0
127900,3
127904,4
127908,2
127912,-3
127916,-2
127920,2
127924,5
127928,-1
127932,1
127936,1
127940,2
127944,4
127948,0
127952,-4
127956,-2
127960,-3
127964,-4
127968,-4
127972,1
127976,-1
127980,2
127984,-2
127988,-4
127992,-1
127996,4
128000,-4
128004,-4
128008,-1
128012,-2
128016,-2
128020,0
128024,1
128028,2
128032,4
128036,-4
128040,-3
128044,-3
128048,3
128052,-5
128056,-1
128060,2
128064,-3
128068,-2
128072,-1
128076,-3
128080,0
128084,-1
128088,-1
128092,0
128096,3
128100,-2
128104,-3
128108,-4
128112,-2
128116,-5
128120,5
128124,-4
128128,-4
128132,1
128136,-2
128140,0
128144,-5
128148,-2
128152,-3
128156,-2
128160,2
128164,-2
128168,5
128172,-1
128176,-3
128180,0
128184,-5
128188,-2
128192,-3
128196,-1
128200,3
128204,1
128208,-1
128212,2
128216,4
128220,-1
128224,0
128228,-5
128232,-4
128236,0
128240,-2
128244,1
128248,-3
128252,3
128256,1
128260,-3
128264,3
128268,4
128272,-2
128276,5
128280,2
128284,-1
128288,4
128292,4
128296,0
128300,3
128304,-4
128308,1
128312,2
128316,5
128320,-5
128324,-4
128328,0
128332,-2
128336,2
128340,1
128344,5
128348,5
128352,-5
128356,4
128360,-5
128364,0
128368,-2
128372,-2
128376,-3
128380,-4
128384,1
128388,3
128392,-3
128396,-4
128400,-1
128404,3
128408,-3
128412,2
128416,-2
128420,2
128424,4
128428,-1
128432,4
128436,-5
128440,3
128444,3
128448,2
128452,-3
128456,-1
128460,-4
128464,2
128468,-3
128472,2
128476,-5
128480,3
128484,-3
128488,1
128492,-1
128496,-5
128500,4
128504,-4
128508,5
128512,4
128516,3
128520,-4
128524,-4
128528,-4
128532,-4
128536,0
128540,-4
128544,-3
128548,-5
128552,0
128556,4
128560,-1
128564,4
128568,-5
128572,-4
128576,1
128580,-2
128584,3
128588,-3
128592,-5
128596,-2
128600,-5
128604,4
128608,2
128612,-5
128616,3
128620,1
128624,-5
128628,-5
128632,2
128636,-2
128640,2
128644,2
128648,1
128652,5
128656,-5
128660,4
128664,4
128668,4
128672,-5
128676,5
128680,4
128684,0
128688,5
128692,-5
128696,3
128700,1
128704,-3
128708,5
128712,0
128716,0
128720,5
128724,-1
128728,5
128732,-3
128736,1
128740,3
128744,4
128748,1
128752,3
128756,-2
128760,1
128764,1
128768,2
128772,2
128776,0
128780,2
128784,-1
128788,3
128792,5
128796,-1
128800,5
128804,2
128808,-3
128812,1
128816,3
128820,5
128824,-1
128828,-1
128832,5
128836,3
128840,-2
128844,-1
128848,-5
128852,1
128856,-3
128860,-5
128864,-2
128868,-1
128872,5
128876,0
128880,-1
128884,-1
128888,5
128892,-5
128896,-1
128900,4
128904,-4
128908,-2
128912,-3
128916,1
128920,3
128924,-2
128928,-1
128932,2
128936,0
128940,3
128944,-5
128948,5
128952,-2
128956,-2
128960,-4
128964,5
128968,-3
128972,-1
128976,-4
128980,3
128984,-3
128988,5
128992,3
128996,3
129000,-1
129004,-3
129008,5
129012,-3
129016,0
129020,3
129024,-4
129028,0
129032,5
129036,2
129040,-5
129044,1
129048,0
129052,5
129056,-1
129060,-5
129064,1
129068,3
129072,1
129076,-3
129080,2
129084,-3
129088,-2
129092,5
129096,-3
129100,0
129104,3
129108,-2
129112,3
129116,-1
129120,5
129124,-4
129128,4
129132,-4
129136,-2
129140,0
129144,-1
129148,-1
129152,-4
129156,4
129160,-4
129164,-1
129168,-3
129172,-4
129176,-2
129180,-5
129184,-4
129188,3
129192,0
129196,3
129200,4
129204,0
129208,-3
129212,5
129216,-4
129220,2
129224,-2
129228,1
129232,-3
129236,-4
129240,-1
129244,-2
129248,-2
129252,-1
129256,3
129260,-1
129264,-3
129268,5
129272,-5
129276,5
129280,-4
129284,-5
129288,-2
129292,5
129296,-3
129300,-1
129304,-2
129308,2
129312,0
129316,5
129320,-2
129324,-2
129328,5
129332,3
129336,-1
129340,2
129344,-4
129348,5
129352,1
129356,5
129360,-4
129364,5
129368,-4
129372,5
129376,-4
129380,-2
129384,0
129388,5
129392,3
129396,1
129400,5
129404,3
129408,-3
129412,0
129416,0
129420,0
129424,-2
129428,-2
129432,-4
129436,3
129440,-4
129444,-4
129448,-3
129452,1
129456,1
129460,4
129464,1
129468,0
129472,5
129476,4
129480,4
129484,-5
129488,-1
129492,-4
129496,-4
129500,-1
129504,-5
129508,5
129512,-1
129516,0
129520,2
129524,4
129528,-5
129532,2
129536,-1
129540,-4
129544,0
129548,0
129552,-2
129556,-1
129560,-1
129564,-5
129568,0
129572,-4
129576,-3
129580,3
129584,-4
129588,-4
129592,2
129596,-3
129600,3
129604,-3
129608,-3
129612,-2
129616,1
129620,-4
129624,0
129628,-3
129632,-4
129636,3
129640,5
129644,0
129648,-3
129652,1
129656,-2
129660,-4
129664,4
129668,-1
129672,5
129676,1
129680,3
129684,3
129688,1
129692,1
129696,-5
129700,-2
129704,-5
129708,-1
129712,-4
129716,5
129720,2
129724,4
129728,2
129732,-3
129736,2
129740,2
129744,-5
129748,-3
129752,-5
129756,-5
129760,4
129764,-4
129768,-4
129772,-5
129776,3
129780,5
129784,-4
129788,4
129792,1
129796,-4
129800,3
129804,1
129808,-2
129812,4
129816,-5
129820,5
129824,-3
129828,-3
129832,3
129836,-5
129840,-1
129844,1
129848,-2
129852,2
129856,-1
129860,-2
129864,4
129868,1
129872,1
129876,2
129880,-1
129884,-2
129888,-2
129892,-5
129896,3
129900,-5
129904,1
129908,-3
129912,-2
129916,-5
129920,-5
129924,-4
129928,3
129932,0
129936,0
129940,1
129944,0
129948,-2
129952,-5
129956,-4
129960,0
129964,1
129968,-3
129972,0
129976,1
129980,-4
129984,4
129988,1
129992,-4
129996,-1
130000,1
130004,3
130008,5
130012,1
130016,3
130020,-4
130024,-4
130028,-1
130032,2
130036,4
130040,-2
130044,5
130048,2
130052,-2
130056,-1
130060,3
130064,0
130068,-2
130072,2
130076,-2
130080,-3
130084,-3
130088,-2
130092,-2
130096,5
130100,1
130104,3
130108,2
130112,-3
130116,2
130120,-3
130124,-4
130128,4
130132,4
130136,2
130140,2
130144,3
130148,-2
130152,-4
130156,2
130160,2
130164,4
130168,-1
130172,-1
130176,-3
130180,4
130184,5
130188,3
130192,-5
130196,4
130200,2
130204,3
130208,-4
130212,-5
130216,-3
130220,4
130224,0
130228,-1
130232,-5
130236,-3
130240,-3
130244,3
130248,-5
130252,5
130256,-3
130260,3
130264,0
130268,-4
130272,-3
130276,1
130280,-3
130284,-3
130288,0
130292,-3
130296,5
130300,2
130304,-2
130308,1
130312,-5
130316,-1
130320,-5
130324,1
130328,0
130332,4
130336,4
130340,-1
130344,-2
130348,-2
130352,-2
130356,-3
130360,0
130364,-3
130368,4
130372,5
130376,4
130380,1
130384,4
130388,1
130392,0
130396,2
130400,5
130404,-2
130408,-4
130412,5
130416,-2
130420,0
130424,-3
130428,5
130432,-3
130436,1
130440,-5
130444,1
130448,-1
130452,3
130456,3
130460,0
130464,-4
130468,-4
130472,1
130476,2
130480,-1
130484,-4
130488,-3
130492,0
130496,0
130500,-2
130504,1
130508,1
130512,-3
130516,-4
130520,-4
130524,0
130528,1
130532,0
130536,4
130540,-5
130544,-3
130548,-2
130552,2
130556,3
130560,-5
130564,4
130568,5
130572,4
130576,4
130580,0
130584,1
130588,-5
130592,-2
130596,4
130600,-4
130604,-4
130608,-5
130612,1
130616,-4
130620,-3
130624,-1
130628,0
130632,5
130636,-1
130640,4
130644,0
130648,-1
130652,-2
130656,-5
130660,0
130664,-5
130668,-2
130672,1
130676,3
130680,-1
130684,0
130688,2
130692,-1
130696,-1
130700,2
130704,-4
130708,2
130712,-5
130716,2
130720,5
130724,-1
130728,4
130732,5
130736,2
130740,0
130744,2
130748,-2
130752,3
130756,3
130760,-1
130764,3
130768,-1
130772,2
130776,-3
130780,-4
130784,1
130788,1
130792,5
130796,-1
130800,5
130804,-5
130808,-1
130812,-3
130816,5
130820,5
130824,4
130828,-4
130832,-2
130836,3
130840,5
130844,-5
130848,-3
130852,-1
130856,0
130860,-1
130864,0
130868,-1
130872,1
130876,2
130880,-3
130884,-1
130888,4
130892,3
130896,-1
130900,5
130904,0
130908,-1
130912,-3
130916,3
130920,4
130924,-1
130928,4
130932,-2
130936,-2
130940,-4
130944,-3
130948,-1
130952,-3
130956,4
130960,1
130964,-1
130968,2
130972,3
130976,3
130980,0
130984,-5
130988,3
130992,-4
130996,5
131000,-2
131004,-2
131008,-1
131012,-5
131016,4
131020,-3
131024,1
131028,-5
131032,0
131036,4
131040,3
131044,3
131048,-1
131052,-4
131056,2
131060,5
131064,-4
131068,5
131072,1
131076,-5
131080,1
131084,2
131088,5
131092,2
131096,-2
131100,2
131104,4
131108,1
131112,0
131116,-2
131120,5
131124,5
131128,3
131132,0
131136,-5
131140,-3
131144,-5
131148,-5
131152,-4
131156,2
131160,-1
131164,-2
131168,-1
131172,3
131176,4
131180,-2
131184,-3
131188,4
131192,-1
131196,-2
131200,0
131204,3
131208,0
131212,2
131216,1
131220,0
131224,-1
131228,5
131232,-2
131236,0
131240,3
131244,1
131248,4
131252,-3
131256,5
131260,0
131264,0
131268,3
131272,4
131276,2
131280,5
131284,1
131288,-4
131292,4
131296,0
131300,-1
131304,3
131308,-4
131312,0
131316,4
131320,2
131324,-1
131328,-1
131332,5
131336,0
131340,3
131344,4
131348,5
131352,-4
131356,-1
131360,-1
131364,-1
131368,-2
131372,-5
131376,1
131380,-1
131384,5
131388,-2
131392,5
131396,-3
131400,-5
131404,1
131408,3
131412,5
131416,-4
131420,1
131424,-1
131428,-4
131432,2
131436,-3
131440,-3
131444,-5
131448,2
131452,-5
131456,3
131460,-2
131464,-3
131468,0
131472,5
131476,-2
131480,3
131484,-3
131488,4
131492,-1
131496,-4
131500,-5
131504,-1
131508,0
131512,0
131516,2
131520,-3
131524,-2
131528,3
131532,4
131536,3
131540,-4
131544,3
131548,3
131552,-2
131556,4
131560,4
131564,-4
131568,2
131572,0
131576,-1
131580,5
131584,-4
131588,-3
131592,1
131596,3
131600,-3
131604,-2
131608,-3
131612,2
131616,0
131620,-4
131624,0
131628,-5
131632,1
131636,-3
131640,4
131644,3
131648,2
131652,3
131656,1
131660,0
131664,-4
131668,3
131672,-4
131676,0
131680,-1
131684,-4
131688,3
131692,4
131696,-1
131700,0
131704,2
131708,2
131712,3
131716,4
131720,5
131724,-5
131728,3
131732,-2
131736,-5
131740,-4
131744,0
131748,3
131752,-5
131756,2
131760,-1
131764,1
131768,3
131772,-1
131776,-1
131780,-5
131784,4
131788,-4
131792,-5
131796,5
131800,-1
131804,3
131808,5
131812,5
131816,-5
131820,0
131824,3
131828,-4
131832,3
131836,5
131840,-3
131844,-5
131848,3
131852,1
131856,-2
131860,-1
131864,-3
131868,3
131872,-1
131876,2
131880,3
131884,-1
131888,0
131892,-3
131896,0
131900,5
131904,2
131908,0
131912,-3
131916,-5
131920,-4
131924,0
131928,-1
131932,3
131936,1
131940,0
131944,5
131948,-1
131952,-2
131956,5
131960,1
131964,4
131968,-2
131972,-3
131976,-3
131980,0
131984,-3
131988,-4
131992,-2
131996,1
132000,-1
132004,-3
132008,-3
132012,-2
132016,2
132020,4
132024,0
132028,-1
132032,-4
132036,3
132040,-5
132044,-4
132048,2
132052,-1
132056,1
132060,-4
132064,-3
132068,4
132072,0
132076,5
132080,1
132084,-1
132088,4
132092,5
132096,-3
132100,2
132104,3
132108,-4
132112,-4
132116,2
132120,-2
132124,1
132128,5
132132,3
132136,4
132140,2
132144,3
132148,-4
132152,-3
132156,1
132160,-4
132164,-2
132168,4
132172,0
132176,4
132180,4
132184,1
132188,3
132192,1
132196,-3
132200,1
132204,4
132208,-5
132212,2
132216,4
132220,3
132224,-3
132228,-1
132232,2
132236,-4
132240,-4
132244,3
132248,-4
132252,0
132256,-4
132260,-1
132264,-5
132268,-2
132272,4
132276,3
132280,-1
132284,2
132288,0
132292,-5
132296,4
132300,-1
132304,-1
132308,-3
132312,-2
132316,-5
132320,-3
132324,-5
132328,2
132332,0
132336,-4
132340,-3
132344,3
132348,-5
132352,1
132356,-5
132360,1
132364,-1
132368,-4
132372,5
132376,1
132380,0
132384,-2
132388,-1
132392,1
132396,2
132400,-4
132404,-3
132408,-4
132412,5
132416,-4
132420,3
132424,-5
132428,0
132432,5
132436,-2
132440,-4
132444,3
132448,-3
132452,-2
132456,-4
132460,4
132464,1
132468,-4
132472,-4
132476,4
132480,-5
132484,-3
132488,3
132492,-2
132496,4
132500,-3
132504,1
132508,4
132512,1
132516,-5
132520,0
132524,5
132528,-1
132532,-1
132536,1
132540,-1
132544,3
132548,-5
132552,0
132556,-3
132560,-4
132564,-5
132568,0
132572,-3
132576,3
132580,-2
132584,-3
132588,3
132592,1
132596,4
132600,-1
132604,-3
132608,1
132612,1
132616,-2
132620,5
132624,0
132628,4
132632,2
132636,-2
132640,3
132644,5
132648,4
132652,-2
132656,-5
132660,5
132664,1
132668,-5
132672,-2
132676,5
132680,-1
132684,-2
132688,-3
132692,-3
132696,5
132700,-5
132704,-3
132708,5
132712,-3
132716,3
132720,-4
132724,0
132728,-3
132732,0
132736,0
132740,-4
132744,4
132748,-1
132752,4
132756,-1
132760,0
132764,1
132768,5
132772,5
132776,5
132780,-5
132784,3
132788,2
132792,-3
132796,4
132800,-2
132804,-5
132808,0
132812,-4
132816,-3
132820,-1
132824,-2
132828,1
132832,4
132836,0
132840,2
132844,1
132848,5
132852,-3
132856,-1
132860,-3
132864,-2
132868,-2
132872,-1
132876,-4
132880,4
132884,-2
132888,0
132892,5
132896,0
132900,-4
132904,4
132908,4
132912,-3
132916,0
132920,-1
132924,-1
132928,-5
132932,2
132936,5
132940,3
132944,-2
132948,-1
132952,3
132956,2
132960,-1
132964,0
132968,4
132972,2
132976,5
132980,2
132984,0
132988,-2
132992,-3
132996,5
133000,-2
133004,3
133008,-2
133012,3
133016,2
133020,-2
133024,0
133028,-1
133032,-2
133036,0
133040,-4
133044,1
133048,2
133052,5
133056,-4
133060,0
133064,-1
133068,-1
133072,-1
133076,-4
133080,3
133084,-2
133088,-3
133092,-2
133096,-2
133100,-2
133104,-5
133108,2
133112,-5
133116,-3
133120,-5
133124,2
133128,3
133132,-1
133136,-1
133140,0
133144,-5
133148,2
133152,0
133156,-5
133160,-4
133164,-3
133168,-2
133172,4
133176,5
133180,2
133184,-1
133188,-4
133192,-1
133196,-2
133200,-5
133204,-2
133208,4
133212,-5
133216,-3
133220,-3
133224,-5
133228,1
133232,1
133236,1
133240,-4
133244,2
133248,-3
133252,-2
133256,0
133260,4
133264,4
133268,1
133272,0
133276,-3
133280,-5
133284,3
133288,-3
133292,4
133296,-4
133300,0
133304,-5
133308,5
133312,5
133316,-5
133320,2
133324,-3
133328,-1
133332,-2
133336,0
133340,-4
133344,2
133348,2
133352,1
133356,3
133360,4
133364,-1
133368,0
133372,0
133376,-4
133380,5
133384,3
133388,2
133392,-2
133396,3
133400,4
133404,5
133408,0
133412,-4
133416,1
133420,3
133424,-4
133428,-4
133432,-2
133436,-1
133440,5
133444,3
133448,-2
133452,-5
133456,2
133460,-1
133464,4
133468,2
133472,3
133476,-5
133480,5
133484,5
133488,3
133492,-1
133496,-4
133500,4
133504,-2
133508,-3
133512,2
133516,2
133520,-1
133524,-3
133528,0
133532,4
133536,-3
133540,-4
133544,0
133548,0
133552,-4
133556,3
133560,-5
133564,-5
133568,-5
133572,1
133576,0
133580,-4
133584,1
133588,0
133592,-1
133596,2
133600,-1
133604,-5
133608,-3
133612,5
133616,-1
133620,-2
133624,-2
133628,-1
133632,4
133636,4
133640,0
133644,4
133648,2
133652,-1
133656,-4
133660,1
133664,3
133668,-3
133672,4
133676,-4
133680,2
133684,-4
133688,4
133692,4
133696,-4
133700,-3
133704,-1
133708,-4
133712,-4
133716,5
133720,-3
133724,-4
133728,-1
133732,4
133736,-4
133740,5
133744,-1
133748,-4
133752,0
133756,3
133760,4
133764,4
133768,2
133772,-5
133776,2
133780,-4
133784,1
133788,-1
133792,-4
133796,-1
133800,1
133804,0
133808,3
133812,-4
133816,0
133820,3
133824,5
133828,0
133832,5
133836,4
133840,4
133844,1
133848,0
133852,3
133856,-4
133860,-2
133864,-3
133868,-3
133872,1
133876,3
133880,3
133884,4
133888,4
133892,4
133896,-4
133900,-1
133904,4
133908,-4
133912,-2
133916,-3
133920,-1
133924,-3
133928,1
133932,-5
133936,1
133940,3
133944,-4
133948,1
133952,-5
133956,-1
133960,2
133964,-4
133968,5
133972,3
133976,-1
133980,3
133984,-1
133988,-5
133992,-4
133996,4
134000,5
134004,-1
134008,-1
134012,2
134016,0
134020,-4
134024,5
134028,4
134032,1
134036,-2
134040,-1
134044,-2
134048,5
134052,2
134056,-5
134060,3
134064,4
134068,-1
134072,4
134076,2
134080,3
134084,5
134088,-2
134092,-1
134096,2
134100,1
134104,4
134108,2
134112,1
134116,2
134120,0
134124,-1
134128,5
134132,-1
134136,3
134140,-3
134144,5
134148,-2
134152,2
134156,-3
134160,3
134164,3
134168,0
134172,3
134176,-2
134180,-2
134184,-4
134188,-3
134192,-5
134196,-4
134200,-2
134204,0
134208,-4
134212,-2
134216,-1
134220,1
134224,-3
134228,-4
134232,1
134236,4
134240,-1
134244,-2
134248,-5
134252,0
134256,-2
134260,0
134264,-4
134268,-5
134272,4
134276,-4
134280,-4
134284,-1
134288,4
134292,-5
134296,-5
134300,1
134304,1
134308,0
134312,-3
134316,5
134320,-3
134324,-2
134328,-2
134332,5
134336,1
134340,-2
134344,-5
134348,-5
134352,0
134356,2
134360,-3
134364,2
134368,-4
134372,5
134376,-2
134380,4
134384,-2
134388,-1
134392,2
134396,2
134400,1
134404,0
134408,5
134412,4
134416,2
134420,3
134424,-3
134428,-5
134432,0
134436,3
134440,3
134444,0
134448,4
134452,1
134456,5
134460,4
134464,1
134468,2
134472,-4
134476,3
134480,2
134484,-1
134488,3
134492,3
134496,-3
134500,4
134504,5
134508,3
134512,0
134516,2
134520,-5
134524,2
134528,1
134532,-4
134536,5
134540,-2
134544,-3
134548,-3
134552,1
134556,-5
134560,-3
134564,4
134568,-3
134572,5
134576,2
134580,4
134584,-2
134588,-4
134592,-1
134596,1
134600,-1
134604,0
134608,-2
134612,2
134616,-4
134620,-4
134624,-1
134628,0
134632,-5
134636,-1
134640,3
134644,-5
134648,-5
134652,3
134656,-5
134660,0
134664,-1
134668,5
134672,1
134676,4
134680,-1
134684,1
134688,1
134692,-3
134696,-5
134700,-4
134704,-3
134708,-1
134712,4
134716,-2
134720,-1
134724,2
134728,1
134732,-3
134736,-1
134740,3
134744,4
134748,1
134752,0
134756,5
134760,5
134764,5
134768,2
134772,4
134776,0
134780,4
134784,-5
134788,-5
134792,-5
134796,5
134800,-4
134804,-4
134808,-4
134812,0
134816,-2
134820,-5
134824,-4
134828,2
134832,-5
134836,2
134840,1
134844,3
134848,-1
134852,1
134856,-1
134860,3
134864,-4
134868,-1
134872,-4
134876,-5
134880,-5
134884,-1
134888,3
134892,4
134896,4
134900,-3
134904,5
134908,2
134912,0
134916,3
134920,0
134924,3
134928,-4
134932,-3
134936,1
134940,4
134944,-2
134948,1
134952,0
134956,4
134960,5
134964,-3
134968,-1
134972,-4
134976,-5
134980,4
134984,3
134988,5
134992,-2
134996,-1
135000,-2
135004,-1
135008,-2
135012,-1
135016,0
135020,-2
135024,2
135028,3
135032,-1
135036,2
135040,-2
135044,-3
135048,-5
135052,4
135056,-1
135060,-3
135064,-1
135068,1
135072,-3
135076,4
135080,-4
135084,3
135088,-5
135092,5
135096,5
135100,-4
135104,-3
135108,4
135112,0
135116,-4
135120,-4
135124,1
135128,5
135132,-5
135136,1
135140,-3
135144,-2
135148,-3
135152,0
135156,-5
135160,-3
135164,3
135168,-3
135172,0
135176,0
135180,0
135184,1
135188,-5
135192,-3
135196,4
135200,2
135204,-2
135208,0
135212,-5
135216,0
135220,-3
135224,-4
135228,-5
135232,0
135236,4
135240,-1
135244,0
135248,-1
135252,-2
135256,0
135260,-1
135264,-1
135268,-2
135272,4
135276,-3
135280,4
135284,4
135288,-5
135292,5
135296,0
135300,3
135304,-2
135308,0
135312,-3
135316,0
135320,2
135324,-5
135328,4
135332,-4
135336,-5
135340,3
135344,2
135348,-1
135352,4
135356,-5
135360,-1
135364,-5
135368,-4
135372,3
135376,-2
135380,4
135384,4
135388,2
135392,2
135396,0
135400,-5
135404,2
135408,5
135412,0
135416,5
135420,0
135424,-4
135428,-1
135432,4
135436,0
135440,-2
135444,0
135448,-3
135452,-5
135456,-3
135460,3
135464,-2
135468,3
135472,-5
135476,-1
135480,3
135484,-2
135488,-5
135492,-4
135496,1
135500,-4
135504,-1
135508,2
135512,3
135516,5
135520,3
135524,-3
135528,-5
135532,-3
135536,-2
135540,2
135544,1
135548,-1
135552,-2
135556,0
135560,-2
135564,1
135568,2
135572,-1
135576,2
135580,-3
135584,-4
135588,-4
135592,1
135596,1
135600,-2
135604,-3
135608,0
135612,-2
135616,-3
135620,3
135624,1
135628,5
135632,-1
135636,-4
135640,4
135644,-3
135648,-3
135652,4
135656,-5
135660,0
135664,4
135668,-1
135672,-1
135676,4
135680,3
135684,3
135688,-3
135692,-2
135696,0
135700,5
135704,-4
135708,1
135712,4
135716,-5
135720,2
135724,-4
135728,0
135732,-4
135736,-4
135740,0
135744,4
135748,2
135752,4
135756,0
135760,-4
135764,4
135768,-1
135772,3
135776,-2
135780,-2
135784,0
135788,-3
135792,4
135796,5
135800,-2
135804,-3
135808,-1
135812,5
135816,-4
135820,-4
135824,-1
135828,4
135832,-4
135836,5
135840,-4
135844,-1
135848,0
135852,-3
135856,-4
135860,4
135864,-1
135868,-1
135872,5
135876,4
135880,1
135884,0
135888,1
135892,-2
135896,-4
135900,5
135904,5
135908,0
135912,-5
135916,4
135920,5
135924,2
135928,1
135932,5
135936,-5
135940,2
135944,-5
135948,2
135952,-2
135956,-2
135960,-3
135964,3
135968,-4
135972,-1
135976,-5
135980,1
135984,-5
135988,3
135992,2
135996,0
136000,3
136004,-5
136008,-3
136012,-4
136016,-4
136020,-4
136024,2
136028,5
136032,3
136036,5
136040,-3
136044,-1
136048,-5
136052,0
136056,-5
136060,-3
136064,-4
136068,-2
136072,3
136076,-2
136080,-3
136084,-2
136088,5
136092,-5
136096,3
136100,-5
136104,0
136108,-5
136112,-2
136116,5
136120,-4
136124,2
136128,-2
136132,4
136136,2
136140,3
136144,4
136148,-4
136152,3
136156,-1
136160,-2
136164,-5
136168,-1
136172,2
136176,5
136180,-2
136184,3
136188,-1
136192,-5
136196,1
136200,0
136204,-5
136208,2
136212,3
136216,4
136220,-1
136224,4
136228,-1
136232,-3
136236,4
136240,-2
136244,-3
136248,-1
136252,2
136256,-2
136260,-1
136264,-4
136268,-1
136272,4
136276,4
136280,5
136284,-1
136288,-1
136292,3
136296,3
136300,5
136304,2
136308,2
136312,-1
136316,0
136320,-2
136324,4
136328,5
136332,0
136336,2
136340,5
136344,1
136348,2
136352,2
136356,5
136360,-3
136364,4
136368,-2
136372,-2
136376,4
136380,4
136384,1
136388,1
136392,-3
136396,0
136400,5
136404,-5
136408,-4
136412,-4
136416,3
136420,3
136424,2
136428,-3
136432,-3
136436,1
136440,-2
136444,2
136448,-2
136452,1
136456,-2
136460,-2
136464,3
136468,1
136472,2
136476,-3
136480,3
136484,-4
136488,-3
136492,-4
136496,3
136500,2
136504,4
136508,3
136512,-4
136516,0
136520,4
136524,4
136528,0
136532,-1
136536,4
136540,2
136544,1
136548,-1
136552,4
136556,3
136560,1
136564,-2
136568,1
136572,-5
136576,-3
136580,-3
136584,-3
136588,2
136592,-1
136596,4
136600,4
136604,0
136608,5
136612,0
136616,-2
136620,2
136624,2
136628,-4
136632,-4
136636,0
136640,-4
136644,-3
136648,5
136652,3
136656,-4
136660,-3
136664,5
136668,0
136672,-5
136676,5
136680,3
136684,-2
136688,-2
136692,1
136696,-1
136700,-5
136704,5
136708,-1
136712,-4
136716,3
136720,-2
136724,-4
136728,0
136732,-4
136736,1
136740,0
136744,3
136748,-3
136752,4
136756,4
136760,-4
136764,2
136768,-5
136772,2
136776,-5
136780,1
136784,2
136788,-3
136792,1
136796,-4
136800,5
136804,1
136808,3
136812,0
136816,1
136820,-1
136824,-5
136828,-2
136832,-1
136836,3
136840,-4
136844,0
136848,3
136852,1
136856,5
136860,-5
136864,-5
136868,0
136872,2
136876,4
136880,3
136884,-2
136888,-5
136892,-3
136896,4
136900,3
136904,5
136908,2
136912,5
136916,-2
136920,0
136924,4
136928,1
136932,4
136936,5
136940,-3
136944,-5
136948,-2
136952,-3
136956,-1
136960,3
136964,-5
136968,4
136972,-3
136976,3
136980,3
136984,-5
136988,-2
136992,0
136996,0
137000,3
137004,-3
137008,2
137012,5
137016,5
137020,-3
137024,2
137028,5
137032,3
137036,-1
137040,2
137044,-5
137048,-4
137052,4
137056,4
137060,-4
137064,5
137068,-2
137072,-1
137076,-1
137080,-2
137084,0
137088,0
137092,-2
137096,-5
137100,-4
137104,-2
137108,4
137112,3
137116,0
137120,5
137124,-2
137128,-5
137132,3
137136,-4
137140,-3
137144,-5
137148,-1
137152,-1
137156,0
137160,4
137164,0
137168,0
137172,-2
137176,3
137180,-5
137184,1
137188,5
137192,4
137196,0
137200,-3
137204,-4
137208,4
137212,0
137216,3
137220,-5
137224,-5
137228,1
137232,-5
137236,-3
137240,5
137244,-3
137248,5
137252,-3
137256,-4
137260,-5
137264,5
137268,2
137272,3
137276,-5
137280,-1
137284,-5
137288,1
137292,-4
137296,-5
137300,3
137304,3
137308,-4
137312,0
137316,4
137320,-2
137324,5
137328,-5
137332,-3
137336,0
137340,-2
137344,0
137348,-5
137352,4
137356,5
137360,-1
137364,2
137368,-5
137372,1
137376,5
137380,-5
137384,1
137388,1
137392,1
137396,0
137400,3
137404,0
137408,5
137412,0
137416,4
137420,-2
137424,1
137428,0
137432,2
137436,-1
137440,2
137444,0
137448,3
137452,-2
137456,2
137460,-4
137464,5
137468,-1
137472,-4
137476,2
137480,-2
137484,5
137488,-2
137492,-3
137496,-3
137500,0
137504,1
137508,0
137512,1
137516,1
137520,-4
137524,1
137528,5
137532,2
137536,-1
137540,-2
137544,1
137548,1
137552,2
137556,2
137560,-4
137564,-1
137568,-3
137572,-4
137576,-1
137580,-4
137584,5
137588,3
137592,3
137596,-5
137600,-4
137604,1
137608,5
137612,-4
137616,-1
137620,1
137624,-3
137628,4
137632,0
137636,2
137640,-5
137644,-5
137648,2
137652,-5
137656,3
137660,3
137664,-3
137668,0
137672,2
137676,2
137680,3
137684,0
137688,2
137692,5
137696,-1
137700,-5
137704,5
137708,3
137712,-4
137716,-1
137720,-5
137724,3
137728,5
137732,-3
137736,-5
137740,4
137744,-1
137748,2
137752,0
137756,0
137760,3
137764,0
137768,-4
137772,-3
137776,1
137780,-4
137784,1
137788,-4
137792,0
137796,5
137800,4
137804,0
137808,1
137812,3
137816,0
137820,-4
137824,0
137828,0
137832,1
137836,0
137840,0
137844,5
137848,-1
137852,5
137856,-4
137860,-5
137864,-5
137868,0
137872,1
137876,4
137880,-1
137884,4
137888,0
137892,1
137896,-1
137900,-2
137904,-3
137908,-4
137912,-4
137916,0
137920,-5
137924,3
137928,5
137932,-3
137936,0
137940,4
137944,4
137948,-1
137952,4
137956,-2
137960,3
137964,-3
137968,-4
137972,-5
137976,5
137980,-3
137984,2
137988,4
137992,-5
137996,5
138000,-1
138004,-3
138008,-3
138012,-2
138016,-4
138020,-4
138024,0
138028,1
138032,1
138036,-1
138040,0
138044,4
138048,-2
138052,-4
138056,1
138060,0
138064,-2
138068,0
138072,3
138076,0
138080,-4
138084,-1
138088,-2
138092,1
138096,3
138100,2
138104,-2
138108,-5
138112,1
138116,-3
138120,4
138124,3
138128,2
138132,-2
138136,2
138140,-5
138144,5
138148,-2
138152,4
138156,2
138160,-5
138164,-5
138168,-3
138172,-1
138176,-3
138180,5
138184,2
138188,-1
138192,4
138196,5
138200,-1
138204,4
138208,0
138212,2
138216,-5
138220,-3
138224,-4
138228,0
138232,3
138236,-3
138240,-3
138244,1
138248,2
138252,4
138256,-2
138260,-1
138264,-4
138268,-1
138272,1
138276,-4
138280,-1
138284,4
138288,-3
138292,4
138296,-5
138300,-2
138304,-3
138308,-4
138312,4
138316,1
138320,-3
138324,3
138328,4
138332,-5
138336,4
138340,5
138344,4
138348,-5
138352,3
138356,-4
138360,1
138364,4
138368,-5
138372,2
138376,0
138380,-4
138384,4
138388,-3
138392,1
138396,5
138400,2
138404,3
138408,-5
138412,5
138416,1
138420,1
138424,0
138428,5
138432,-5
138436,-5
138440,5
138444,3
138448,1
138452,-1
138456,3
138460,5
138464,4
138468,2
138472,0
138476,-4
138480,0
138484,-5
138488,-2
138492,5
138496,-1
138500,1
138504,2
138508,0
138512,-5
138516,-2
138520,3
138524,2
138528,-4
138532,4
138536,-4
138540,5
138544,2
138548,-2
138552,-1
138556,-1
138560,-5
138564,0
138568,-5
138572,-2
138576,2
138580,3
138584,5
138588,-3
138592,3
138596,4
138600,1
138604,-4
138608,-1
138612,-5
138616,1
138620,-5
138624,-4
138628,-5
138632,-1
138636,3
138640,-3
138644,-3
138648,-5
138652,5
138656,1
138660,-5
138664,0
138668,4
138672,-3
138676,5
138680,-3
138684,3
138688,3
138692,2
138696,5
138700,0
138704,3
138708,-4
138712,3
138716,-2
138720,1
138724,4
138728,-4
138732,-3
138736,-1
138740,1
138744,5
138748,-5
138752,3
138756,2
138760,4
138764,4
138768,5
138772,-1
138776,-3
138780,-4
138784,2
138788,4
138792,3
138796,2
138800,3
138804,3
138808,-2
138812,-5
138816,4
138820,-3
138824,-5
138828,-3
138832,2
138836,-2
138840,3
138844,2
138848,1
138852,-5
138856,-3
138860,-4
138864,-3
138868,1
138872,2
138876,-3
138880,-2
138884,2
138888,2
138892,0
138896,-2
138900,0
138904,-5
138908,-4
138912,3
138916,5
138920,-1
138924,2
138928,4
138932,2
138936,-2
138940,0
138944,-5
138948,-1
138952,5
138956,0
138960,3
138964,-1
138968,-3
138972,0
138976,3
138980,4
138984,-2
138988,-5
138992,-1
138996,-4
139000,-4
139004,4
139008,3
139012,5
139016,-2
139020,-5
139024,-3
139028,-3
139032,3
139036,3
139040,-1
139044,4
139048,3
139052,-1
139056,2
139060,4
139064,3
139068,-5
139072,2
139076,5
139080,1
139084,3
139088,1
139092,0
139096,1
139100,-1
139104,-2
139108,-4
139112,5
139116,4
139120,-2
139124,5
139128,3
139132,-2
139136,-5
139140,4
139144,-1
139148,5
139152,0
139156,-3
139160,5
139164,1
139168,4
139172,-2
139176,4
139180,2
139184,-3
139188,4
139192,4
139196,-4
139200,4
139204,-5
139208,0
139212,-2
139216,0
139220,0
139224,2
139228,0
139232,0
139236,3
139240,4
139244,0
139248,-1
139252,-3
139256,-2
139260,3
139264,4
139268,-1
139272,-4
139276,4
139280,-2
139284,-4
139288,5
139292,-4
139296,0
139300,1
139304,-4
139308,1
139312,5
139316,-3
139320,-5
139324,1
139328,3
139332,-3
139336,0
139340,-3
139344,-1
139348,2
139352,-1
139356,0
139360,-3
139364,2
139368,1
139372,0
139376,-3
139380,2
139384,-4
139388,-3
139392,-1
139396,4
139400,-3
139404,5
139408,5
139412,5
139416,-1
139420,-1
139424,-3
139428,4
139432,1
139436,2
139440,-3
139444,-2
139448,-5
139452,3
139456,1
139460,1
139464,-4
139468,5
139472,-1
139476,3
139480,1
139484,2
139488,-5
139492,-5
139496,-2
139500,-4
139504,2
139508,1
139512,4
139516,-4
139520,-1
139524,3
139528,1
139532,-3
139536,1
139540,-5
139544,-1
139548,0
139552,3
139556,2
139560,2
139564,4
139568,3
139572,-4
139576,-4
139580,0
139584,-4
139588,1
139592,-3
139596,2
139600,1
139604,-2
139608,0
139612,-4
139616,0
139620,-4
139624,1
139628,0
139632,4
139636,-2
139640,2
139644,4
139648,0
139652,5
139656,0
139660,-5
139664,3
139668,4
139672,4
139676,2
139680,4
139684,-4
139688,4
139692,-5
139696,2
139700,-2
139704,1
139708,-3
139712,0
139716,-3
139720,-2
139724,-3
139728,2
139732,0
139736,0
139740,-4
139744,-2
139748,3
139752,-4
139756,3
139760,5
139764,-2
139768,-4
139772,-4
139776,5
139780,-5
139784,4
139788,-1
139792,-3
139796,-3
139800,5
139804,1
139808,4
139812,-4
139816,5
139820,3
139824,-4
139828,2
139832,4
139836,-3
139840,3
139844,-3
139848,0
139852,3
139856,4
139860,3
139864,-1
139868,4
139872,-4
139876,-1
139880,-3
139884,2
139888,3
139892,-2
139896,-3
139900,3
139904,-4
139908,-5
139912,-1
139916,1
139920,1
139924,1
139928,5
139932,2
139936,0
139940,4
139944,-5
139948,4
139952,-5
139956,-4
139960,3
139964,-4
139968,0
139972,-3
139976,-4
139980,-5
139984,0
139988,5
139992,0
139996,-5
140000,3
140004,4
140008,1
140012,4
140016,-4
140020,0
140024,-2
140028,2
140032,-2
140036,0
140040,1
140044,0
140048,-3
140052,-1
140056,4
140060,-3
140064,5
140068,2
140072,-4
140076,-4
140080,5
140084,-4
140088,-3
140092,0
140096,-5
140100,-2
140104,3
140108,0
140112,-2
140116,-2
140120,-1
140124,-5
140128,5
140132,-2
140136,-3
140140,1
140144,-2
140148,5
140152,1
140156,-5
140160,-4
140164,-4
140168,2
140172,-5
140176,-3
140180,1
140184,2
140188,-5
140192,-1
140196,1
140200,-2
140204,-2
140208,-5
140212,3
140216,-2
140220,-1
140224,-2
140228,0
140232,-5
140236,3
140240,3
140244,-4
140248,2
140252,2
140256,1
140260,0
140264,-1
140268,5
140272,-4
140276,0
140280,-1
140284,-3
140288,5
140292,-2
140296,-5
140300,0
140304,-5
140308,-1
140312,-4
140316,1
140320,-5
140324,-3
140328,-3
140332,-2
140336,-5
140340,3
140344,2
140348,-3
140352,-2
140356,-2
140360,5
140364,1
140368,1
140372,0
140376,-1
140380,-4
140384,4
140388,-2
140392,3
140396,-1
140400,-2
140404,-4
140408,-4
140412,3
140416,2
140420,-3
140424,2
140428,3
140432,-2
140436,-2
140440,-2
140444,4
140448,4
140452,-2
140456,-3
140460,2
140464,0
140468,-3
140472,1
140476,2
140480,-2
140484,0
140488,-5
140492,-5
140496,5
140500,0
140504,2
140508,-4
140512,-4
140516,1
140520,4
140524,-2
140528,2
140532,-1
140536,2
140540,5
140544,-2
140548,-1
140552,-4
140556,-5
140560,-5
140564,-2
140568,2
140572,-1
140576,0
140580,-2
140584,3
140588,0
140592,2
140596,4
140600,-1
140604,4
140608,-1
140612,5
140616,-1
140620,3
140624,-5
140628,-4
140632,3
140636,-1
140640,4
140644,-4
140648,-1
140652,-5
140656,-5
140660,-3
140664,-3
140668,1
140672,0
140676,2
140680,4
140684,4
140688,2
140692,3
140696,-1
140700,-1
140704,-3
140708,-5
140712,1
140716,-4
140720,-1
140724,-5
140728,-2
140732,-2
140736,-4
140740,-3
140744,2
140748,-3
140752,4
140756,-2
140760,-3
140764,-5
140768,-1
140772,2
140776,-3
140780,2
140784,5
140788,-2
140792,-1
140796,-1
140800,5
140804,0
140808,-4
140812,-2
140816,-4
140820,5
140824,-3
140828,-1
140832,3
140836,-2
140840,5
140844,4
140848,0
140852,3
140856,-2
140860,-3
140864,3
140868,3
140872,-5
140876,2
140880,4
140884,-5
140888,-5
140892,-4
140896,-1
140900,-3
140904,-3
140908,-2
140912,2
140916,-3
140920,-4
140924,5
140928,-4
140932,-4
140936,-5
140940,-1
140944,0
140948,-2
140952,5
140956,-4
140960,-5
140964,-5
140968,3
140972,5
140976,4
140980,5
140984,-1
140988,2
140992,4
140996,-1
141000,-2
141004,2
141008,4
141012,-4
141016,1
141020,3
141024,-5
141028,5
141032,0
141036,5
141040,1
141044,5
141048,-3
141052,3
141056,1
141060,-5
141064,1
141068,-3
141072,-3
141076,-2
141080,4
141084,2
141088,1
141092,-3
141096,5
141100,5
141104,-4
141108,-2
141112,-5
141116,0
141120,-4
141124,5
141128,5
141132,1
141136,-3
141140,-4
141144,1
141148,-2
141152,5
141156,1
141160,-5
141164,-4
141168,-1
141172,3
141176,-3
141180,-4
141184,5
141188,-4
141192,0
141196,-5
141200,4
141204,-3
141208,0
141212,1
141216,-1
141220,2
141224,-3
141228,-4
141232,-3
141236,2
141240,-5
141244,-4
141248,-1
141252,2
141256,0
141260,3
141264,-5
141268,2
141272,-1
141276,1
141280,-5
141284,-1
141288,2
141292,1
141296,-2
141300,4
141304,-4
141308,0
141312,2
141316,-4
141320,3
141324,0
141328,5
141332,-2
141336,5
141340,-1
141344,-2
141348,4
141352,3
141356,3
141360,-5
141364,3
141368,1
141372,-4
141376,4
141380,-5
141384,4
141388,-3
141392,-4
141396,-3
141400,-3
141404,-1
141408,4
141412,4
141416,1
141420,-4
141424,-5
141428,0
141432,2
141436,0
141440,-3
141444,5
141448,-1
141452,1
141456,-4
141460,-2
141464,4
141468,-1
141472,-4
141476,-2
141480,-5
141484,-5
141488,-4
141492,5
141496,-5
141500,3
141504,0
141508,-2
141512,0
141516,-2
141520,3
141524,0
141528,5
141532,-3
141536,-5
141540,-2
141544,-2
141548,5
141552,0
141556,-4
141560,3
141564,2
141568,-2
141572,1
141576,-5
141580,-4
141584,-2
141588,-4
141592,0
141596,5
141600,0
141604,0
141608,-2
141612,-2
141616,1
141620,-3
141624,0
141628,2
141632,0
141636,5
141640,1
141644,-2
141648,0
141652,-1
141656,3
141660,3
141664,-1
141668,3
141672,-3
141676,-4
141680,0
141684,-2
141688,-1
141692,-4
141696,-2
141700,-3
141704,-3
141708,3
141712,-5
141716,0
141720,-1
141724,3
141728,0
141732,-3
141736,3
141740,1
141744,-5
141748,-4
141752,-4
141756,2
141760,-1
141764,-1
141768,5
141772,-1
141776,1
141780,1
141784,4
141788,0
141792,1
141796,-3
141800,5
141804,-2
141808,1
141812,0
141816,-1
141820,0
141824,5
141828,3
141832,4
141836,2
141840,-1
141844,-4
141848,-5
141852,4
141856,2
141860,-4
141864,-4
141868,-5
141872,-2
141876,3
141880,5
141884,5
141888,-2
141892,4
141896,0
141900,-5
141904,2
141908,-5
141912,-3
141916,0
141920,-4
141924,5
141928,5
141932,-1
141936,-1
141940,-2
141944,2
141948,1
141952,3
141956,1
141960,1
141964,4
141968,-4
141972,2
141976,4
141980,-5
141984,1
141988,-2
141992,4
141996,1
142000,-1
142004,-2
142008,3
142012,-4
142016,-2
142020,0
142024,1
142028,-5
142032,1
142036,0
142040,1
142044,1
142048,2
142052,5
142056,5
142060,5
142064,5
142068,-5
142072,1
142076,-4
142080,-2
142084,5
142088,1
142092,-4
142096,4
142100,-2
142104,0
142108,-1
142112,-5
142116,-2
142120,-2
142124,4
142128,-1
142132,2
142136,-2
142140,0
142144,-5
142148,3
142152,4
142156,4
142160,-1
142164,0
142168,3
142172,-4
142176,-2
142180,0
142184,0
142188,5
142192,-2
142196,-2
142200,-5
142204,1
142208,-4
142212,-2
142216,-5
142220,0
142224,3
142228,-1
142232,-2
142236,-1
142240,-4
142244,-2
142248,0
142252,-4
142256,-5
142260,-5
142264,-4
142268,-5
142272,-1
142276,2
142280,-1
142284,4
142288,-2
142292,0
142296,2
142300,3
142304,-2
142308,4
142312,0
142316,0
142320,-1
142324,-5
142328,5
142332,5
142336,0
142340,-5
142344,3
142348,0
142352,3
142356,3
142360,-5
142364,-1
142368,1
142372,-5
142376,-5
142380,-2
142384,-1
142388,5
142392,2
142396,-3
142400,-3
142404,-3
142408,-5
142412,5
142416,3
142420,-2
142424,-3
142428,-5
142432,1
142436,-5
142440,-2
142444,3
142448,-2
142452,2
142456,1
142460,-4
142464,0
142468,-4
142472,2
142476,3
142480,4
142484,-1
142488,2
142492,4
142496,1
142500,3
142504,-1
142508,-5
142512,-4
142516,-4
142520,-2
142524,-2
142528,-3
142532,1
142536,-5
142540,3
142544,-3
142548,2
142552,1
142556,0
142560,1
142564,-5
142568,-3
142572,0
142576,3
142580,3
142584,-1
142588,2
142592,-3
142596,0
142600,-5
142604,5
142608,5
142612,1
142616,-3
142620,-5
142624,5
142628,4
142632,-1
142636,-2
142640,1
142644,0
142648,3
142652,1
142656,-2
142660,1
142664,4
142668,0
142672,-5
142676,2
142680,-2
142684,-5
142688,4
142692,-1
142696,1
142700,-3
142704,5
142708,-5
142712,4
142716,5
142720,-2
142724,-5
142728,3
142732,-2
142736,-1
142740,-2
142744,-5
142748,3
142752,3
142756,-1
142760,-3
142764,-5
142768,-4
142772,1
142776,-5
142780,5
142784,0
142788,0
142792,1
142796,-5
142800,5
142804,-2
142808,-5
142812,-2
142816,0
142820,-3
142824,-4
142828,-3
142832,3
142836,-4
142840,-2
142844,-5
142848,-2
142852,-3
142856,-2
142860,-5
142864,0
142868,2
142872,4
142876,0
142880,-2
142884,5
142888,1
142892,3
142896,5
142900,4
142904,-5
142908,0
142912,0
142916,-2
142920,0
142924,0
142928,2
142932,3
142936,0
142940,-4
142944,-2
142948,-2
142952,1
142956,2
142960,-2
142964,2
142968,-2
142972,-5
142976,-3
142980,0
142984,-1
142988,1
142992,-1
142996,-4
143000,-1
143004,1
143008,-1
143012,-1
143016,0
143020,-4
143024,3
143028,3
143032,-3
143036,-2
143040,2
143044,3
143048,-5
143052,4
143056,0
143060,-5
143064,-5
143068,4
143072,2
143076,5
143080,2
143084,-4
143088,3
143092,3
143096,-4
143100,-1
143104,5
143108,-1
143112,-2
143116,-1
143120,2
143124,-3
143128,2
143132,-1
143136,1
143140,5
143144,-4
143148,-1
143152,-5
143156,3
143160,-4
143164,1
143168,3
143172,3
143176,-4
143180,0
143184,2
143188,-5
143192,4
143196,-2
143200,-2
143204,0
143208,4
143212,-4
143216,0
143220,5
143224,2
143228,4
143232,-3
143236,-2
143240,0
143244,2
143248,3
143252,-2
143256,-2
143260,3
143264,0
143268,4
143272,1
143276,4
143280,1
143284,-3
143288,3
143292,-4
143296,2
143300,-2
143304,0
143308,0
143312,-4
143316,-5
143320,4
143324,0
143328,-3
143332,-2
143336,-1
143340,-3
143344,-3
143348,-4
143352,-4
143356,0
143360,-2
143364,-1
143368,-3
143372,5
143376,-3
143380,5
143384,3
143388,0
143392,2
143396,-3
143400,-1
143404,-4
143408,4
143412,3
143416,-2
143420,2
143424,0
143428,-4
143432,-5
143436,5
143440,1
143444,3
143448,-5
143452,3
143456,1
143460,4
143464,0
143468,-4
143472,-4
143476,-3
143480,0
143484,-2
143488,-1
143492,2
143496,0
143500,-2
143504,2
143508,-3
143512,0
143516,-4
143520,4
143524,4
143528,1
143532,4
143536,-4
143540,-5
143544,2
143548,3
143552,-2
143556,-3
143560,3
143564,4
143568,0
143572,3
143576,-5
143580,-1
143584,-3
143588,-5
143592,-5
143596,0
143600,-4
143604,0
143608,2
143612,4
143616,-5
143620,-4
143624,3
143628,5
143632,-1
143636,-1
143640,-2
143644,3
143648,-1
143652,-2
143656,-2
143660,2
143664,1
143668,-2
143672,-5
143676,3
143680,5
143684,5
143688,-5
143692,-3
143696,-3
143700,3
143704,1
143708,-2
143712,0
143716,-2
143720,0
143724,1
143728,4
143732,1
143736,0
143740,5
143744,-1
143748,4
143752,-1
143756,2
143760,0
143764,-2
143768,3
143772,-4
143776,4
143780,3
143784,-2
143788,4
143792,-4
143796,5
143800,1
143804,1
143808,-2
143812,5
143816,-2
143820,-1
143824,1
143828,-1
143832,-5
143836,0
143840,0
143844,5
143848,-3
143852,1
143856,-3
143860,-2
143864,1
143868,5
143872,4
143876,2
143880,3
143884,-5
143888,-2
143892,3
143896,-2
143900,-5
143904,2
143908,5
143912,-1
143916,5
143920,-3
143924,-3
143928,-4
143932,3
143936,0
143940,-5
143944,-5
143948,2
143952,5
143956,1
143960,2
143964,-1
143968,-3
143972,-2
143976,4
143980,1
143984,-4
143988,0
143992,-2
143996,4
144000,-5
144004,-1
144008,2
144012,-2
144016,-2
144020,-4
144024,-2
144028,0
144032,-4
144036,3
144040,5
144044,-3
144048,2
144052,3
144056,2
144060,-5
144064,-2
144068,-5
144072,2
144076,0
144080,4
144084,-1
144088,2
144092,0
144096,-3
144100,2
144104,-3
144108,-3
144112,-5
144116,1
144120,3
144124,-2
144128,3
144132,-2
144136,-2
144140,-5
144144,5
144148,-5
144152,3
144156,3
144160,-4
144164,-4
144168,-1
144172,-2
144176,3
144180,-1
144184,-5
144188,-2
144192,5
144196,-2
144200,-1
144204,3
144208,2
144212,-5
144216,-1
144220,-5
144224,0
144228,-4
144232,2
144236,-3
144240,-2
144244,3
144248,-3
144252,5
144256,-4
144260,2
144264,-4
144268,2
144272,5
144276,0
144280,-3
144284,3
144288,-3
144292,-4
144296,2
144300,-4
144304,-1
144308,3
144312,-1
144316,-1
144320,4
144324,3
144328,-1
144332,0
144336,-5
144340,-1
144344,2
144348,-3
144352,3
144356,0
144360,-3
144364,-4
144368,-3
144372,0
144376,0
144380,-2
144384,1
144388,-1
144392,-1
144396,-5
144400,2
144404,1
144408,0
144412,5
144416,0
144420,0
144424,-2
144428,5
144432,1
144436,2
144440,0
144444,2
144448,4
144452,4
144456,-4
144460,5
144464,0
144468,0
144472,1
144476,-4
144480,5
144484,0
144488,-2
144492,2
144496,-5
144500,-2
144504,-1
144508,2
144512,5
144516,0
144520,2
144524,-3
144528,-2
144532,0
144536,-5
144540,-2
144544,-1
144548,-1
144552,4
144556,-2
144560,-4
144564,1
144568,-5
144572,-1
144576,-4
144580,4
144584,4
144588,5
144592,3
144596,-4
144600,-2
144604,0
144608,4
144612,2
144616,-2
144620,1
144624,4
144628,2
144632,4
144636,-3
144640,-5
144644,1
144648,2
144652,4
144656,0
144660,0
144664,4
144668,5
144672,4
144676,4
144680,-5
144684,-3
144688,0
144692,5
144696,-5
144700,-2
144704,-3
144708,-3
144712,-3
144716,4
144720,4
144724,1
144728,-5
144732,2
144736,3
144740,-2
144744,0
144748,5
144752,-5
144756,3
144760,-4
144764,-3
144768,2
144772,-3
144776,-4
144780,-3
144784,-3
144788,3
144792,-4
144796,5
144800,-2
144804,-2
144808,3
144812,0
144816,1
144820,-1
144824,4
144828,0
144832,1
144836,-1
144840,2
144844,3
144848,-2
144852,-3
144856,-3
144860,-1
144864,3
144868,-3
144872,-4
144876,3
144880,-3
144884,3
144888,-5
144892,1
144896,-4
144900,4
144904,-1
144908,-4
144912,0
144916,-2
144920,-1
144924,1
144928,2
144932,-5
144936,3
144940,3
144944,-4
144948,4
144952,5
144956,-1
144960,-1
144964,1
144968,3
144972,1
144976,-2
144980,-5
144984,2
144988,-5
144992,-3
144996,-2
145000,-2
145004,5
145008,-4
145012,-1
145016,1
145020,-3
145024,0
145028,4
145032,4
145036,-1
145040,5
145044,0
145048,-2
145052,-1
145056,0
145060,4
145064,1
145068,-4
145072,-2
145076,3
145080,-4
145084,1
145088,5
145092,5
145096,0
145100,0
145104,3
145108,-3
145112,5
145116,-5
145120,3
145124,-1
145128,3
145132,-2
145136,-1
145140,2
145144,-3
145148,5
145152,2
145156,3
145160,4
145164,1
145168,-3
145172,-5
145176,4
145180,-3
145184,1
145188,4
145192,0
145196,-3
145200,-4
145204,0
145208,-5
145212,-4
145216,-2
145220,0
145224,0
145228,0
145232,-5
145236,4
145240,0
145244,-2
145248,-3
145252,3
145256,2
145260,-2
145264,-4
145268,1
145272,3
145276,3
145280,5
145284,-5
145288,2
145292,5
145296,-3
145300,0
145304,-5
145308,-5
145312,2
145316,-4
145320,3
145324,2
145328,-2
145332,-1
145336,-1
145340,2
145344,-2
145348,1
145352,5
145356,-1
145360,5
145364,-2
145368,-5
145372,-4
145376,2
145380,2
145384,-5
145388,5
145392,0
145396,4
145400,-1
145404,-5
145408,0
145412,1
145416,3
145420,-5
145424,-5
145428,-3
145432,1
145436,-3
145440,1
145444,-5
145448,1
145452,-3
145456,-3
145460,2
145464,0
145468,5
145472,3
145476,1
145480,0
145484,-2
145488,4
145492,-4
145496,3
145500,1
145504,0
145508,5
145512,3
145516,-4
145520,-3
145524,-1
145528,-2
145532,-3
145536,-5
145540,1
145544,0
145548,2
145552,2
145556,2
145560,-2
145564,-4
145568,1
145572,-1
145576,4
145580,5
145584,3
145588,5
145592,2
145596,2
145600,3
145604,-5
145608,2
145612,-4
145616,-2
145620,4
145624,2
145628,-5
145632,-3
145636,0
145640,-1
145644,-3
145648,3
145652,2
145656,1
145660,-2
145664,-5
145668,-1
145672,4
145676,2
145680,-2
145684,-1
145688,1
145692,4
145696,1
145700,2
145704,2
145708,2
145712,3
145716,-2
145720,4
145724,2
145728,2
145732,4
145736,1
145740,5
145744,0
145748,0
145752,4
145756,-4
145760,2
145764,-3
145768,5
145772,-5
145776,0
145780,-1
145784,4
145788,5
145792,5
145796,-5
145800,5
145804,-1
145808,1
145812,5
145816,-5
145820,5
145824,-2
145828,3
145832,0
145836,-4
145840,-2
145844,1
145848,-2
145852,5
145856,0
145860,1
145864,-4
145868,-2
145872,5
145876,5
145880,1
145884,-4
145888,0
145892,2
145896,5
145900,-3
145904,2
145908,3
145912,4
145916,-3
145920,3
145924,-5
145928,-5
145932,1
145936,-4
145940,-1
145944,-3
145948,-1
145952,-5
145956,-5
145960,1
145964,5
145968,5
145972,-3
145976,-2
145980,-1
145984,-5
145988,-3
145992,-3
145996,-1
146000,-1
146004,1
146008,-1
146012,2
146016,-5
146020,-1
146024,5
146028,-2
146032,-1
146036,4
146040,-1
146044,-5
146048,2
146052,5
146056,-2
146060,-3
146064,3
146068,-4
146072,-4
146076,-3
146080,-4
146084,-1
146088,-5
146092,0
146096,5
146100,5
146104,2
146108,-4
146112,4
146116,3
146120,-3
146124,4
146128,-3
146132,-2
146136,0
146140,-1
146144,-5
146148,3
146152,-2
146156,2
146160,-3
146164,-2
146168,-1
146172,-3
146176,2
146180,0
146184,0
146188,-5
146192,0
146196,-4
146200,-3
146204,0
146208,2
146212,1
146216,-3
146220,3
146224,0
146228,-5
146232,-1
146236,-1
146240,4
146244,5
146248,-5
146252,2
146256,-3
146260,4
146264,-5
146268,3
146272,-3
146276,-3
146280,-3
146284,2
146288,-4
146292,1
146296,-3
146300,-3
146304,-2
146308,-4
146312,5
146316,-5
146320,5
146324,-3
146328,5
146332,-1
146336,2
146340,-2
146344,0
146348,2
146352,-3
146356,5
146360,-4
146364,4
146368,1
146372,-4
146376,3
146380,-1
146384,2
146388,5
146392,-5
146396,-2
146400,3
146404,-5
146408,-4
146412,-1
146416,2
146420,3
146424,0
146428,3
146432,-3
146436,-4
146440,4
146444,-4
146448,3
146452,3
146456,0
146460,-3
146464,0
146468,2
146472,-3
146476,2
146480,-2
146484,1
146488,-5
146492,-5
146496,-2
146500,-4
146504,-3
146508,-5
146512,0
146516,1
146520,-2
146524,5
146528,3
146532,2
146536,0
146540,-4
146544,-1
146548,-3
146552,5
146556,-5
146560,-1
146564,0
146568,-2
146572,-3
146576,0
146580,5
146584,-3
146588,-1
146592,5
146596,-3
146600,2
146604,-5
146608,2
146612,-2
146616,5
146620,4
146624,1
146628,4
146632,1
146636,-1
146640,-5
146644,4
146648,3
146652,-3
146656,-4
146660,-2
146664,-5
146668,2
146672,5
146676,-1
146680,4
146684,-5
146688,-1
146692,-2
146696,-1
146700,-1
146704,2
146708,1
146712,-1
146716,-1
146720,4
146724,-1
146728,1
146732,-4
146736,2
146740,-3
146744,-1
146748,-1
146752,0
146756,5
146760,-3
146764,-3
146768,-2
146772,3
146776,-1
146780,3
146784,-2
146788,2
146792,-5
146796,1
146800,1
146804,1
146808,5
146812,2
146816,-1
146820,5
146824,4
146828,-4
146832,2
146836,-2
146840,-4
146844,-3
146848,-4
146852,-5
146856,-4
146860,-5
146864,1
146868,-4
146872,4
146876,-2
146880,0
146884,3
146888,2
146892,1
146896,-5
146900,-3
146904,0
146908,-1
146912,-2
146916,0
146920,2
146924,-5
146928,-1
146932,-4
146936,0
146940,5
146944,-4
146948,-3
146952,0
146956,5
146960,-3
146964,-5
146968,-5
146972,0
146976,4
146980,0
146984,-3
146988,-2
146992,-4
146996,-2
147000,-5
147004,2
147008,-3
147012,5
147016,-2
147020,-5
147024,5
147028,0
147032,3
147036,-5
147040,-2
147044,4
147048,0
147052,-5
147056,1
147060,-2
147064,4
147068,1
147072,1
147076,5
147080,1
147084,5
147088,4
147092,-2
147096,2
147100,1
147104,3
147108,-5
147112,-4
147116,5
147120,-2
147124,5
147128,4
147132,-3
147136,-4
147140,5
147144,0
147148,0
147152,-3
147156,-1
147160,-3
147164,5
147168,2
147172,3
147176,3
147180,3
147184,0
147188,5
147192,-2
147196,1
147200,0
147204,-4
147208,4
147212,-3
147216,3
147220,1
147224,-1
147228,-2
147232,0
147236,-4
147240,-4
147244,5
147248,-4
147252,2
147256,4
147260,2
147264,1
147268,-5
147272,2
147276,5
147280,-5
147284,-1
147288,1
147292,-3
147296,0
147300,5
147304,0
147308,1
147312,-1
147316,3
147320,2
147324,3
147328,4
147332,-3
147336,-3
147340,5
147344,-4
147348,5
147352,-4
147356,3
147360,5
147364,-2
147368,-4
147372,4
147376,1
147380,-1
147384,-5
147388,5
147392,-2
147396,0
147400,3
147404,-1
147408,-1
147412,-3
147416,-4
147420,2
147424,5
147428,-5
147432,1
147436,-5
147440,5
147444,5
147448,5
147452,0
147456,2
147460,5
147464,-4
147468,0
147472,1
147476,3
147480,-1
147484,-2
147488,-1
147492,2
147496,-5
147500,-1
147504,-5
147508,-5
147512,1
147516,1
147520,-2
147524,0
147528,5
147532,-4
147536,1
147540,-1
147544,3
147548,4
147552,-2
147556,-1
147560,-5
147564,3
147568,-5
147572,-3
147576,4
147580,1
147584,4
147588,0
147592,-5
147596,0
147600,1
147604,2
147608,2
147612,-4
147616,-4
147620,-5
147624,0
147628,-5
147632,0
147636,-3
147640,-4
147644,1
147648,4
147652,-1
147656,-2
147660,3
147664,-2
147668,2
147672,1
147676,-2
147680,0
147684,2
147688,-4
147692,-5
147696,-5
147700,-2
147704,0
147708,-3
147712,0
147716,-1
147720,4
147724,-5
147728,-3
147732,3
147736,0
147740,-4
147744,5
147748,3
147752,-1
147756,0
147760,5
147764,-1
147768,-3
147772,-2
147776,-2
147780,-4
147784,-3
147788,0
147792,-2
147796,-4
147800,-5
147804,2
147808,3
147812,4
147816,-3
147820,-1
147824,-3
147828,-2
147832,-4
147836,3
147840,-3
147844,2
147848,-2
147852,1
147856,-3
147860,4
147864,3
147868,-5
147872,0
147876,2
147880,4
147884,5
147888,2
147892,2
147896,-3
147900,4
147904,-1
147908,1
147912,2
147916,-4
147920,-4
147924,-1
147928,-4
147932,2
147936,0
147940,-4
147944,5
147948,-1
147952,4
147956,0
147960,-2
147964,2
147968,-1
147972,5
147976,-2
147980,-4
147984,1
147988,0
147992,1
147996,1
148000,-3
148004,-4
148008,5
148012,3
148016,-5
148020,-3
148024,-3
148028,4
148032,-1
148036,-5
148040,3
148044,3
148048,-2
148052,3
148056,-3
148060,-1
148064,-3
148068,3
148072,5
148076,-1
148080,4
148084,3
148088,5
148092,5
148096,5
148100,3
148104,-2
148108,4
148112,-1
148116,5
148120,-1
148124,4
148128,4
148132,-1
148136,-4
148140,-3
148144,0
148148,-4
148152,-3
148156,0
148160,4
148164,4
148168,0
148172,-4
148176,-5
148180,-5
148184,1
148188,4
148192,-2
148196,4
148200,3
148204,-4
148208,1
148212,-4
148216,-1
148220,-2
148224,-2
148228,-4
148232,2
148236,0
148240,0
148244,4
148248,-2
148252,4
148256,5
148260,-3
148264,2
148268,-2
148272,-2
148276,-1
148280,-2
148284,-1
148288,-4
148292,1
148296,3
148300,-1
148304,-3
148308,-2
148312,1
148316,4
148320,3
148324,-5
148328,4
148332,-4
148336,0
148340,-5
148344,-1
148348,5
148352,-4
148356,1
148360,3
148364,0
148368,-5
148372,3
148376,5
148380,0
148384,-3
148388,2
148392,-3
148396,-2
148400,1
148404,0
148408,0
148412,4
148416,4
148420,1
148424,3
148428,1
148432,3
148436,2
148440,5
148444,-4
148448,-4
148452,-1
148456,5
148460,4
148464,2
148468,1
148472,4
148476,-5
148480,-4
148484,-5
148488,1
148492,1
148496,3
148500,0
148504,5
148508,4
148512,1
148516,-2
148520,1
148524,-3
148528,1
148532,1
148536,-2
148540,3
148544,4
148548,5
148552,3
148556,5
148560,-3
148564,2
148568,-1
148572,4
148576,-5
148580,3
148584,1
148588,3
148592,-1
148596,-4
148600,-3
148604,0
148608,-1
148612,-3
148616,5
148620,-2
148624,0
148628,2
148632,4
148636,-4
148640,-2
148644,3
148648,-1
148652,2
148656,3
148660,1
148664,-5
148668,4
148672,-2
148676,3
148680,-4
148684,-2
148688,5
148692,-2
148696,5
148700,1
148704,4
148708,5
148712,2
148716,2
148720,-4
148724,-4
148728,4
148732,2
148736,3
148740,-5
148744,-5
148748,5
148752,0
148756,-2
148760,-3
148764,-5
148768,-1
148772,-3
148776,0
148780,-3
148784,-1
148788,0
148792,-2
148796,1
148800,2
148804,1
148808,2
148812,1
148816,-1
148820,-5
148824,2
148828,-1
148832,-2
148836,5
148840,-4
148844,-4
148848,-1
148852,-1
148856,-3
148860,2
148864,3
148868,-3
148872,4
148876,-2
148880,0
148884,3
148888,1
148892,-5
148896,3
148900,-3
148904,5
148908,4
148912,2
148916,2
148920,-4
148924,1
148928,4
148932,0
148936,0
148940,4
148944,2
148948,-1
148952,2
148956,4
148960,4
148964,-2
148968,-3
148972,0
148976,4
148980,-4
148984,1
148988,3
148992,-1
148996,-2
149000,-4
149004,2
149008,5
149012,-5
149016,5
149020,-1
149024,-5
149028,3
149032,-1
149036,-1
149040,4
149044,-5
149048,4
149052,2
149056,-3
149060,3
149064,1
149068,-1
149072,-3
149076,5
149080,0
149084,-4
149088,0
149092,4
149096,2
149100,4
149104,-5
149108,5
149112,-5
149116,4
149120,3
149124,1
149128,-5
149132,4
149136,-1
149140,-4
149144,0
149148,-1
149152,-2
149156,-1
149160,2
149164,0
149168,3
149172,-5
149176,-3
149180,4
149184,0
149188,3
149192,-3
149196,5
149200,-1
149204,0
149208,-3
149212,-1
149216,5
149220,-3
149224,4
149228,2
149232,5
149236,-3
149240,3
149244,5
149248,-5
149252,-4
149256,4
149260,2
149264,2
149268,0
149272,-1
149276,-5
149280,1
149284,1
149288,3
149292,-2
149296,2
149300,3
149304,-4
149308,3
149312,5
149316,1
149320,4
149324,1
149328,-3
149332,-4
149336,1
149340,-3
149344,-5
149348,5
149352,-2
149356,3
149360,3
149364,-1
149368,3
149372,-3
149376,3
149380,2
149384,-2
149388,1
149392,-1
149396,3
149400,-5
149404,-3
149408,0
149412,4
149416,-3
149420,-2
149424,0
149428,-3
149432,-1
149436,-4
149440,-3
149444,3
149448,3
149452,1
149456,5
149460,-2
149464,1
149468,-1
149472,5
149476,4
149480,-4
149484,5
149488,-4
149492,-2
149496,-2
149500,3
149504,0
149508,5
149512,-3
149516,-5
149520,-5
149524,-4
149528,3
149532,-2
149536,3
149540,5
149544,-4
149548,0
149552,0
149556,5
149560,-4
149564,2
149568,-3
149572,5
149576,-5
149580,-3
149584,5
149588,-4
149592,2
149596,-5
149600,-3
149604,2
149608,-4
149612,0
149616,-4
149620,-3
149624,-2
149628,4
149632,-1
149636,3
149640,3
149644,-1
149648,-2
149652,2
149656,4
149660,5
149664,-2
149668,5
149672,2
149676,-3
149680,-2
149684,5
149688,-5
149692,1
149696,2
149700,-4
149704,-4
149708,-2
149712,2
149716,0
149720,5
149724,-3
149728,-4
149732,4
149736,-1
149740,-3
149744,-5
149748,-1
149752,2
149756,-1
149760,1
149764,0
149768,0
149772,-1
149776,4
149780,-1
149784,3
149788,1
149792,3
149796,-1
149800,2
149804,3
149808,-4
149812,1
149816,0
149820,0
149824,-2
149828,4
149832,-1
149836,3
149840,4
149844,3
149848,-4
149852,2
149856,4
149860,-1
149864,5
149868,5
149872,1
149876,1
149880,-2
149884,-5
149888,1
149892,2
149896,4
149900,5
149904,-3
149908,-4
149912,-4
149916,-4
149920,-1
149924,2
149928,-1
149932,5
149936,-3
149940,-5
149944,-4
149948,-4
149952,2
149956,1
149960,-4
149964,1
149968,-5
149972,-4
149976,1
149980,4
149984,2
149988,1
149992,2
149996,-5
150000,4
150004,1
150008,-3
150012,2
150016,4
150020,-1
150024,0
150028,-2
150032,1
150036,0
150040,2
150044,-3
150048,-4
150052,2
150056,1
150060,1
150064,2
150068,4
150072,0
150076,5
150080,5
150084,-2
150088,3
150092,-3
150096,1
150100,-4
150104,-4
150108,0
150112,-3
150116,1
150120,-4
150124,2
150128,0
150132,4
150136,-3
150140,-4
150144,5
150148,-5
150152,3
150156,3
150160,0
150164,4
150168,-3
150172,4
150176,-1
150180,3
150184,1
150188,0
150192,5
150196,-2
150200,0
150204,-2
150208,-2
150212,-3
150216,3
150220,4
150224,-2
150228,5
150232,3
150236,-4
150240,4
150244,4
150248,1
150252,2
150256,2
150260,-2
150264,-5
150268,-5
150272,-2
150276,-5
150280,-5
150284,2
150288,4
150292,4
150296,4
150300,-4
150304,4
150308,3
150312,-5
150316,2
150320,-1
150324,-1
150328,-3
150332,3
150336,0
150340,-2
150344,0
150348,-4
150352,3
150356,-3
150360,-4
150364,-5
150368,0
150372,-2
150376,-5
150380,5
150384,-2
150388,-1
150392,-1
150396,2
150400,1
150404,-1
150408,-1
150412,-5
150416,0
150420,-2
150424,5
150428,5
150432,1
150436,0
150440,4
150444,3
150448,-1
150452,-3
150456,1
150460,-5
150464,0
150468,3
150472,-2
150476,1
150480,5
150484,2
150488,-1
150492,-4
150496,5
150500,-1
150504,5
150508,-2
150512,-1
150516,1
150520,-4
150524,-2
150528,-3
150532,-1
150536,4
150540,-1
150544,1
150548,-1
150552,-4
150556,1
150560,-2
150564,-4
150568,3
150572,-5
150576,-3
150580,-5
150584,-2
150588,-4
150592,-1
150596,-4
150600,5
150604,1
150608,-4
150612,-4
150616,2
150620,2
150624,2
150628,-5
150632,3
150636,-4
150640,-5
150644,-3
150648,-1
150652,-4
150656,-5
150660,1
150664,4
150668,2
150672,-2
150676,-5
150680,-1
150684,-5
150688,5
150692,-1
150696,5
150700,-4
150704,4
150708,5
150712,-3
150716,-2
150720,3
150724,5
150728,-4
150732,-2
150736,5
150740,-5
150744,-1
150748,2
150752,0
150756,1
150760,-2
150764,0
150768,-4
150772,-2
150776,-5
150780,0
150784,5
150788,-5
150792,0
150796,-4
150800,3
150804,1
150808,-5
150812,2
150816,5
150820,-4
150824,-2
150828,-5
150832,-1
150836,-2
150840,2
150844,-5
150848,-2
150852,5
150856,3
150860,3
150864,0
150868,-4
150872,-2
150876,-5
150880,-4
150884,2
150888,1
150892,-1
150896,5
150900,5
150904,3
150908,-4
150912,-2
150916,4
150920,-3
150924,4
150928,3
150932,-4
150936,1
150940,3
150944,3
150948,0
150952,4
150956,3
150960,-1
150964,5
150968,-3
150972,3
150976,2
150980,-4
150984,-4
150988,-2
150992,3
150996,2
151000,1
151004,3
151008,2
151012,3
151016,-3
151020,-2
151024,-3
151028,-1
151032,-1
151036,-1
151040,-4
151044,-2
151048,5
151052,2
151056,1
151060,1
151064,-1
151068,5
